"AD_Org_ID[Name]","ZZMigrationCode/K","IsActive","ZZArtisanCode","ZZArtisanTitle","ZZCredits","RegistrationStartDate","RegistrationEndDate","ZZCanCompleteBefore18","ZZIsTvetncv","ZZMigrateValues"
*,1,Y,"1 1",CARPENTER AND JOINER General,0,2007-01-01 00:00:00.000,2010-01-01 00:00:00.000,N,,ref:ZZLkpArtisanType:ZZArtisanType:1
*,2,Y,"10 2",MILLWRIGHT Metalliferous,0,2007-01-01 00:00:00.000,2010-01-01 00:00:00.000,N,,ref:ZZLkpArtisanType:ZZArtisanType:1
*,3,Y,"11 2",PLATER (BOILERMAKER) Metalliferous,0,2007-01-01 00:00:00.000,2010-01-01 00:00:00.000,N,,ref:ZZLkpArtisanType:ZZArtisanType:1
*,4,Y,"12 3",PLATER (BOILERMAKER) Coal,37,2007-01-01 00:00:00.000,2010-01-01 00:00:00.000,N,,ref:ZZLkpArtisanType:ZZArtisanType:1
*,5,Y,"13 3",FITTER (INCL. MACHINING) Coal,78,2007-01-01 00:00:00.000,2010-01-01 00:00:00.000,N,,ref:ZZLkpArtisanType:ZZArtisanType:1
*,6,Y,"14 3",MILLWRIGHT Coal,136,2007-01-01 00:00:00.000,2010-01-01 00:00:00.000,N,,ref:ZZLkpArtisanType:ZZArtisanType:1
*,7,Y,"15 3",PLATER (WELDER) Coal,45,2007-01-01 00:00:00.000,2010-01-01 00:00:00.000,N,,ref:ZZLkpArtisanType:ZZArtisanType:1
*,8,Y,"16 3",FITTER & TURNER Coal,88,2007-01-01 00:00:00.000,2010-01-01 00:00:00.000,N,,ref:ZZLkpArtisanType:ZZArtisanType:1
*,9,Y,"16Q160007351763",National Certificate Winding Engine Driving,127,2007-01-01 00:00:00.000,2010-01-01 00:00:00.000,N,,ref:ZZLkpArtisanType:ZZArtisanType:2;ref:ZZLkpNqfLevel:ZZNqfLevel:2;ZZTradeQualification:ZZTradeQualification_ID:6
*,10,Y,"16Q160008001764",National Certificate: Instrumentation Mechanician,99,2007-01-01 00:00:00.000,2010-01-01 00:00:00.000,N,,ref:ZZLkpArtisanType:ZZArtisanType:2;ZZTradeQualification:ZZTradeQualification_ID:13;ZZLkpOfoOccupationTree:ZZLkpOfoOccupationTree_ID:1180
*,11,Y,"16Q160008001764 (V2)",National Certificate Instrumentation Mechanician,99,2009-10-01 00:00:00.000,2012-10-01 00:00:00.000,N,,ref:ZZLkpArtisanType:ZZArtisanType:2;ref:ZZLkpNqfLevel:ZZNqfLevel:4;ZZTradeQualification:ZZTradeQualification_ID:13;ZZLkpOfoOccupationTree:ZZLkpOfoOccupationTree_ID:1180
*,12,Y,"16Q160008001764 (V3)",National Certificate Instrumentation Mechanician,99,2009-10-01 00:00:00.000,2012-10-01 00:00:00.000,N,,ref:ZZLkpArtisanType:ZZArtisanType:2;ref:ZZLkpNqfLevel:ZZNqfLevel:4;ZZTradeQualification:ZZTradeQualification_ID:13;ZZLkpOfoOccupationTree:ZZLkpOfoOccupationTree_ID:1180
*,13,Y,"16Q160008001764 (V4)",National Certificate Instrumentation Mechanician,99,2009-10-01 00:00:00.000,2012-10-01 00:00:00.000,N,,ref:ZZLkpArtisanType:ZZArtisanType:2;ref:ZZLkpNqfLevel:ZZNqfLevel:4;ZZTradeQualification:ZZTradeQualification_ID:13;ZZLkpOfoOccupationTree:ZZLkpOfoOccupationTree_ID:1180
*,14,Y,"16Q160009001273",National Certificate: Rigger Ropesman: Surface / Underground,120,2007-01-01 00:00:00.000,2012-06-30 00:00:00.000,N,,ref:ZZLkpArtisanType:ZZArtisanType:2;ZZTradeQualification:ZZTradeQualification_ID:18;ZZLkpOfoOccupationTree:ZZLkpOfoOccupationTree_ID:1079
*,15,Y,"16Q160009001273 (V2)",National Certificate: Rigger Ropesman: Surface / Underground,120,2015-07-01 00:00:00.000,2018-06-30 00:00:00.000,N,,ref:ZZLkpArtisanType:ZZArtisanType:2;ref:ZZLkpNqfLevel:ZZNqfLevel:3;ZZTradeQualification:ZZTradeQualification_ID:18;ZZLkpOfoOccupationTree:ZZLkpOfoOccupationTree_ID:1079
*,16,Y,"16Q160009001273 (V3)",National Certificate Rigger Ropesman - Surface/Underground (V3),120,2007-01-01 00:00:00.000,2010-01-01 00:00:00.000,N,,ref:ZZLkpArtisanType:ZZArtisanType:2;ref:ZZLkpNqfLevel:ZZNqfLevel:3;ZZTradeQualification:ZZTradeQualification_ID:18;ZZLkpOfoOccupationTree:ZZLkpOfoOccupationTree_ID:1079
*,17,Y,"16Q160010001273",National Certificate: Rigger Ropesman: Open Cast,120,2007-01-01 00:00:00.000,2012-06-30 00:00:00.000,N,,ref:ZZLkpArtisanType:ZZArtisanType:2;ZZTradeQualification:ZZTradeQualification_ID:18;ZZLkpOfoOccupationTree:ZZLkpOfoOccupationTree_ID:1079
*,18,Y,"16Q160010001273 (V2)",National Certificate: Rigger Ropesman: Open Cast,120,2015-07-01 00:00:00.000,2018-06-30 00:00:00.000,N,,ref:ZZLkpArtisanType:ZZArtisanType:2;ref:ZZLkpNqfLevel:ZZNqfLevel:3;ZZTradeQualification:ZZTradeQualification_ID:18;ZZLkpOfoOccupationTree:ZZLkpOfoOccupationTree_ID:1079
*,19,Y,"16Q160010001273 (V3)",National Certificate Rigger Ropesman - Opencast (V3),120,2007-01-01 00:00:00.000,2010-01-01 00:00:00.000,N,,ref:ZZLkpArtisanType:ZZArtisanType:2;ref:ZZLkpNqfLevel:ZZNqfLevel:3;ZZTradeQualification:ZZTradeQualification_ID:18
*,20,Y,"16Q160011001303",National Certificate: Diesel Mechanic: Underground Diamonds,120,2009-07-01 00:00:00.000,2012-06-30 00:00:00.000,N,,ref:ZZLkpArtisanType:ZZArtisanType:2;ZZTradeQualification:ZZTradeQualification_ID:9;ZZLkpOfoOccupationTree:ZZLkpOfoOccupationTree_ID:1105
*,21,Y,"16Q160011001303 (V2)",National Certificate: Diesel Mechanic: Underground Diamonds,120,2003-01-01 00:00:00.000,2003-01-01 00:00:00.000,N,,ref:ZZLkpArtisanType:ZZArtisanType:2;ref:ZZLkpNqfLevel:ZZNqfLevel:2;ZZTradeQualification:ZZTradeQualification_ID:9;ZZLkpOfoOccupationTree:ZZLkpOfoOccupationTree_ID:1105
*,22,Y,"16Q160011001303 (V3)",Diesel Mechanic - Underground Diamonds,120,2007-01-01 00:00:00.000,2010-01-01 00:00:00.000,N,,ref:ZZLkpArtisanType:ZZArtisanType:2;ref:ZZLkpNqfLevel:ZZNqfLevel:3;ZZTradeQualification:ZZTradeQualification_ID:9
*,23,Y,"16Q160012001623",National Certificate: Diesel Mechanic: Coal,120,2007-01-01 00:00:00.000,2012-06-30 00:00:00.000,N,,ref:ZZLkpArtisanType:ZZArtisanType:2;ZZTradeQualification:ZZTradeQualification_ID:9;ZZLkpOfoOccupationTree:ZZLkpOfoOccupationTree_ID:1105
*,24,Y,"16Q160012001623 (V2)",National Certificate: Diesel Mechanic: Coal,120,2003-02-06 00:00:00.000,2003-02-06 00:00:00.000,N,,ref:ZZLkpArtisanType:ZZArtisanType:2;ref:ZZLkpNqfLevel:ZZNqfLevel:4;ZZTradeQualification:ZZTradeQualification_ID:9;ZZLkpOfoOccupationTree:ZZLkpOfoOccupationTree_ID:1105
*,25,Y,"16Q160012001623 (V3)",National Certificate Diesel Mechanic - Coal,120,2007-01-01 00:00:00.000,2010-01-01 00:00:00.000,N,,ref:ZZLkpArtisanType:ZZArtisanType:2;ref:ZZLkpNqfLevel:ZZNqfLevel:4;ZZTradeQualification:ZZTradeQualification_ID:9
*,26,Y,"16Q160013001493",National Certificate: Diesel Mechanic: Metalliferous,120,2007-01-01 00:00:00.000,2012-06-30 00:00:00.000,N,,ref:ZZLkpArtisanType:ZZArtisanType:2;ZZTradeQualification:ZZTradeQualification_ID:9;ZZLkpOfoOccupationTree:ZZLkpOfoOccupationTree_ID:1105
*,27,Y,"16Q160013001493 (V2)",National Certificate: Diesel Mechanic: Metalliferous,120,2003-02-06 00:00:00.000,2003-02-06 00:00:00.000,N,,ref:ZZLkpArtisanType:ZZArtisanType:2;ref:ZZLkpNqfLevel:ZZNqfLevel:3;ZZTradeQualification:ZZTradeQualification_ID:9;ZZLkpOfoOccupationTree:ZZLkpOfoOccupationTree_ID:1105
*,28,Y,"16Q160013001493 (V3)",National Certificate Diesel Mechanic - Metalliferous (V3),120,2007-01-01 00:00:00.000,2010-01-01 00:00:00.000,N,,ref:ZZLkpArtisanType:ZZArtisanType:2;ref:ZZLkpNqfLevel:ZZNqfLevel:3;ZZTradeQualification:ZZTradeQualification_ID:9;ZZLkpOfoOccupationTree:ZZLkpOfoOccupationTree_ID:1105
*,29,Y,"16Q160014001373",National Certificate: Diesel Mechanic: Surface Diamonds,120,2007-01-01 00:00:00.000,2012-06-30 00:00:00.000,N,,ref:ZZLkpArtisanType:ZZArtisanType:2;ZZTradeQualification:ZZTradeQualification_ID:9;ZZLkpOfoOccupationTree:ZZLkpOfoOccupationTree_ID:1105
*,30,Y,"16Q160014001373 (V2)",National Certificate: Diesel Mechanic: Surface Diamonds,120,2015-07-01 00:00:00.000,2018-06-30 00:00:00.000,N,,ref:ZZLkpArtisanType:ZZArtisanType:2;ref:ZZLkpNqfLevel:ZZNqfLevel:3;ZZTradeQualification:ZZTradeQualification_ID:9;ZZLkpOfoOccupationTree:ZZLkpOfoOccupationTree_ID:1105
*,31,Y,"16Q160014001373 (V3)",National Certificate Diesel Mechanic - Surface Diamonds,120,2007-01-01 00:00:00.000,2010-01-01 00:00:00.000,N,,ref:ZZLkpArtisanType:ZZArtisanType:2;ref:ZZLkpNqfLevel:ZZNqfLevel:3;ZZTradeQualification:ZZTradeQualification_ID:9
*,32,Y,"16Q160015001683",National Certificate Plater/Welder - Underground Diamonds,120,2007-01-01 00:00:00.000,2012-06-30 00:00:00.000,N,,ref:ZZLkpArtisanType:ZZArtisanType:2;ZZTradeQualification:ZZTradeQualification_ID:9;ZZLkpOfoOccupationTree:ZZLkpOfoOccupationTree_ID:1070
*,33,Y,"16Q160016001333",National Certificate Plater/Welder - Coal,0,2007-01-01 00:00:00.000,2012-06-30 00:00:00.000,N,,ref:ZZLkpArtisanType:ZZArtisanType:2;ZZTradeQualification:ZZTradeQualification_ID:15;ZZLkpOfoOccupationTree:ZZLkpOfoOccupationTree_ID:1070
*,34,Y,"16Q160016001333 (V2)",National Certificate Plater/Welder - Coal,0,2015-07-01 00:00:00.000,2018-06-30 00:00:00.000,N,,ref:ZZLkpArtisanType:ZZArtisanType:2;ref:ZZLkpNqfLevel:ZZNqfLevel:3;ZZTradeQualification:ZZTradeQualification_ID:15;ZZLkpOfoOccupationTree:ZZLkpOfoOccupationTree_ID:1070
*,35,Y,"16Q160016001333 (V3)",National Certificate Plater/Welder - Coal (V3),0,2007-01-01 00:00:00.000,2010-01-01 00:00:00.000,N,,ref:ZZLkpArtisanType:ZZArtisanType:2;ref:ZZLkpNqfLevel:ZZNqfLevel:3;ZZTradeQualification:ZZTradeQualification_ID:15
*,36,Y,"16Q160017001773",National Certificate: Plater/Welder: Metalliferous,0,2007-01-01 00:00:00.000,2012-06-30 00:00:00.000,N,,ref:ZZLkpArtisanType:ZZArtisanType:2;ZZTradeQualification:ZZTradeQualification_ID:15;ZZLkpOfoOccupationTree:ZZLkpOfoOccupationTree_ID:1070
*,37,Y,"16Q160017001773 (V2)",National Certificate: Plater/Welder: Metalliferous,0,2015-07-01 00:00:00.000,2018-06-30 00:00:00.000,N,,ref:ZZLkpArtisanType:ZZArtisanType:2;ref:ZZLkpNqfLevel:ZZNqfLevel:3;ZZTradeQualification:ZZTradeQualification_ID:15;ZZLkpOfoOccupationTree:ZZLkpOfoOccupationTree_ID:1070
*,38,Y,"16Q160017001773 (V3)",National Certificate Plater/Welder - Metalliferous (V3),0,2007-01-01 00:00:00.000,2010-01-01 00:00:00.000,N,,ref:ZZLkpArtisanType:ZZArtisanType:2;ref:ZZLkpNqfLevel:ZZNqfLevel:3;ZZTradeQualification:ZZTradeQualification_ID:15;ZZLkpOfoOccupationTree:ZZLkpOfoOccupationTree_ID:1070
*,39,Y,"16Q160018001523",National Certificate: Plater/Welder: Diamonds Opencast,0,2007-01-01 00:00:00.000,2012-06-30 00:00:00.000,N,,ref:ZZLkpArtisanType:ZZArtisanType:2;ZZTradeQualification:ZZTradeQualification_ID:15;ZZLkpOfoOccupationTree:ZZLkpOfoOccupationTree_ID:1070
*,40,Y,"16Q160018001523 (V2)",National Certificate: Plater/Welder: Diamonds Opencast,0,2015-07-01 00:00:00.000,2018-06-30 00:00:00.000,N,,ref:ZZLkpArtisanType:ZZArtisanType:2;ref:ZZLkpNqfLevel:ZZNqfLevel:3;ZZTradeQualification:ZZTradeQualification_ID:15;ZZLkpOfoOccupationTree:ZZLkpOfoOccupationTree_ID:1070
*,41,Y,"16Q160018001523 (V3)",National Certificate Plater/Welder-Diamond Opencast (V3),0,2007-01-01 00:00:00.000,2010-01-01 00:00:00.000,N,,ref:ZZLkpArtisanType:ZZArtisanType:2;ref:ZZLkpNqfLevel:ZZNqfLevel:3;ZZTradeQualification:ZZTradeQualification_ID:15
*,42,Y,"16Q160018001623",National Certificate: Plater/Welder: Underground Diamonds,0,2007-01-01 00:00:00.000,2012-06-30 00:00:00.000,N,,ref:ZZLkpArtisanType:ZZArtisanType:2;ZZTradeQualification:ZZTradeQualification_ID:15;ZZLkpOfoOccupationTree:ZZLkpOfoOccupationTree_ID:1070
*,43,Y,"16Q160018001623 (V2)",National Certificate: Plater/Welder: Underground Diamonds,0,2015-07-01 00:00:00.000,2018-06-30 00:00:00.000,N,,ref:ZZLkpArtisanType:ZZArtisanType:2;ref:ZZLkpNqfLevel:ZZNqfLevel:3;ZZTradeQualification:ZZTradeQualification_ID:15;ZZLkpOfoOccupationTree:ZZLkpOfoOccupationTree_ID:1070
*,44,Y,"16Q160018001623 (V3)",National Certificate Plater/Welder - Underground Diamonds (V3),0,2007-01-01 00:00:00.000,2010-01-01 00:00:00.000,N,,ref:ZZLkpArtisanType:ZZArtisanType:2;ref:ZZLkpNqfLevel:ZZNqfLevel:3;ZZTradeQualification:ZZTradeQualification_ID:15
*,45,Y,"16Q160019001323",National Certificate: Plater/Boilermaker: Opencast,0,2007-01-01 00:00:00.000,2012-06-30 00:00:00.000,N,,ref:ZZLkpArtisanType:ZZArtisanType:2;ZZTradeQualification:ZZTradeQualification_ID:14;ZZLkpOfoOccupationTree:ZZLkpOfoOccupationTree_ID:1074
*,46,Y,"16Q160019001323 (V2)",National Certificate: Plater/Boilermaker: Opencast,0,2015-07-01 00:00:00.000,2018-06-30 00:00:00.000,N,,ref:ZZLkpArtisanType:ZZArtisanType:2;ref:ZZLkpNqfLevel:ZZNqfLevel:3;ZZTradeQualification:ZZTradeQualification_ID:14;ZZLkpOfoOccupationTree:ZZLkpOfoOccupationTree_ID:1074
*,47,Y,"16Q160019001323 (V3)",National Certificate Plater/Boilermaker  - Opencast (V3),0,2007-01-01 00:00:00.000,2010-01-01 00:00:00.000,N,,ref:ZZLkpArtisanType:ZZArtisanType:2;ref:ZZLkpNqfLevel:ZZNqfLevel:3;ZZTradeQualification:ZZTradeQualification_ID:14;ZZLkpOfoOccupationTree:ZZLkpOfoOccupationTree_ID:1074
*,48,Y,"16Q160020001343",National Certificate: Plater/Boilermaker: Coal,0,2007-01-01 00:00:00.000,2012-06-30 00:00:00.000,N,,ref:ZZLkpArtisanType:ZZArtisanType:2;ZZTradeQualification:ZZTradeQualification_ID:14;ZZLkpOfoOccupationTree:ZZLkpOfoOccupationTree_ID:1074
*,49,Y,"16Q160020001343 (V2)",National Certificate: Plater/Boilermaker: Coal,0,2015-07-01 00:00:00.000,2018-06-30 00:00:00.000,N,,ref:ZZLkpArtisanType:ZZArtisanType:2;ref:ZZLkpNqfLevel:ZZNqfLevel:3;ZZTradeQualification:ZZTradeQualification_ID:14;ZZLkpOfoOccupationTree:ZZLkpOfoOccupationTree_ID:1074
*,50,Y,"16Q160020001343 (V3)",National Certificate Plater/Boilermaker - Coal (V3),0,2007-01-01 00:00:00.000,2010-01-01 00:00:00.000,N,,ref:ZZLkpArtisanType:ZZArtisanType:2;ref:ZZLkpNqfLevel:ZZNqfLevel:3;ZZTradeQualification:ZZTradeQualification_ID:14
*,51,Y,"16Q160021001733",National Certificate: Plater/Boilermaker: Metalliferous,0,2007-01-01 00:00:00.000,2012-06-30 00:00:00.000,N,,ref:ZZLkpArtisanType:ZZArtisanType:2;ZZTradeQualification:ZZTradeQualification_ID:14;ZZLkpOfoOccupationTree:ZZLkpOfoOccupationTree_ID:1074
*,52,Y,"16Q160021001733 (V2)",National Certificate: Plater/Boilermaker: Metalliferous,0,2015-07-01 00:00:00.000,2018-06-30 00:00:00.000,N,,ref:ZZLkpArtisanType:ZZArtisanType:2;ref:ZZLkpNqfLevel:ZZNqfLevel:3;ZZTradeQualification:ZZTradeQualification_ID:14;ZZLkpOfoOccupationTree:ZZLkpOfoOccupationTree_ID:1074
*,53,Y,"16Q160021001733 (V3)",National Certificate Plater/Boiler - Metalliferous (V3),0,2007-01-01 00:00:00.000,2010-01-01 00:00:00.000,N,,ref:ZZLkpArtisanType:ZZArtisanType:2;ref:ZZLkpNqfLevel:ZZNqfLevel:3;ZZTradeQualification:ZZTradeQualification_ID:14;ZZLkpOfoOccupationTree:ZZLkpOfoOccupationTree_ID:1074
*,54,Y,"16Q160022001493",National Certificate: Plater/Boilermaker: Diamonds Open Cast,0,2007-01-01 00:00:00.000,2012-06-30 00:00:00.000,N,,ref:ZZLkpArtisanType:ZZArtisanType:2;ZZTradeQualification:ZZTradeQualification_ID:14;ZZLkpOfoOccupationTree:ZZLkpOfoOccupationTree_ID:1074
*,55,Y,"16Q160022001493 (V2)",National Certificate: Plater/Boilermaker: Diamonds Open Cast,0,2015-07-01 00:00:00.000,2018-06-30 00:00:00.000,N,,ref:ZZLkpArtisanType:ZZArtisanType:2;ref:ZZLkpNqfLevel:ZZNqfLevel:3;ZZTradeQualification:ZZTradeQualification_ID:14;ZZLkpOfoOccupationTree:ZZLkpOfoOccupationTree_ID:1074
*,56,Y,"16Q160022001493 (V3)",National Certificate Plater/Boilermaker - Diamonds Opencast (V3),0,2007-01-01 00:00:00.000,2010-01-01 00:00:00.000,N,,ref:ZZLkpArtisanType:ZZArtisanType:2;ref:ZZLkpNqfLevel:ZZNqfLevel:3;ZZTradeQualification:ZZTradeQualification_ID:14
*,57,Y,"16Q160023001273",National Certificate: Fitting (including machining) : Underground Daimonds,120,2007-01-01 00:00:00.000,2012-06-30 00:00:00.000,N,,ref:ZZLkpArtisanType:ZZArtisanType:2;ZZTradeQualification:ZZTradeQualification_ID:12;ZZLkpOfoOccupationTree:ZZLkpOfoOccupationTree_ID:1102
*,58,Y,"16Q160023001273 (V2)",National Certificate: Fitting (including machining) : Underground Daimonds,120,2015-07-01 00:00:00.000,2018-06-30 00:00:00.000,N,,ref:ZZLkpArtisanType:ZZArtisanType:2;ref:ZZLkpNqfLevel:ZZNqfLevel:3;ZZTradeQualification:ZZTradeQualification_ID:12;ZZLkpOfoOccupationTree:ZZLkpOfoOccupationTree_ID:1102
*,59,Y,"16Q160023001273 (V3)",National Certificate Fitting (including machining) - Underground Diamonds (V3),120,2007-01-01 00:00:00.000,2010-01-01 00:00:00.000,N,,ref:ZZLkpArtisanType:ZZArtisanType:2;ref:ZZLkpNqfLevel:ZZNqfLevel:3;ZZTradeQualification:ZZTradeQualification_ID:12
*,60,Y,"16Q160024001533",National Certificate: Fitting (including machining) : Underground Coal,120,2007-01-01 00:00:00.000,2012-06-30 00:00:00.000,N,,ref:ZZLkpArtisanType:ZZArtisanType:2;ZZTradeQualification:ZZTradeQualification_ID:12;ZZLkpOfoOccupationTree:ZZLkpOfoOccupationTree_ID:1102
*,61,Y,"16Q160024001533 (V2)",National Certificate: Fitting (including machining) : Underground Coal,120,2015-07-01 00:00:00.000,2018-06-30 00:00:00.000,N,,ref:ZZLkpArtisanType:ZZArtisanType:2;ref:ZZLkpNqfLevel:ZZNqfLevel:3;ZZTradeQualification:ZZTradeQualification_ID:12;ZZLkpOfoOccupationTree:ZZLkpOfoOccupationTree_ID:1102
*,62,Y,"16Q160024001533 (V3)",National Certificate Fitting (including machining)- Underground Coal (V3),120,2007-01-01 00:00:00.000,2010-01-01 00:00:00.000,N,,ref:ZZLkpArtisanType:ZZArtisanType:2;ref:ZZLkpNqfLevel:ZZNqfLevel:3;ZZTradeQualification:ZZTradeQualification_ID:12
*,63,Y,"16Q160025001283",National Certificate: Fitting (including machining) : Surface Coal,120,2007-01-01 00:00:00.000,2012-06-30 00:00:00.000,N,,ref:ZZLkpArtisanType:ZZArtisanType:2;ZZTradeQualification:ZZTradeQualification_ID:12;ZZLkpOfoOccupationTree:ZZLkpOfoOccupationTree_ID:1102
*,64,Y,"16Q160025001283 (V2)",National Certificate: Fitting (including machining) : Surface Coal,120,2015-07-01 00:00:00.000,2018-06-30 00:00:00.000,N,,ref:ZZLkpArtisanType:ZZArtisanType:2;ref:ZZLkpNqfLevel:ZZNqfLevel:3;ZZTradeQualification:ZZTradeQualification_ID:12;ZZLkpOfoOccupationTree:ZZLkpOfoOccupationTree_ID:1102
*,65,Y,"16Q160025001283 (V3)",National Certificate Fitting (including machining) - Surface Coal (V3),120,2007-01-01 00:00:00.000,2010-01-01 00:00:00.000,N,,ref:ZZLkpArtisanType:ZZArtisanType:2;ref:ZZLkpNqfLevel:ZZNqfLevel:3;ZZTradeQualification:ZZTradeQualification_ID:12
*,66,Y,"16Q160026002443",National Certificate: Fitting (including machining) : Metalliferous,120,2007-01-01 00:00:00.000,2012-06-30 00:00:00.000,N,,ref:ZZLkpArtisanType:ZZArtisanType:2;ZZTradeQualification:ZZTradeQualification_ID:12;ZZLkpOfoOccupationTree:ZZLkpOfoOccupationTree_ID:1102
*,67,Y,"16Q160026002443 (V2)",National Certificate: Fitting (including machining) : Metalliferous,120,2015-07-01 00:00:00.000,2018-06-30 00:00:00.000,N,,ref:ZZLkpArtisanType:ZZArtisanType:2;ref:ZZLkpNqfLevel:ZZNqfLevel:3;ZZTradeQualification:ZZTradeQualification_ID:12;ZZLkpOfoOccupationTree:ZZLkpOfoOccupationTree_ID:1102
*,68,Y,"16Q160026002443 (V3)",National Certificate Fitting (including machining)- Metalliferous (V3),120,2007-01-01 00:00:00.000,2010-01-01 00:00:00.000,N,,ref:ZZLkpArtisanType:ZZArtisanType:2;ref:ZZLkpNqfLevel:ZZNqfLevel:3;ZZTradeQualification:ZZTradeQualification_ID:12;ZZLkpOfoOccupationTree:ZZLkpOfoOccupationTree_ID:1102
*,69,Y,"16Q160027001203",National Certificate: Fitting (including machining) : Surface Diamonds,120,2007-01-01 00:00:00.000,2012-06-30 00:00:00.000,N,,ref:ZZLkpArtisanType:ZZArtisanType:2;ZZTradeQualification:ZZTradeQualification_ID:12;ZZLkpOfoOccupationTree:ZZLkpOfoOccupationTree_ID:1102
*,70,Y,"16Q160027001203 (V2)",National Certificate: Fitting (including machining) : Surface Diamonds,120,2015-07-01 00:00:00.000,2018-06-30 00:00:00.000,N,,ref:ZZLkpArtisanType:ZZArtisanType:2;ref:ZZLkpNqfLevel:ZZNqfLevel:3;ZZTradeQualification:ZZTradeQualification_ID:12;ZZLkpOfoOccupationTree:ZZLkpOfoOccupationTree_ID:1102
*,71,Y,"16Q160027001203 (V3)",National Certificate Fitting (including machining) - Surface Diamonds (V3),120,2007-01-01 00:00:00.000,2010-01-01 00:00:00.000,N,,ref:ZZLkpArtisanType:ZZArtisanType:2;ref:ZZLkpNqfLevel:ZZNqfLevel:3;ZZTradeQualification:ZZTradeQualification_ID:12
*,72,Y,"16q160028003394",National Certificate Millwright – Diamond,0,2007-01-01 00:00:00.000,2012-06-30 00:00:00.000,N,,ref:ZZLkpArtisanType:ZZArtisanType:2;ZZTradeQualification:ZZTradeQualification_ID:16;ZZLkpOfoOccupationTree:ZZLkpOfoOccupationTree_ID:1167
*,73,Y,"16Q160028003394 (V2)",National Certificate Millwright – Diamond,0,2015-07-01 00:00:00.000,2018-06-30 00:00:00.000,N,,ref:ZZLkpArtisanType:ZZArtisanType:2;ref:ZZLkpNqfLevel:ZZNqfLevel:4;ZZTradeQualification:ZZTradeQualification_ID:16;ZZLkpOfoOccupationTree:ZZLkpOfoOccupationTree_ID:1167
*,74,Y,"16Q160028003394 (V3)",Learnership towards Further Education and Training Certificate Millwright - Diamond (V3),0,2007-01-01 00:00:00.000,2010-01-01 00:00:00.000,N,,ref:ZZLkpArtisanType:ZZArtisanType:2
*,75,Y,"16q160029004094",National Certificate: Millwright: Coal,0,2007-01-01 00:00:00.000,2012-06-30 00:00:00.000,N,,ref:ZZLkpArtisanType:ZZArtisanType:2;ZZTradeQualification:ZZTradeQualification_ID:16;ZZLkpOfoOccupationTree:ZZLkpOfoOccupationTree_ID:1167
*,76,Y,"16Q160029004094 (V2)",National Certificate: Millwright: Coal,0,2015-07-01 00:00:00.000,2018-06-30 00:00:00.000,N,,ref:ZZLkpArtisanType:ZZArtisanType:2;ref:ZZLkpNqfLevel:ZZNqfLevel:4;ZZTradeQualification:ZZTradeQualification_ID:16;ZZLkpOfoOccupationTree:ZZLkpOfoOccupationTree_ID:1167
*,77,Y,"16Q160029004094 (V3)",National Certificate Millwright - Coal (V3),0,2007-01-01 00:00:00.000,2010-01-01 00:00:00.000,N,,ref:ZZLkpArtisanType:ZZArtisanType:2;ref:ZZLkpNqfLevel:ZZNqfLevel:4;ZZTradeQualification:ZZTradeQualification_ID:16
*,78,Y,"16q160030004444",National Certificate: Millwright: Metalliferous,0,2007-01-01 00:00:00.000,2012-06-30 00:00:00.000,N,,ref:ZZLkpArtisanType:ZZArtisanType:2;ZZTradeQualification:ZZTradeQualification_ID:16;ZZLkpOfoOccupationTree:ZZLkpOfoOccupationTree_ID:1167
*,79,Y,"16Q160030004444 (V2)",National Certificate: Millwright: Metalliferous,0,2015-07-01 00:00:00.000,2018-06-30 00:00:00.000,N,,ref:ZZLkpArtisanType:ZZArtisanType:2;ref:ZZLkpNqfLevel:ZZNqfLevel:4;ZZTradeQualification:ZZTradeQualification_ID:16;ZZLkpOfoOccupationTree:ZZLkpOfoOccupationTree_ID:1167
*,80,Y,"16Q160030004444 (V3)",National Certificate Millwright - Metalliferous (V3),0,2007-01-01 00:00:00.000,2010-01-01 00:00:00.000,N,,ref:ZZLkpArtisanType:ZZArtisanType:2;ref:ZZLkpNqfLevel:ZZNqfLevel:4;ZZTradeQualification:ZZTradeQualification_ID:16
*,81,Y,"16q160031003814",National Certificate: Millwright: Opencast,0,2007-01-01 00:00:00.000,2012-06-30 00:00:00.000,N,,ref:ZZLkpArtisanType:ZZArtisanType:2;ZZTradeQualification:ZZTradeQualification_ID:16;ZZLkpOfoOccupationTree:ZZLkpOfoOccupationTree_ID:1167
*,82,Y,"16Q160031003814 (V2)",National Certificate: Millwright: Opencast,0,2015-07-01 00:00:00.000,2018-06-30 00:00:00.000,N,,ref:ZZLkpArtisanType:ZZArtisanType:2;ref:ZZLkpNqfLevel:ZZNqfLevel:4;ZZTradeQualification:ZZTradeQualification_ID:16;ZZLkpOfoOccupationTree:ZZLkpOfoOccupationTree_ID:1167
*,83,Y,"16Q160031003814 (V3)",National Certificate Millwright - Opencast (V3),0,2007-01-01 00:00:00.000,2010-01-01 00:00:00.000,N,,ref:ZZLkpArtisanType:ZZArtisanType:2;ref:ZZLkpNqfLevel:ZZNqfLevel:4;ZZTradeQualification:ZZTradeQualification_ID:16;ZZLkpOfoOccupationTree:ZZLkpOfoOccupationTree_ID:1167
*,84,Y,"16Q160032001593",National Certificate: Fitting and Turning: Underground Diamonds,120,2007-01-01 00:00:00.000,2012-06-30 00:00:00.000,N,,ref:ZZLkpArtisanType:ZZArtisanType:2;ZZTradeQualification:ZZTradeQualification_ID:11;ZZLkpOfoOccupationTree:ZZLkpOfoOccupationTree_ID:1090
*,85,Y,"16Q160032001593 (V2)",National Certificate: Fitting and Turning: Underground Diamonds,120,2015-07-01 00:00:00.000,2018-06-30 00:00:00.000,N,,ref:ZZLkpArtisanType:ZZArtisanType:2;ref:ZZLkpNqfLevel:ZZNqfLevel:3;ZZTradeQualification:ZZTradeQualification_ID:11;ZZLkpOfoOccupationTree:ZZLkpOfoOccupationTree_ID:1090
*,86,Y,"16Q160032001593 (V3)",National Certificate Fitting &Turning (Underground Diamond) (V3),120,2007-01-01 00:00:00.000,2010-01-01 00:00:00.000,N,,ref:ZZLkpArtisanType:ZZArtisanType:2;ref:ZZLkpNqfLevel:ZZNqfLevel:3;ZZTradeQualification:ZZTradeQualification_ID:11
*,87,Y,"16Q160033001853",National Certificate: Fitting and Turning: Underground Coal,120,2007-01-01 00:00:00.000,2012-06-30 00:00:00.000,N,,ref:ZZLkpArtisanType:ZZArtisanType:2;ZZTradeQualification:ZZTradeQualification_ID:11;ZZLkpOfoOccupationTree:ZZLkpOfoOccupationTree_ID:1090
*,88,Y,"16Q160033001853 (V2)",National Certificate: Fitting and Turning: Underground Coal,120,2015-07-01 00:00:00.000,2018-06-30 00:00:00.000,N,,ref:ZZLkpArtisanType:ZZArtisanType:2;ref:ZZLkpNqfLevel:ZZNqfLevel:3;ZZTradeQualification:ZZTradeQualification_ID:11;ZZLkpOfoOccupationTree:ZZLkpOfoOccupationTree_ID:1090
*,89,Y,"16Q160033001853 (V3)",National Certificate Fitting &Turning (Underground Coal) (V3),120,2007-01-01 00:00:00.000,2010-01-01 00:00:00.000,N,,ref:ZZLkpArtisanType:ZZArtisanType:2;ref:ZZLkpNqfLevel:ZZNqfLevel:3;ZZTradeQualification:ZZTradeQualification_ID:11
*,90,Y,"16Q160034001463",National Certificate: Fitting and Turning: Surface Coal,120,2007-01-01 00:00:00.000,2012-06-30 00:00:00.000,N,,ref:ZZLkpArtisanType:ZZArtisanType:2;ZZTradeQualification:ZZTradeQualification_ID:11;ZZLkpOfoOccupationTree:ZZLkpOfoOccupationTree_ID:1090
*,91,Y,"16Q160034001463 (V2)",National Certificate: Fitting and Turning: Surface Coal,120,2015-07-01 00:00:00.000,2018-06-30 00:00:00.000,N,,ref:ZZLkpArtisanType:ZZArtisanType:2;ref:ZZLkpNqfLevel:ZZNqfLevel:3;ZZTradeQualification:ZZTradeQualification_ID:11;ZZLkpOfoOccupationTree:ZZLkpOfoOccupationTree_ID:1090
*,92,Y,"16Q160034001463 (V3)",National Certificate Fitting &Turning (Surface Coal) (V3),120,2007-01-01 00:00:00.000,2010-01-01 00:00:00.000,N,,ref:ZZLkpArtisanType:ZZArtisanType:2;ref:ZZLkpNqfLevel:ZZNqfLevel:3;ZZTradeQualification:ZZTradeQualification_ID:11
*,93,Y,"16Q160035002763",National Certificate: Fitting and Turning: Metalliferous,120,2007-01-01 00:00:00.000,2012-06-30 00:00:00.000,N,,ref:ZZLkpArtisanType:ZZArtisanType:2;ZZTradeQualification:ZZTradeQualification_ID:11;ZZLkpOfoOccupationTree:ZZLkpOfoOccupationTree_ID:1090
*,94,Y,"16Q160035002763 (V2)",National Certificate: Fitting and Turning: Metalliferous,120,2015-07-01 00:00:00.000,2018-06-30 00:00:00.000,N,,ref:ZZLkpArtisanType:ZZArtisanType:2;ref:ZZLkpNqfLevel:ZZNqfLevel:3;ZZTradeQualification:ZZTradeQualification_ID:11;ZZLkpOfoOccupationTree:ZZLkpOfoOccupationTree_ID:1090
*,95,Y,"16Q160035002763 (V3)",National Certificate Fitting &Turning (Metalliferous) (V3),120,2007-01-01 00:00:00.000,2010-01-01 00:00:00.000,N,,ref:ZZLkpArtisanType:ZZArtisanType:2;ref:ZZLkpNqfLevel:ZZNqfLevel:3;ZZTradeQualification:ZZTradeQualification_ID:11
*,96,Y,"16Q160036001403",National Certificate: Fitting and Turning: Surface Diamonds,120,2007-01-01 00:00:00.000,2012-06-30 00:00:00.000,N,,ref:ZZLkpArtisanType:ZZArtisanType:2;ZZTradeQualification:ZZTradeQualification_ID:11
*,97,Y,"16Q160036001403 (V2)",National Certificate: Fitting and Turning: Surface Diamonds,120,2015-07-01 00:00:00.000,2018-06-30 00:00:00.000,N,,ref:ZZLkpArtisanType:ZZArtisanType:2;ref:ZZLkpNqfLevel:ZZNqfLevel:3;ZZTradeQualification:ZZTradeQualification_ID:11;ZZLkpOfoOccupationTree:ZZLkpOfoOccupationTree_ID:1090
*,98,Y,"16Q160036001403 (V3)",National Certificate Fitting and Turning (Surface Diamonds) (V3),120,2007-01-01 00:00:00.000,2010-01-01 00:00:00.000,N,,ref:ZZLkpArtisanType:ZZArtisanType:2;ref:ZZLkpNqfLevel:ZZNqfLevel:3;ZZTradeQualification:ZZTradeQualification_ID:11
*,99,Y,"16Q160037003134",National Certificate: Electrical: Underground Diamonds,120,2007-01-01 00:00:00.000,2012-06-30 00:00:00.000,N,,ref:ZZLkpArtisanType:ZZArtisanType:2;ref:ZZLkpNqfLevel:ZZNqfLevel:4;ZZTradeQualification:ZZTradeQualification_ID:10;ZZLkpOfoOccupationTree:ZZLkpOfoOccupationTree_ID:1165
*,100,Y,"16Q160037003134 (V2)",National Certificate: Electrical: Underground Diamonds,120,2003-02-06 00:00:00.000,2003-02-06 00:00:00.000,N,,ref:ZZLkpArtisanType:ZZArtisanType:2;ref:ZZLkpNqfLevel:ZZNqfLevel:4;ZZTradeQualification:ZZTradeQualification_ID:10;ZZLkpOfoOccupationTree:ZZLkpOfoOccupationTree_ID:1165
*,101,Y,"16Q160037003134 (V3)",National Certificate Electrical - Underground Diamonds (V3),120,2007-01-01 00:00:00.000,2010-01-01 00:00:00.000,N,,ref:ZZLkpArtisanType:ZZArtisanType:2;ref:ZZLkpNqfLevel:ZZNqfLevel:4;ZZTradeQualification:ZZTradeQualification_ID:10
*,102,Y,"16Q160038003494",National Certificate: Electrical: Underground Coal,120,2007-01-01 00:00:00.000,2012-06-30 00:00:00.000,N,,ref:ZZLkpArtisanType:ZZArtisanType:2;ZZTradeQualification:ZZTradeQualification_ID:10;ZZLkpOfoOccupationTree:ZZLkpOfoOccupationTree_ID:1165
*,103,Y,"16Q160038003494 (V2)",National Certificate: Electrical: Underground Coal,120,2003-02-06 00:00:00.000,2003-02-06 00:00:00.000,N,,ref:ZZLkpArtisanType:ZZArtisanType:2;ref:ZZLkpNqfLevel:ZZNqfLevel:4;ZZTradeQualification:ZZTradeQualification_ID:10;ZZLkpOfoOccupationTree:ZZLkpOfoOccupationTree_ID:1165
*,104,Y,"16Q160038003494 (V3)",National Certificate Electrical - Underground Coal (V3),120,2007-01-01 00:00:00.000,2010-01-01 00:00:00.000,N,,ref:ZZLkpArtisanType:ZZArtisanType:2;ref:ZZLkpNqfLevel:ZZNqfLevel:4;ZZTradeQualification:ZZTradeQualification_ID:10
*,105,Y,"16Q160039003444",National Certificate: Electrical: Surface Coal,120,2007-01-01 00:00:00.000,2012-06-30 00:00:00.000,N,,ref:ZZLkpArtisanType:ZZArtisanType:2;ZZTradeQualification:ZZTradeQualification_ID:10;ZZLkpOfoOccupationTree:ZZLkpOfoOccupationTree_ID:1165
*,106,Y,"16Q160039003444 (V2)",National Certificate: Electrical: Surface Coal,120,2015-07-01 00:00:00.000,2018-06-30 00:00:00.000,N,,ref:ZZLkpArtisanType:ZZArtisanType:2;ref:ZZLkpNqfLevel:ZZNqfLevel:4;ZZTradeQualification:ZZTradeQualification_ID:10;ZZLkpOfoOccupationTree:ZZLkpOfoOccupationTree_ID:1165
*,107,Y,"16Q160039003444 (V3)",National Certificate Electrical - Surface Coal (V3),120,2007-01-01 00:00:00.000,2010-01-01 00:00:00.000,N,,ref:ZZLkpArtisanType:ZZArtisanType:2;ref:ZZLkpNqfLevel:ZZNqfLevel:4;ZZTradeQualification:ZZTradeQualification_ID:10
*,108,Y,"16Q160040003294",National Certificate: Electrical: Opencast,120,2007-01-01 00:00:00.000,2012-06-30 00:00:00.000,N,,ref:ZZLkpArtisanType:ZZArtisanType:2;ZZTradeQualification:ZZTradeQualification_ID:10;ZZLkpOfoOccupationTree:ZZLkpOfoOccupationTree_ID:1165
*,109,Y,"16Q160040003294 (V2)",National Certificate: Electrical: Opencast,120,2003-02-06 00:00:00.000,2003-02-06 00:00:00.000,N,,ref:ZZLkpArtisanType:ZZArtisanType:2;ref:ZZLkpNqfLevel:ZZNqfLevel:4;ZZTradeQualification:ZZTradeQualification_ID:10;ZZLkpOfoOccupationTree:ZZLkpOfoOccupationTree_ID:1165
*,110,Y,"16Q160040003294 (V3)",National Certificate Electrical - Opencast (V3),120,2007-01-01 00:00:00.000,2010-01-01 00:00:00.000,N,,ref:ZZLkpArtisanType:ZZArtisanType:2;ref:ZZLkpNqfLevel:ZZNqfLevel:4;ZZTradeQualification:ZZTradeQualification_ID:10;ZZLkpOfoOccupationTree:ZZLkpOfoOccupationTree_ID:1165
*,111,Y,"16Q160041003404",National Certificate: Electrical: Metalliferous,120,2007-01-01 00:00:00.000,2012-06-30 00:00:00.000,N,,ref:ZZLkpArtisanType:ZZArtisanType:2;ZZTradeQualification:ZZTradeQualification_ID:10;ZZLkpOfoOccupationTree:ZZLkpOfoOccupationTree_ID:1165
*,112,Y,"16Q160041003404 (V2)",National Certificate: Electrical: Metalliferous,120,2003-02-06 00:00:00.000,2003-02-06 00:00:00.000,N,,ref:ZZLkpArtisanType:ZZArtisanType:2;ref:ZZLkpNqfLevel:ZZNqfLevel:4;ZZTradeQualification:ZZTradeQualification_ID:10;ZZLkpOfoOccupationTree:ZZLkpOfoOccupationTree_ID:1165
*,113,Y,"16Q160041003404 (V3)",National Certificate Electrical - Metalliferous (V3),120,2007-01-01 00:00:00.000,2010-01-01 00:00:00.000,N,,ref:ZZLkpArtisanType:ZZArtisanType:2;ref:ZZLkpNqfLevel:ZZNqfLevel:4;ZZTradeQualification:ZZTradeQualification_ID:10;ZZLkpOfoOccupationTree:ZZLkpOfoOccupationTree_ID:1165
*,114,Y,"16Q160042003014",National Certificate: Electrical: Surface Diamonds,120,2007-01-01 00:00:00.000,2012-06-30 00:00:00.000,N,,ref:ZZLkpArtisanType:ZZArtisanType:2;ZZTradeQualification:ZZTradeQualification_ID:10;ZZLkpOfoOccupationTree:ZZLkpOfoOccupationTree_ID:1165
*,115,Y,"16Q160042003014 (V2)",National Certificate: Electrical: Surface Diamonds,120,2003-02-06 00:00:00.000,2003-02-06 00:00:00.000,N,,ref:ZZLkpArtisanType:ZZArtisanType:2;ref:ZZLkpNqfLevel:ZZNqfLevel:4;ZZTradeQualification:ZZTradeQualification_ID:10;ZZLkpOfoOccupationTree:ZZLkpOfoOccupationTree_ID:1165
*,116,Y,"16Q160042003014 (V3)",Learnership towards National Certificate Electrical - Surface Diamond (V3),120,2007-01-01 00:00:00.000,2010-01-01 00:00:00.000,N,,ref:ZZLkpArtisanType:ZZArtisanType:2;ref:ZZLkpNqfLevel:ZZNqfLevel:3;ZZTradeQualification:ZZTradeQualification_ID:10
*,117,Y,"16Q160043271593",National Certificate in Jewellery Manufacture in a Production Environment,159,2007-01-01 00:00:00.000,2010-01-01 00:00:00.000,N,,ref:ZZLkpArtisanType:ZZArtisanType:2;ref:ZZLkpNqfLevel:ZZNqfLevel:4;ZZTradeQualification:ZZTradeQualification_ID:7
*,118,Y,"16Q160044551382",National Certificate: Diamond Processing Operator: Top Sawn,120,2007-01-01 00:00:00.000,2010-01-01 00:00:00.000,N,,ref:ZZLkpArtisanType:ZZArtisanType:2;ref:ZZLkpNqfLevel:ZZNqfLevel:2;ZZTradeQualification:ZZTradeQualification_ID:8
*,119,Y,"16Q160045551462",National Certificate: Diamond Processing Operator: Bottom Sawn,120,2007-01-01 00:00:00.000,2010-01-01 00:00:00.000,N,,ref:ZZLkpArtisanType:ZZArtisanType:2;ZZTradeQualification:ZZTradeQualification_ID:8
*,120,Y,"16Q160046551462",National Certificate: Diamond Processing Operator: Bottom Makeable,120,2007-01-01 00:00:00.000,2010-01-01 00:00:00.000,N,,ref:ZZLkpArtisanType:ZZArtisanType:2;ref:ZZLkpNqfLevel:ZZNqfLevel:3;ZZTradeQualification:ZZTradeQualification_ID:8
*,121,Y,"16Q160047601632",National Certificate: Diamond Processing Operator: Top Makeable,120,2007-01-01 00:00:00.000,2010-01-01 00:00:00.000,N,,ref:ZZLkpArtisanType:ZZArtisanType:2;ref:ZZLkpNqfLevel:ZZNqfLevel:2;ZZTradeQualification:ZZTradeQualification_ID:8
*,122,Y,"16Q160050611922",National Certificate: Engineering Maintenance: Underground Hard Rock (Metalliferous) :Horizontal Transport Services,120,2007-01-01 00:00:00.000,2010-01-01 00:00:00.000,N,,ref:ZZLkpArtisanType:ZZArtisanType:2;ref:ZZLkpNqfLevel:ZZNqfLevel:3;ZZTradeQualification:ZZTradeQualification_ID:4
*,123,Y,"16Q160051001463",National Certificate: Plater/Welder: Open Cast,0,2007-01-01 00:00:00.000,2012-06-30 00:00:00.000,N,,ref:ZZLkpArtisanType:ZZArtisanType:2;ZZTradeQualification:ZZTradeQualification_ID:15;ZZLkpOfoOccupationTree:ZZLkpOfoOccupationTree_ID:1070
*,124,Y,"16Q160051001463 (V2)",National Certificate: Plater/Welder: Open Cast,0,2015-07-01 00:00:00.000,2018-06-30 00:00:00.000,N,,ref:ZZLkpArtisanType:ZZArtisanType:2;ref:ZZLkpNqfLevel:ZZNqfLevel:3;ZZTradeQualification:ZZTradeQualification_ID:15;ZZLkpOfoOccupationTree:ZZLkpOfoOccupationTree_ID:1070
*,125,Y,"16Q160051001463 (V3)",National Certificate Plater/Welder - Opencast (V3),0,2007-01-01 00:00:00.000,2010-01-01 00:00:00.000,N,,ref:ZZLkpArtisanType:ZZArtisanType:2;ref:ZZLkpNqfLevel:ZZNqfLevel:3;ZZTradeQualification:ZZTradeQualification_ID:15;ZZLkpOfoOccupationTree:ZZLkpOfoOccupationTree_ID:1070
*,126,Y,"16Q160052001463",National Certificate: Diesel Mechanic: Open Cast,120,2007-01-01 00:00:00.000,2012-06-30 00:00:00.000,N,,ref:ZZLkpArtisanType:ZZArtisanType:2;ZZTradeQualification:ZZTradeQualification_ID:9;ZZLkpOfoOccupationTree:ZZLkpOfoOccupationTree_ID:1105
*,127,Y,"16Q160052001463 (V2)",National Certificate: Diesel Mechanic: Open Cast,120,2015-07-01 00:00:00.000,2018-06-30 00:00:00.000,N,,ref:ZZLkpArtisanType:ZZArtisanType:2;ref:ZZLkpNqfLevel:ZZNqfLevel:3;ZZTradeQualification:ZZTradeQualification_ID:9;ZZLkpOfoOccupationTree:ZZLkpOfoOccupationTree_ID:1105
*,128,Y,"16Q160052001463 (V3)",National Certificate Diesel Mechanic - Open Cast (V3),120,2007-01-01 00:00:00.000,2010-01-01 00:00:00.000,N,,ref:ZZLkpArtisanType:ZZArtisanType:2;ref:ZZLkpNqfLevel:ZZNqfLevel:3;ZZTradeQualification:ZZTradeQualification_ID:9;ZZLkpOfoOccupationTree:ZZLkpOfoOccupationTree_ID:1105
*,129,Y,"16Q160053001463",National Certificate: Fitting (including machining) : Open Cast,120,2007-01-01 00:00:00.000,2012-06-30 00:00:00.000,N,,ref:ZZLkpArtisanType:ZZArtisanType:2;ZZTradeQualification:ZZTradeQualification_ID:12;ZZLkpOfoOccupationTree:ZZLkpOfoOccupationTree_ID:1102
*,130,Y,"16Q160053001463 (V2)",National Certificate: Fitting (including machining) : Open Cast,120,2015-07-01 00:00:00.000,2018-06-30 00:00:00.000,N,,ref:ZZLkpArtisanType:ZZArtisanType:2;ref:ZZLkpNqfLevel:ZZNqfLevel:3;ZZTradeQualification:ZZTradeQualification_ID:12;ZZLkpOfoOccupationTree:ZZLkpOfoOccupationTree_ID:1102
*,131,Y,"16Q160053001463 (V3)",National Certificate Fitting including Machining - Open Cast (V3),120,2007-01-01 00:00:00.000,2010-01-01 00:00:00.000,N,,ref:ZZLkpArtisanType:ZZArtisanType:2;ref:ZZLkpNqfLevel:ZZNqfLevel:3;ZZTradeQualification:ZZTradeQualification_ID:12;ZZLkpOfoOccupationTree:ZZLkpOfoOccupationTree_ID:1102
*,132,Y,"16Q160054001463",National Certificate: Fitting and Turning: Open Cast,120,2007-01-01 00:00:00.000,2012-06-30 00:00:00.000,N,,ref:ZZLkpArtisanType:ZZArtisanType:2;ZZTradeQualification:ZZTradeQualification_ID:11;ZZLkpOfoOccupationTree:ZZLkpOfoOccupationTree_ID:1090
*,133,Y,"16Q160054001463 (V2)",National Certificate: Fitting and Turning: Open Cast,120,2015-07-01 00:00:00.000,2018-06-30 00:00:00.000,N,,ref:ZZLkpArtisanType:ZZArtisanType:2;ref:ZZLkpNqfLevel:ZZNqfLevel:3;ZZTradeQualification:ZZTradeQualification_ID:11;ZZLkpOfoOccupationTree:ZZLkpOfoOccupationTree_ID:1090
*,134,Y,"16Q160054001463 (V3)",National Certificate Fitter and Turner - Open Cast (V3),120,2007-01-01 00:00:00.000,2010-01-01 00:00:00.000,N,,ref:ZZLkpArtisanType:ZZArtisanType:2;ref:ZZLkpNqfLevel:ZZNqfLevel:3;ZZTradeQualification:ZZTradeQualification_ID:11;ZZLkpOfoOccupationTree:ZZLkpOfoOccupationTree_ID:1090
*,135,Y,"16Q160055702072",National Certificate Engineering Maintenance and Repairing for Underground Coal Mining - Conventional Mining,148,2007-01-01 00:00:00.000,2011-10-20 00:00:00.000,N,,ref:ZZLkpArtisanType:ZZArtisanType:2;ZZTradeQualification:ZZTradeQualification_ID:3
*,136,Y,"16Q160056692062",National Certificate Engineering Maintenance and Repairing for Underground Coal Mining- Continuous Mining,148,2007-01-01 00:00:00.000,2011-10-20 00:00:00.000,N,,ref:ZZLkpArtisanType:ZZArtisanType:2;ZZTradeQualification:ZZTradeQualification_ID:3
*,137,Y,"16Q160058661842",National Certificate Engineering Maintenance and Repairing for Underground Coal Mining - Breaking Services,148,2007-01-01 00:00:00.000,2010-01-01 00:00:00.000,N,,ref:ZZLkpArtisanType:ZZArtisanType:2;ref:ZZLkpNqfLevel:ZZNqfLevel:2;ZZTradeQualification:ZZTradeQualification_ID:3
*,138,Y,"16Q160059991692",National Certificate: Mining Operations Underground Hard Rock Tabular,159,2007-01-01 00:00:00.000,2010-01-01 00:00:00.000,N,,ref:ZZLkpArtisanType:ZZArtisanType:2;ref:ZZLkpNqfLevel:ZZNqfLevel:2;ZZTradeQualification:ZZTradeQualification_ID:5
*,139,Y,"16Q1600746441303",National Certificate: Mining Operations: Continuous Mining Operations Underground Coal Level 3,0,2006-11-07 00:00:00.000,2009-11-07 00:00:00.000,N,,ref:ZZLkpArtisanType:ZZArtisanType:2
*,140,Y,"16Q160080421273",National Certificate in Mining Operations Underground Coal Wall Mining,0,2006-11-07 00:00:00.000,2009-11-07 00:00:00.000,N,,ref:ZZLkpArtisanType:ZZArtisanType:2
*,141,Y,"16Q160082441503",National Certificate in Mining Operations - Blasting Operation Underground Coal,120,2007-01-01 00:00:00.000,2010-01-01 00:00:00.000,N,,ref:ZZLkpArtisanType:ZZArtisanType:2;ref:ZZLkpNqfLevel:ZZNqfLevel:3;ZZTradeQualification:ZZTradeQualification_ID:2
*,142,Y,"16Q160095671292",National Certificate: Mineral Processing: Gold,129,2021-01-18 10:48:56.963,9999-12-31 23:59:59.000,N,,ref:ZZLkpArtisanType:ZZArtisanType:2;ref:ZZLkpNqfLevel:ZZNqfLevel:2;ZZTradeQualification:ZZTradeQualification_ID:19
*,143,Y,"16Q160144541202",National Certificate: Laboratory Practice: General),120,2016-10-21 09:02:27.647,9999-12-31 23:59:59.000,N,,ref:ZZLkpArtisanType:ZZArtisanType:2;ref:ZZLkpNqfLevel:ZZNqfLevel:2;ZZTradeQualification:ZZTradeQualification_ID:25
*,144,Y,"16Q160146541202",National Certificate: Laboratory Practice: Coal,120,2016-10-21 09:35:47.163,9999-12-31 23:59:59.000,N,,ref:ZZLkpArtisanType:ZZArtisanType:2;ref:ZZLkpNqfLevel:ZZNqfLevel:2;ZZTradeQualification:ZZTradeQualification_ID:25
*,145,Y,"16Q160170321263",National Certificate: Lamproom Operations,126,2014-11-27 10:41:59.877,9999-12-31 23:59:59.000,N,,ref:ZZLkpArtisanType:ZZArtisanType:2;ref:ZZLkpNqfLevel:ZZNqfLevel:3;ZZTradeQualification:ZZTradeQualification_ID:28
*,146,Y,"16Q160177511383",National Certificate: Mining Technical Support: Geology,138,2018-02-08 09:53:10.077,9999-12-31 23:59:59.000,N,,ref:ZZLkpArtisanType:ZZArtisanType:2;ref:ZZLkpNqfLevel:ZZNqfLevel:3;ZZTradeQualification:ZZTradeQualification_ID:24
*,147,Y,"16Q160179301204",Further Education and Training Certificate: Mechanical Engineering: Fitting,120,2017-02-17 15:04:38.257,9999-12-31 23:59:59.000,N,,ref:ZZLkpArtisanType:ZZArtisanType:2;ref:ZZLkpNqfLevel:ZZNqfLevel:4;ZZTradeQualification:ZZTradeQualification_ID:23;ZZLkpOfoOccupationTree:ZZLkpOfoOccupationTree_ID:1090
*,148,Y,"16Q160182451203",National Certificate: Mechanical Engineering: Fitting,120,2017-02-17 14:54:26.323,9999-12-31 23:59:59.000,N,,ref:ZZLkpArtisanType:ZZArtisanType:2;ref:ZZLkpNqfLevel:ZZNqfLevel:3;ZZTradeQualification:ZZTradeQualification_ID:21;ZZLkpOfoOccupationTree:ZZLkpOfoOccupationTree_ID:1090
*,149,Y,"16Q160183611604",Further Education Training Certificate: Exploration Geology,160,2017-02-17 14:42:46.207,9999-12-31 23:59:59.000,N,,ref:ZZLkpArtisanType:ZZArtisanType:2;ref:ZZLkpNqfLevel:ZZNqfLevel:4;ZZTradeQualification:ZZTradeQualification_ID:27
*,150,Y,"16Q160184421383",National Certificate: Mining Technical Support: Sampling,138,2017-02-28 13:42:26.980,9999-12-31 23:59:59.000,N,,ref:ZZLkpArtisanType:ZZArtisanType:2;ref:ZZLkpNqfLevel:ZZNqfLevel:3;ZZTradeQualification:ZZTradeQualification_ID:24;ZZLkpOfoOccupationTree:ZZLkpOfoOccupationTree_ID:814
*,151,Y,"16Q160185681302",National Certificate: Mechanical Engineering: Fitting,130,2017-02-17 15:16:45.680,9999-12-31 23:59:59.000,N,,ref:ZZLkpArtisanType:ZZArtisanType:2;ref:ZZLkpNqfLevel:ZZNqfLevel:2;ZZTradeQualification:ZZTradeQualification_ID:22;ZZLkpOfoOccupationTree:ZZLkpOfoOccupationTree_ID:1090
*,152,Y,"16Q160186541604",Further Education Training Certificate: Mining Geology,160,2017-02-17 14:30:15.737,9999-12-31 23:59:59.000,N,,ref:ZZLkpArtisanType:ZZArtisanType:2;ref:ZZLkpNqfLevel:ZZNqfLevel:4;ZZTradeQualification:ZZTradeQualification_ID:27
*,153,Y,"16Q160187471383",National Certificate: Mining Technical Support: Survey,138,2017-02-17 11:52:55.780,9999-12-31 23:59:59.000,N,,ref:ZZLkpArtisanType:ZZArtisanType:2;ref:ZZLkpNqfLevel:ZZNqfLevel:3;ZZTradeQualification:ZZTradeQualification_ID:24;ZZLkpOfoOccupationTree:ZZLkpOfoOccupationTree_ID:814
*,154,Y,"16Q160193001404",Further Education and Training Certificate: Laboratory Analysis: Mining and Minerals ,140,2018-01-10 09:53:25.130,9999-12-31 23:59:59.000,N,,ref:ZZLkpArtisanType:ZZArtisanType:2;ref:ZZLkpNqfLevel:ZZNqfLevel:4;ZZTradeQualification:ZZTradeQualification_ID:26
*,155,Y,"16Q160193001404",Further Education and Training: Laboratory Analysis: Mining and Minerals,140,2018-01-10 11:57:48.740,9999-12-31 23:59:59.000,N,,ref:ZZLkpArtisanType:ZZArtisanType:2;ref:ZZLkpNqfLevel:ZZNqfLevel:4;ZZTradeQualification:ZZTradeQualification_ID:26
*,156,Y,"16Q160193001404",Further Education and Training Certificate: Laboratory Analysis: Mining and Minerals,140,2017-12-05 11:39:34.410,9999-12-31 23:59:59.000,N,,ref:ZZLkpArtisanType:ZZArtisanType:2;ref:ZZLkpNqfLevel:ZZNqfLevel:4;ZZTradeQualification:ZZTradeQualification_ID:26
*,157,Y,"16Q160193001404(TESTING)",Further Education and Training Certificate: Laboratory Analysis: Mining and Minerals,140,2018-01-09 13:29:24.823,9999-12-31 23:59:59.000,N,,ref:ZZLkpArtisanType:ZZArtisanType:2;ref:ZZLkpNqfLevel:ZZNqfLevel:4;ZZTradeQualification:ZZTradeQualification_ID:26
*,158,Y,"16Q160193001404(TESTING)",Further Education and Training Certificate: Laboratory Analysis: Mining and Minerals,140,2018-01-09 14:18:53.017,9999-12-31 23:59:59.000,N,,ref:ZZLkpArtisanType:ZZArtisanType:2;ref:ZZLkpNqfLevel:ZZNqfLevel:4;ZZTradeQualification:ZZTradeQualification_ID:26
*,159,Y,"16Q160193001404(TESTING)",Further Education and Training Certificate: Laboratory Analysis: Mining and Minerals,140,2018-01-09 14:27:56.220,9999-12-31 23:59:59.000,N,,ref:ZZLkpArtisanType:ZZArtisanType:2;ref:ZZLkpNqfLevel:ZZNqfLevel:4;ZZTradeQualification:ZZTradeQualification_ID:26
*,160,Y,"17 3",ELECTRICIAN Coal,122,2007-01-01 00:00:00.000,2010-01-01 00:00:00.000,N,,ref:ZZLkpArtisanType:ZZArtisanType:1
*,161,Y,"17Q17003113135",Learnership: National Certificate in Autotronics Level 4,0,2006-11-07 00:00:00.000,2009-11-07 00:00:00.000,N,,ref:ZZLkpArtisanType:ZZArtisanType:2
*,162,Y,"18 3",DIESEL MECHANIC Coal,83,2007-01-01 00:00:00.000,2010-01-01 00:00:00.000,N,,ref:ZZLkpArtisanType:ZZArtisanType:1
*,163,Y,"19 4",MILLWRIGHT OpenCast,147,2007-01-01 00:00:00.000,2010-01-01 00:00:00.000,N,,ref:ZZLkpArtisanType:ZZArtisanType:1
*,164,Y,"2 1",MOTOR MECHANIC General,38,2007-01-01 00:00:00.000,2010-01-01 00:00:00.000,N,,ref:ZZLkpArtisanType:ZZArtisanType:1
*,165,Y,"20 4",DIESEL MECHANIC OpenCast,100,2007-01-01 00:00:00.000,2010-01-01 00:00:00.000,N,,ref:ZZLkpArtisanType:ZZArtisanType:1
*,166,Y,"21 4",PLATER (WELDER) OpenCast,69,2007-01-01 00:00:00.000,2010-01-01 00:00:00.000,N,,ref:ZZLkpArtisanType:ZZArtisanType:1
*,167,Y,"22 4",ELECTRICIAN OpenCast,147,2007-01-01 00:00:00.000,2010-01-01 00:00:00.000,N,,ref:ZZLkpArtisanType:ZZArtisanType:1
*,168,Y,"23 4",PLATER (BOILERMAKER) OpenCast,61,2007-01-01 00:00:00.000,2010-01-01 00:00:00.000,N,,ref:ZZLkpArtisanType:ZZArtisanType:1
*,169,Y,"23Q230028561404",Learnership Towards National Certificate - Supervisor,140,2007-01-01 00:00:00.000,2010-01-01 00:00:00.000,N,,ref:ZZLkpArtisanType:ZZArtisanType:2;ref:ZZLkpNqfLevel:ZZNqfLevel:4;ZZTradeQualification:ZZTradeQualification_ID:17
*,170,Y,"24 4",FITTER (INCL. MACHINING) OpenCast,89,2007-01-01 00:00:00.000,2010-01-01 00:00:00.000,N,,ref:ZZLkpArtisanType:ZZArtisanType:1;ZZTradeQualification:ZZTradeQualification_ID:12
*,171,Y,"25 4",RIGGER AND ROPESMAN OpenCast,35,2007-01-01 00:00:00.000,2010-01-01 00:00:00.000,N,,ref:ZZLkpArtisanType:ZZArtisanType:1
*,172,Y,"26 4",FITTER & TURNER OpenCast,96,2007-01-01 00:00:00.000,2010-01-01 00:00:00.000,N,,ref:ZZLkpArtisanType:ZZArtisanType:1
*,173,Y,"27 6",DIESEL MECHANIC Diamond-OpenCast,100,2007-01-01 00:00:00.000,2010-01-01 00:00:00.000,N,,ref:ZZLkpArtisanType:ZZArtisanType:1
*,174,Y,"28 5",PLATER (BOILERMAKER) Diamond,50,2007-01-01 00:00:00.000,2010-01-01 00:00:00.000,N,,ref:ZZLkpArtisanType:ZZArtisanType:1
*,175,Y,"29 5",MILLWRIGHT Diamond,151,2007-01-01 00:00:00.000,2010-01-01 00:00:00.000,N,,ref:ZZLkpArtisanType:ZZArtisanType:1
*,176,Y,"3 1",INSTRUMENT MECHANICIAN General,30,2007-01-01 00:00:00.000,2010-01-01 00:00:00.000,N,,ref:ZZLkpArtisanType:ZZArtisanType:1
*,177,Y,"30 5",FITTER (INCL. MACHINING) Diamond,106,2007-01-01 00:00:00.000,2010-01-01 00:00:00.000,N,,ref:ZZLkpArtisanType:ZZArtisanType:1
*,178,Y,"31 5",ELECTRICIAN Diamond,152,2007-01-01 00:00:00.000,2010-01-01 00:00:00.000,N,,ref:ZZLkpArtisanType:ZZArtisanType:1
*,179,Y,"32 5",PLATER (WELDER) Diamond,50,2007-01-01 00:00:00.000,2010-01-01 00:00:00.000,N,,ref:ZZLkpArtisanType:ZZArtisanType:1
*,180,Y,"33 5",FITTER & TURNER Diamond,110,2007-01-01 00:00:00.000,2010-01-01 00:00:00.000,N,,ref:ZZLkpArtisanType:ZZArtisanType:1
*,181,Y,"34 5",DIESEL MECHANIC Diamond,92,2007-01-01 00:00:00.000,2010-01-01 00:00:00.000,N,,ref:ZZLkpArtisanType:ZZArtisanType:1
*,182,Y,"35 6",ELECTRICIAN Diamond-OpenCast,152,2007-01-01 00:00:00.000,2010-01-01 00:00:00.000,N,,ref:ZZLkpArtisanType:ZZArtisanType:1
*,183,Y,"36 6",PLATER (WELDER) Diamond-OpenCast,59,2007-01-01 00:00:00.000,2010-01-01 00:00:00.000,N,,ref:ZZLkpArtisanType:ZZArtisanType:1
*,184,Y,"37 6",PLATER (BOILERMAKER) Diamond-OpenCast,59,2007-01-01 00:00:00.000,2010-01-01 00:00:00.000,N,,ref:ZZLkpArtisanType:ZZArtisanType:1
*,185,Y,"38 6",FITTER (INCL. MACHINING) Diamond-OpenCast,0,2007-01-01 00:00:00.000,2010-01-01 00:00:00.000,N,,ref:ZZLkpArtisanType:ZZArtisanType:1
*,186,Y,"39 6",FITTER & TURNER Diamond-OpenCast,93,2007-01-01 00:00:00.000,2010-01-01 00:00:00.000,N,,ref:ZZLkpArtisanType:ZZArtisanType:1
*,187,Y,"4 2",ELECTRICIAN Metalliferous,20,2007-01-01 00:00:00.000,2010-01-01 00:00:00.000,N,,ref:ZZLkpArtisanType:ZZArtisanType:1
*,188,Y,"40 1",PLUMBER General,0,2007-01-01 00:00:00.000,2010-01-01 00:00:00.000,N,,ref:ZZLkpArtisanType:ZZArtisanType:1
*,189,Y,"41 1",MASON General,0,2007-01-01 00:00:00.000,2010-01-01 00:00:00.000,N,,ref:ZZLkpArtisanType:ZZArtisanType:1
*,190,Y,"414 1",Earth Moving Equipment Mechanic,140,2007-01-01 00:00:00.000,2010-01-01 00:00:00.000,N,,ref:ZZLkpArtisanType:ZZArtisanType:1
*,191,Y,"42 1",BLACKSMITH General,0,2007-01-01 00:00:00.000,2010-01-01 00:00:00.000,N,,ref:ZZLkpArtisanType:ZZArtisanType:1
*,192,Y,"44 1",AUTO ELECTRICIAN General,0,2007-01-01 00:00:00.000,2010-01-01 00:00:00.000,N,,ref:ZZLkpArtisanType:ZZArtisanType:1
*,193,Y,"45 1",BRICKLAYER General,0,2007-01-01 00:00:00.000,2010-01-01 00:00:00.000,N,,ref:ZZLkpArtisanType:ZZArtisanType:1
*,194,Y,"46 1",DIAMOND AND JEWEL SETTING (excluding Marcasite Setting),0,2007-01-01 00:00:00.000,2012-12-01 00:00:00.000,N,,ref:ZZLkpArtisanType:ZZArtisanType:1
*,195,Y,"47 1",PRECIOUS METAL WORKING AND MOUNTING (including Diamond Mounting but excluding Marcasite Working),120,2007-01-01 00:00:00.000,2010-01-01 00:00:00.000,N,,ref:ZZLkpArtisanType:ZZArtisanType:1
*,196,Y,"48 1",DIAMOND BRILLIANDEERING,0,2007-01-01 00:00:00.000,2010-01-01 00:00:00.000,N,,ref:ZZLkpArtisanType:ZZArtisanType:1
*,197,Y,"49 1",DIAMOND CROSSWORKER,0,2007-01-01 00:00:00.000,2010-01-01 00:00:00.000,N,,ref:ZZLkpArtisanType:ZZArtisanType:1
*,198,Y,"5 2",FITTER (INCL. MACHINING) Metalliferous,106,2007-01-01 00:00:00.000,2010-01-01 00:00:00.000,N,,ref:ZZLkpArtisanType:ZZArtisanType:1
*,199,Y,"50 1",DIAMOND CUTTER,0,2007-01-01 00:00:00.000,2010-01-01 00:00:00.000,N,,ref:ZZLkpArtisanType:ZZArtisanType:1
*,200,Y,"51 1",DIAMOND SAWYER,0,2007-01-01 00:00:00.000,2010-01-01 00:00:00.000,N,,ref:ZZLkpArtisanType:ZZArtisanType:1
*,201,Y,"6 2",PLATER (WELDER) Metalliferous,0,2007-01-01 00:00:00.000,2010-01-01 00:00:00.000,N,,ref:ZZLkpArtisanType:ZZArtisanType:1
*,202,Y,"61305",Automotive electrician mining,120,2018-07-01 00:00:00.000,2023-06-30 00:00:00.000,N,,ref:ZZLkpArtisanType:ZZArtisanType:2;ZZTradeQualification:ZZTradeQualification_ID:20
*,203,Y,"7 1",RIGGER AND ROPESMAN General,55,2007-01-01 00:00:00.000,2010-01-01 00:00:00.000,N,,ref:ZZLkpArtisanType:ZZArtisanType:1
*,204,Y,"8 2",DIESEL MECHANIC Metalliferous,94,2007-01-01 00:00:00.000,2010-01-01 00:00:00.000,N,,ref:ZZLkpArtisanType:ZZArtisanType:1
*,205,Y,"9 2",FITTER & TURNER Metalliferous,111,2007-01-01 00:00:00.000,2010-01-01 00:00:00.000,N,,ref:ZZLkpArtisanType:ZZArtisanType:1
*,206,Y,"96276",Heavy Equipment Mechanic,120,2018-07-01 00:00:00.000,2023-06-30 00:00:00.000,N,,ref:ZZLkpArtisanType:ZZArtisanType:2;ZZTradeQualification:ZZTradeQualification_ID:29
*,207,Y,"96283",Goldsmith,120,2018-07-01 00:00:00.000,2023-06-30 00:00:00.000,N,,ref:ZZLkpArtisanType:ZZArtisanType:2;ZZTradeQualification:ZZTradeQualification_ID:30
*,208,Y,"96284",Diamond and gemstone setter,120,2018-07-01 00:00:00.000,2023-06-30 00:00:00.000,N,,ref:ZZLkpArtisanType:ZZArtisanType:2;ZZTradeQualification:ZZTradeQualification_ID:31
*,209,Y,"96349",Diamond Cutter,120,2018-07-01 00:00:00.000,2023-06-30 00:00:00.000,N,,ref:ZZLkpArtisanType:ZZArtisanType:2;ZZTradeQualification:ZZTradeQualification_ID:32
*,210,Y,"97388",Earth Moving Mechanic,120,2018-07-01 00:00:00.000,2023-06-30 00:00:00.000,N,,ref:ZZLkpArtisanType:ZZArtisanType:2;ZZTradeQualification:ZZTradeQualification_ID:33
*,211,Y,"16Q123456789",Test Open Cast,15,2023-10-25 00:00:00.000,2026-10-25 00:00:00.000,N,Y,ref:ZZLkpNqfLevel:ZZNqfLevel:5;ZZTradeQualification:ZZTradeQualification_ID:35;ref:ZZLkpQualityAssuranceBody:ZZQualityAssuranceBody:57
*,212,Y,"16Q987654321",Test NCV,16,2023-10-25 00:00:00.000,2026-10-25 00:00:00.000,N,Y,ref:ZZLkpNqfLevel:ZZNqfLevel:6;ref:ZZLkpQualityAssuranceBody:ZZQualityAssuranceBody:7
*,213,Y,"16Q06112023",Test Live TVET programme,120,2023-11-01 00:00:00.000,2028-11-01 00:00:00.000,N,Y,ref:ZZLkpNqfLevel:ZZNqfLevel:4;ref:ZZLkpQualityAssuranceBody:ZZQualityAssuranceBody:4
*,214,Y,TestTrade20231123,Test Trade,120,2023-10-01 00:00:00.000,2027-11-23 00:00:00.000,N,N,ref:ZZLkpNqfLevel:ZZNqfLevel:5;ZZTradeQualification:ZZTradeQualification_ID:35;ref:ZZLkpQualityAssuranceBody:ZZQualityAssuranceBody:57
*,215,Y,"671101",Eletrical,130,2024-03-13 00:00:00.000,2025-09-30 00:00:00.000,N,Y,ref:ZZLkpNqfLevel:ZZNqfLevel:4;ZZTradeQualification:ZZTradeQualification_ID:40;ZZLkpOfoOccupationTree:ZZLkpOfoOccupationTree_ID:3173;ref:ZZLkpQualityAssuranceBody:ZZQualityAssuranceBody:57
*,216,Y,"652302",Fitter and Turner,410,2024-03-01 00:00:00.000,2025-12-31 00:00:00.000,N,Y,ref:ZZLkpNqfLevel:ZZNqfLevel:4;ZZTradeQualification:ZZTradeQualification_ID:41;ref:ZZLkpQualityAssuranceBody:ZZQualityAssuranceBody:57
*,217,Y,"651302",Boilermaker,130,2024-03-01 00:00:00.000,2025-12-31 00:00:00.000,N,Y,ref:ZZLkpNqfLevel:ZZNqfLevel:4;ZZTradeQualification:ZZTradeQualification_ID:14;ref:ZZLkpQualityAssuranceBody:ZZQualityAssuranceBody:57
*,218,Y,"651202",Welder,373,2024-03-01 00:00:00.000,2025-12-31 00:00:00.000,N,Y,ref:ZZLkpNqfLevel:ZZNqfLevel:4;ZZTradeQualification:ZZTradeQualification_ID:14;ref:ZZLkpQualityAssuranceBody:ZZQualityAssuranceBody:57
*,219,Y,"653303",Mechanical Fitter,410,2024-03-01 00:00:00.000,2025-12-31 00:00:00.000,N,Y,ref:ZZLkpNqfLevel:ZZNqfLevel:4;ZZTradeQualification:ZZTradeQualification_ID:12;ref:ZZLkpQualityAssuranceBody:ZZQualityAssuranceBody:57
*,220,Y,"653306",Diesel Mechanic,540,2024-03-01 00:00:00.000,2025-12-31 00:00:00.000,N,Y,ref:ZZLkpNqfLevel:ZZNqfLevel:4;ZZTradeQualification:ZZTradeQualification_ID:9;ref:ZZLkpQualityAssuranceBody:ZZQualityAssuranceBody:57
