"AD_Org_ID[Name]","ZZQctoLearnership_ID[ZZLearnershipCode]","ZZQCTOModule_ID[ZZModuleCode]","ZZModuleType","IsActive","ZZMigrationCode/K",_LOG_
*,"16Q20231213",QModule1,Core,N,6,"<ZZQctoLearnershipModule>: Inserted GenericPO[Table=1000263ID=0] / <ZZQctoLearnershipModule>: Inserted GenericPO[Table=1000263ID=0] / "
*,"16Q202503",QModule1,Core,Y,445,"<ZZQctoLearnershipModule>: Inserted GenericPO[Table=1000263ID=0] / <ZZQctoLearnershipModule>: Inserted GenericPO[Table=1000263ID=0] / "
*,"16Q20231213",QMod3,Core,Y,1,"<ZZQctoLearnershipModule>: Inserted GenericPO[Table=1000263ID=0] / <ZZQctoLearnershipModule>: Inserted GenericPO[Table=1000263ID=0] / "
*,"16Q20231214",QMod3,Core,Y,2,"<ZZQctoLearnershipModule>: Inserted GenericPO[Table=1000263ID=0] / <ZZQctoLearnershipModule>: Inserted GenericPO[Table=1000263ID=0] / "
*,"16Q11012024",QMod3,Core,Y,7,"<ZZQctoLearnershipModule>: Inserted GenericPO[Table=1000263ID=0] / <ZZQctoLearnershipModule>: Inserted GenericPO[Table=1000263ID=0] / "
*,"16Q12012024",QMod3,Core,Y,10,"<ZZQctoLearnershipModule>: Inserted GenericPO[Table=1000263ID=0] / <ZZQctoLearnershipModule>: Inserted GenericPO[Table=1000263ID=0] / "
*,"16Q20240116",QMod3,Core,Y,12,"<ZZQctoLearnershipModule>: Inserted GenericPO[Table=1000263ID=0] / <ZZQctoLearnershipModule>: Inserted GenericPO[Table=1000263ID=0] / "
*,"28062024TEST",QMod3,Core,Y,375,"<ZZQctoLearnershipModule>: Inserted GenericPO[Table=1000263ID=0] / <ZZQctoLearnershipModule>: Inserted GenericPO[Table=1000263ID=0] / "
*,"16Q202503",QMod3,Core,Y,444,"<ZZQctoLearnershipModule>: Inserted GenericPO[Table=1000263ID=0] / <ZZQctoLearnershipModule>: Inserted GenericPO[Table=1000263ID=0] / "
*,"16Q20231213",QMod4,Elective,N,3,"<ZZQctoLearnershipModule>: Inserted GenericPO[Table=1000263ID=0] / <ZZQctoLearnershipModule>: Inserted GenericPO[Table=1000263ID=0] / "
*,"16Q20231214",QMod4,Elective,Y,4,"<ZZQctoLearnershipModule>: Inserted GenericPO[Table=1000263ID=0] / <ZZQctoLearnershipModule>: Inserted GenericPO[Table=1000263ID=0] / "
*,"16Q20231213",QMod4,Elective,Y,5,"<ZZQctoLearnershipModule>: Inserted GenericPO[Table=1000263ID=0] / <ZZQctoLearnershipModule>: Inserted GenericPO[Table=1000263ID=0] / "
*,"16Q11012024",QMod4,Elective,N,8,"<ZZQctoLearnershipModule>: Inserted GenericPO[Table=1000263ID=0] / <ZZQctoLearnershipModule>: Inserted GenericPO[Table=1000263ID=0] / "
*,"16Q11012024",QMod4,Core,Y,9,"<ZZQctoLearnershipModule>: Inserted GenericPO[Table=1000263ID=0] / <ZZQctoLearnershipModule>: Inserted GenericPO[Table=1000263ID=0] / "
*,"16Q12012024",QMod4,Elective,Y,11,"<ZZQctoLearnershipModule>: Inserted GenericPO[Table=1000263ID=0] / <ZZQctoLearnershipModule>: Inserted GenericPO[Table=1000263ID=0] / "
*,"32Q320008173954","651302000-KM-01",Core,Y,13,"<ZZQctoLearnershipModule>: Inserted GenericPO[Table=1000263ID=0] / <ZZQctoLearnershipModule>: Inserted GenericPO[Table=1000263ID=0] / "
*,"32Q320008173954","651302000-KM-01",Core,Y,29,"<ZZQctoLearnershipModule>: Inserted GenericPO[Table=1000263ID=0] / <ZZQctoLearnershipModule>: Inserted GenericPO[Table=1000263ID=0] / "
*,"32Q320008173954","651302000-KM-02",Core,Y,14,"<ZZQctoLearnershipModule>: Inserted GenericPO[Table=1000263ID=0] / <ZZQctoLearnershipModule>: Inserted GenericPO[Table=1000263ID=0] / "
*,"32Q320008173954","651302000-KM-02",Core,Y,30,"<ZZQctoLearnershipModule>: Inserted GenericPO[Table=1000263ID=0] / <ZZQctoLearnershipModule>: Inserted GenericPO[Table=1000263ID=0] / "
*,"32Q320008173954","651302000-KM-03",Core,Y,15,"<ZZQctoLearnershipModule>: Inserted GenericPO[Table=1000263ID=0] / <ZZQctoLearnershipModule>: Inserted GenericPO[Table=1000263ID=0] / "
*,"32Q320008173954","651302000-KM-03",Core,Y,31,"<ZZQctoLearnershipModule>: Inserted GenericPO[Table=1000263ID=0] / <ZZQctoLearnershipModule>: Inserted GenericPO[Table=1000263ID=0] / "
*,"32Q320008173954","651302000-KM-04",Core,Y,16,"<ZZQctoLearnershipModule>: Inserted GenericPO[Table=1000263ID=0] / <ZZQctoLearnershipModule>: Inserted GenericPO[Table=1000263ID=0] / "
*,"32Q320008173954","651302000-KM-04",Core,Y,32,"<ZZQctoLearnershipModule>: Inserted GenericPO[Table=1000263ID=0] / <ZZQctoLearnershipModule>: Inserted GenericPO[Table=1000263ID=0] / "
*,"32Q320008173954","651302000-KM-05",Core,Y,17,"<ZZQctoLearnershipModule>: Inserted GenericPO[Table=1000263ID=0] / <ZZQctoLearnershipModule>: Inserted GenericPO[Table=1000263ID=0] / "
*,"32Q320008173954","651302000-KM-05",Core,Y,33,"<ZZQctoLearnershipModule>: Inserted GenericPO[Table=1000263ID=0] / <ZZQctoLearnershipModule>: Inserted GenericPO[Table=1000263ID=0] / "
*,"32Q320008173954","651302000-KM-06",Core,Y,18,"<ZZQctoLearnershipModule>: Inserted GenericPO[Table=1000263ID=0] / <ZZQctoLearnershipModule>: Inserted GenericPO[Table=1000263ID=0] / "
*,"32Q320008173954","651302000-KM-06",Core,Y,34,"<ZZQctoLearnershipModule>: Inserted GenericPO[Table=1000263ID=0] / <ZZQctoLearnershipModule>: Inserted GenericPO[Table=1000263ID=0] / "
*,"32Q320008173954","651302000-PM-01",Core,Y,19,"<ZZQctoLearnershipModule>: Inserted GenericPO[Table=1000263ID=0] / <ZZQctoLearnershipModule>: Inserted GenericPO[Table=1000263ID=0] / "
*,"32Q320008173954","651302000-PM-01",Core,Y,35,"<ZZQctoLearnershipModule>: Inserted GenericPO[Table=1000263ID=0] / <ZZQctoLearnershipModule>: Inserted GenericPO[Table=1000263ID=0] / "
*,"32Q320008173954","651302000-PM-02",Core,Y,20,"<ZZQctoLearnershipModule>: Inserted GenericPO[Table=1000263ID=0] / <ZZQctoLearnershipModule>: Inserted GenericPO[Table=1000263ID=0] / "
*,"32Q320008173954","651302000-PM-02",Core,Y,36,"<ZZQctoLearnershipModule>: Inserted GenericPO[Table=1000263ID=0] / <ZZQctoLearnershipModule>: Inserted GenericPO[Table=1000263ID=0] / "
*,"32Q320008173954","651302000-PM-03",Core,Y,21,"<ZZQctoLearnershipModule>: Inserted GenericPO[Table=1000263ID=0] / <ZZQctoLearnershipModule>: Inserted GenericPO[Table=1000263ID=0] / "
*,"32Q320008173954","651302000-PM-03",Core,Y,37,"<ZZQctoLearnershipModule>: Inserted GenericPO[Table=1000263ID=0] / <ZZQctoLearnershipModule>: Inserted GenericPO[Table=1000263ID=0] / "
*,"32Q320008173954","651302000-PM-04",Core,Y,22,"<ZZQctoLearnershipModule>: Inserted GenericPO[Table=1000263ID=0] / <ZZQctoLearnershipModule>: Inserted GenericPO[Table=1000263ID=0] / "
*,"32Q320008173954","651302000-PM-04",Core,Y,38,"<ZZQctoLearnershipModule>: Inserted GenericPO[Table=1000263ID=0] / <ZZQctoLearnershipModule>: Inserted GenericPO[Table=1000263ID=0] / "
*,"32Q320008173954","651302000-PM-05",Core,Y,23,"<ZZQctoLearnershipModule>: Inserted GenericPO[Table=1000263ID=0] / <ZZQctoLearnershipModule>: Inserted GenericPO[Table=1000263ID=0] / "
*,"32Q320008173954","651302000-PM-05",Core,Y,39,"<ZZQctoLearnershipModule>: Inserted GenericPO[Table=1000263ID=0] / <ZZQctoLearnershipModule>: Inserted GenericPO[Table=1000263ID=0] / "
*,"32Q320008173954","651302000-WM-01",Core,Y,24,"<ZZQctoLearnershipModule>: Inserted GenericPO[Table=1000263ID=0] / <ZZQctoLearnershipModule>: Inserted GenericPO[Table=1000263ID=0] / "
*,"32Q320008173954","651302000-WM-01",Core,Y,40,"<ZZQctoLearnershipModule>: Inserted GenericPO[Table=1000263ID=0] / <ZZQctoLearnershipModule>: Inserted GenericPO[Table=1000263ID=0] / "
*,"32Q320008173954","651302000-WM-02",Core,Y,25,"<ZZQctoLearnershipModule>: Inserted GenericPO[Table=1000263ID=0] / <ZZQctoLearnershipModule>: Inserted GenericPO[Table=1000263ID=0] / "
*,"32Q320008173954","651302000-WM-02",Core,Y,41,"<ZZQctoLearnershipModule>: Inserted GenericPO[Table=1000263ID=0] / <ZZQctoLearnershipModule>: Inserted GenericPO[Table=1000263ID=0] / "
*,"32Q320008173954","651302000-WM-03",Core,Y,26,"<ZZQctoLearnershipModule>: Inserted GenericPO[Table=1000263ID=0] / <ZZQctoLearnershipModule>: Inserted GenericPO[Table=1000263ID=0] / "
*,"32Q320008173954","651302000-WM-03",Core,Y,42,"<ZZQctoLearnershipModule>: Inserted GenericPO[Table=1000263ID=0] / <ZZQctoLearnershipModule>: Inserted GenericPO[Table=1000263ID=0] / "
*,"32Q320008173954","651302000-WM-04",Core,Y,27,"<ZZQctoLearnershipModule>: Inserted GenericPO[Table=1000263ID=0] / <ZZQctoLearnershipModule>: Inserted GenericPO[Table=1000263ID=0] / "
*,"32Q320008173954","651302000-WM-04",Core,Y,43,"<ZZQctoLearnershipModule>: Inserted GenericPO[Table=1000263ID=0] / <ZZQctoLearnershipModule>: Inserted GenericPO[Table=1000263ID=0] / "
*,"32Q320008173954","651302000-WM-05",Core,Y,28,"<ZZQctoLearnershipModule>: Inserted GenericPO[Table=1000263ID=0] / <ZZQctoLearnershipModule>: Inserted GenericPO[Table=1000263ID=0] / "
*,"32Q320008173954","651302000-WM-05",Core,Y,44,"<ZZQctoLearnershipModule>: Inserted GenericPO[Table=1000263ID=0] / <ZZQctoLearnershipModule>: Inserted GenericPO[Table=1000263ID=0] / "
*,"32Q320006223604","671101000-KM-01",Core,Y,45,"<ZZQctoLearnershipModule>: Inserted GenericPO[Table=1000263ID=0] / <ZZQctoLearnershipModule>: Inserted GenericPO[Table=1000263ID=0] / "
*,"32Q320006223604","671101000-KM-02",Core,Y,46,"<ZZQctoLearnershipModule>: Inserted GenericPO[Table=1000263ID=0] / <ZZQctoLearnershipModule>: Inserted GenericPO[Table=1000263ID=0] / "
*,"32Q320006223604","671101000-KM-03",Core,Y,47,"<ZZQctoLearnershipModule>: Inserted GenericPO[Table=1000263ID=0] / <ZZQctoLearnershipModule>: Inserted GenericPO[Table=1000263ID=0] / "
*,"32Q320006223604","671101000-KM-04",Core,Y,48,"<ZZQctoLearnershipModule>: Inserted GenericPO[Table=1000263ID=0] / <ZZQctoLearnershipModule>: Inserted GenericPO[Table=1000263ID=0] / "
*,"32Q320006223604","671101000-KM-05",Core,Y,49,"<ZZQctoLearnershipModule>: Inserted GenericPO[Table=1000263ID=0] / <ZZQctoLearnershipModule>: Inserted GenericPO[Table=1000263ID=0] / "
*,"32Q320006223604","671101000-KM-06",Core,Y,50,"<ZZQctoLearnershipModule>: Inserted GenericPO[Table=1000263ID=0] / <ZZQctoLearnershipModule>: Inserted GenericPO[Table=1000263ID=0] / "
*,"32Q320006223604","671101000-KM-07",Core,Y,51,"<ZZQctoLearnershipModule>: Inserted GenericPO[Table=1000263ID=0] / <ZZQctoLearnershipModule>: Inserted GenericPO[Table=1000263ID=0] / "
*,"32Q320006223604","671101000-KM-08",Core,Y,52,"<ZZQctoLearnershipModule>: Inserted GenericPO[Table=1000263ID=0] / <ZZQctoLearnershipModule>: Inserted GenericPO[Table=1000263ID=0] / "
*,"32Q320006223604","671101000-KM-9",Core,Y,53,"<ZZQctoLearnershipModule>: Inserted GenericPO[Table=1000263ID=0] / <ZZQctoLearnershipModule>: Inserted GenericPO[Table=1000263ID=0] / "
*,"32Q320006223604","671101000-PM-01",Core,Y,54,"<ZZQctoLearnershipModule>: Inserted GenericPO[Table=1000263ID=0] / <ZZQctoLearnershipModule>: Inserted GenericPO[Table=1000263ID=0] / "
*,"32Q320006223604","671101000-PS-02",Core,Y,55,"<ZZQctoLearnershipModule>: Inserted GenericPO[Table=1000263ID=0] / <ZZQctoLearnershipModule>: Inserted GenericPO[Table=1000263ID=0] / "
*,"32Q320006223604","671101000-PS-03",Core,Y,56,"<ZZQctoLearnershipModule>: Inserted GenericPO[Table=1000263ID=0] / <ZZQctoLearnershipModule>: Inserted GenericPO[Table=1000263ID=0] / "
*,"32Q320006223604","671101000-PS-04",Core,Y,57,"<ZZQctoLearnershipModule>: Inserted GenericPO[Table=1000263ID=0] / <ZZQctoLearnershipModule>: Inserted GenericPO[Table=1000263ID=0] / "
*,"32Q320006223604","671101000-PS-05",Core,Y,58,"<ZZQctoLearnershipModule>: Inserted GenericPO[Table=1000263ID=0] / <ZZQctoLearnershipModule>: Inserted GenericPO[Table=1000263ID=0] / "
*,"32Q320006223604","671101000-PS-06",Core,Y,59,"<ZZQctoLearnershipModule>: Inserted GenericPO[Table=1000263ID=0] / <ZZQctoLearnershipModule>: Inserted GenericPO[Table=1000263ID=0] / "
*,"32Q320006223604","671101000-PS-07",Core,Y,60,"<ZZQctoLearnershipModule>: Inserted GenericPO[Table=1000263ID=0] / <ZZQctoLearnershipModule>: Inserted GenericPO[Table=1000263ID=0] / "
*,"32Q320006223604","671101000-PS-08",Core,Y,61,"<ZZQctoLearnershipModule>: Inserted GenericPO[Table=1000263ID=0] / <ZZQctoLearnershipModule>: Inserted GenericPO[Table=1000263ID=0] / "
*,"32Q320006223604","671101000-WM-01",Core,Y,62,"<ZZQctoLearnershipModule>: Inserted GenericPO[Table=1000263ID=0] / <ZZQctoLearnershipModule>: Inserted GenericPO[Table=1000263ID=0] / "
*,"32Q320006223604","671101000-WM-02",Core,Y,63,"<ZZQctoLearnershipModule>: Inserted GenericPO[Table=1000263ID=0] / <ZZQctoLearnershipModule>: Inserted GenericPO[Table=1000263ID=0] / "
*,"32Q320006223604","671101000-WM-03",Core,Y,64,"<ZZQctoLearnershipModule>: Inserted GenericPO[Table=1000263ID=0] / <ZZQctoLearnershipModule>: Inserted GenericPO[Table=1000263ID=0] / "
*,"32Q320006223604","671101000-WM-04",Core,Y,65,"<ZZQctoLearnershipModule>: Inserted GenericPO[Table=1000263ID=0] / <ZZQctoLearnershipModule>: Inserted GenericPO[Table=1000263ID=0] / "
*,"32Q320006223604","671101000-WM-05",Core,Y,66,"<ZZQctoLearnershipModule>: Inserted GenericPO[Table=1000263ID=0] / <ZZQctoLearnershipModule>: Inserted GenericPO[Table=1000263ID=0] / "
*,"32Q320014336974","671202000-KM-01",Core,Y,67,"<ZZQctoLearnershipModule>: Inserted GenericPO[Table=1000263ID=0] / <ZZQctoLearnershipModule>: Inserted GenericPO[Table=1000263ID=0] / "
*,"32Q320014336974","671202000-KM-02",Core,Y,68,"<ZZQctoLearnershipModule>: Inserted GenericPO[Table=1000263ID=0] / <ZZQctoLearnershipModule>: Inserted GenericPO[Table=1000263ID=0] / "
*,"32Q320014336974","671202000-KM-03",Core,Y,69,"<ZZQctoLearnershipModule>: Inserted GenericPO[Table=1000263ID=0] / <ZZQctoLearnershipModule>: Inserted GenericPO[Table=1000263ID=0] / "
*,"32Q320014336974","671202000-KM-04",Core,Y,70,"<ZZQctoLearnershipModule>: Inserted GenericPO[Table=1000263ID=0] / <ZZQctoLearnershipModule>: Inserted GenericPO[Table=1000263ID=0] / "
*,"32Q320014336974","671202000-KM-05",Core,Y,71,"<ZZQctoLearnershipModule>: Inserted GenericPO[Table=1000263ID=0] / <ZZQctoLearnershipModule>: Inserted GenericPO[Table=1000263ID=0] / "
*,"32Q320014336974","671202000-KM-06",Core,Y,72,"<ZZQctoLearnershipModule>: Inserted GenericPO[Table=1000263ID=0] / <ZZQctoLearnershipModule>: Inserted GenericPO[Table=1000263ID=0] / "
*,"32Q320014336974","671202000-KM-07",Core,Y,73,"<ZZQctoLearnershipModule>: Inserted GenericPO[Table=1000263ID=0] / <ZZQctoLearnershipModule>: Inserted GenericPO[Table=1000263ID=0] / "
*,"32Q320014336974","671202000-KM-08",Core,Y,74,"<ZZQctoLearnershipModule>: Inserted GenericPO[Table=1000263ID=0] / <ZZQctoLearnershipModule>: Inserted GenericPO[Table=1000263ID=0] / "
*,"32Q320014336974","671202000-KM-09",Core,Y,75,"<ZZQctoLearnershipModule>: Inserted GenericPO[Table=1000263ID=0] / <ZZQctoLearnershipModule>: Inserted GenericPO[Table=1000263ID=0] / "
*,"32Q320014336974","671202000-KM-10",Core,Y,76,"<ZZQctoLearnershipModule>: Inserted GenericPO[Table=1000263ID=0] / <ZZQctoLearnershipModule>: Inserted GenericPO[Table=1000263ID=0] / "
*,"32Q320014336974","671202000-KM-11",Core,Y,77,"<ZZQctoLearnershipModule>: Inserted GenericPO[Table=1000263ID=0] / <ZZQctoLearnershipModule>: Inserted GenericPO[Table=1000263ID=0] / "
*,"32Q320014336974","671202000-PM-01",Core,Y,78,"<ZZQctoLearnershipModule>: Inserted GenericPO[Table=1000263ID=0] / <ZZQctoLearnershipModule>: Inserted GenericPO[Table=1000263ID=0] / "
*,"32Q320014336974","671202000-PM-02",Core,Y,79,"<ZZQctoLearnershipModule>: Inserted GenericPO[Table=1000263ID=0] / <ZZQctoLearnershipModule>: Inserted GenericPO[Table=1000263ID=0] / "
*,"32Q320014336974","671202000-PM-03",Core,Y,80,"<ZZQctoLearnershipModule>: Inserted GenericPO[Table=1000263ID=0] / <ZZQctoLearnershipModule>: Inserted GenericPO[Table=1000263ID=0] / "
*,"32Q320014336974","671202000-PM-04",Core,Y,81,"<ZZQctoLearnershipModule>: Inserted GenericPO[Table=1000263ID=0] / <ZZQctoLearnershipModule>: Inserted GenericPO[Table=1000263ID=0] / "
*,"32Q320014336974","671202000-PM-05",Core,Y,82,"<ZZQctoLearnershipModule>: Inserted GenericPO[Table=1000263ID=0] / <ZZQctoLearnershipModule>: Inserted GenericPO[Table=1000263ID=0] / "
*,"32Q320014336974","671202000-PM-06",Core,Y,83,"<ZZQctoLearnershipModule>: Inserted GenericPO[Table=1000263ID=0] / <ZZQctoLearnershipModule>: Inserted GenericPO[Table=1000263ID=0] / "
*,"32Q320014336974","671202000-PM-07",Core,Y,84,"<ZZQctoLearnershipModule>: Inserted GenericPO[Table=1000263ID=0] / <ZZQctoLearnershipModule>: Inserted GenericPO[Table=1000263ID=0] / "
*,"32Q320014336974","671202000-PM-08",Core,Y,85,"<ZZQctoLearnershipModule>: Inserted GenericPO[Table=1000263ID=0] / <ZZQctoLearnershipModule>: Inserted GenericPO[Table=1000263ID=0] / "
*,"32Q320014336974","671202000-PM-09",Core,Y,86,"<ZZQctoLearnershipModule>: Inserted GenericPO[Table=1000263ID=0] / <ZZQctoLearnershipModule>: Inserted GenericPO[Table=1000263ID=0] / "
*,"32Q320014336974","671202000-PM-10",Core,Y,87,"<ZZQctoLearnershipModule>: Inserted GenericPO[Table=1000263ID=0] / <ZZQctoLearnershipModule>: Inserted GenericPO[Table=1000263ID=0] / "
*,"32Q320014336974","671202000-PM-11",Core,Y,88,"<ZZQctoLearnershipModule>: Inserted GenericPO[Table=1000263ID=0] / <ZZQctoLearnershipModule>: Inserted GenericPO[Table=1000263ID=0] / "
*,"32Q320014336974","671202000-PM-12",Core,Y,89,"<ZZQctoLearnershipModule>: Inserted GenericPO[Table=1000263ID=0] / <ZZQctoLearnershipModule>: Inserted GenericPO[Table=1000263ID=0] / "
*,"32Q320014336974","671202000-PM-13",Core,Y,90,"<ZZQctoLearnershipModule>: Inserted GenericPO[Table=1000263ID=0] / <ZZQctoLearnershipModule>: Inserted GenericPO[Table=1000263ID=0] / "
*,"32Q320014336974","671202000-PM-14",Core,Y,91,"<ZZQctoLearnershipModule>: Inserted GenericPO[Table=1000263ID=0] / <ZZQctoLearnershipModule>: Inserted GenericPO[Table=1000263ID=0] / "
*,"32Q320014336974","671202000-PM-15",Core,Y,92,"<ZZQctoLearnershipModule>: Inserted GenericPO[Table=1000263ID=0] / <ZZQctoLearnershipModule>: Inserted GenericPO[Table=1000263ID=0] / "
*,"32Q320014336974","671202000-PM-16",Core,Y,93,"<ZZQctoLearnershipModule>: Inserted GenericPO[Table=1000263ID=0] / <ZZQctoLearnershipModule>: Inserted GenericPO[Table=1000263ID=0] / "
*,"32Q320014336974","671202000-PM-17",Core,Y,94,"<ZZQctoLearnershipModule>: Inserted GenericPO[Table=1000263ID=0] / <ZZQctoLearnershipModule>: Inserted GenericPO[Table=1000263ID=0] / "
*,"32Q320014336974","671202000-WM-01",Core,Y,95,"<ZZQctoLearnershipModule>: Inserted GenericPO[Table=1000263ID=0] / <ZZQctoLearnershipModule>: Inserted GenericPO[Table=1000263ID=0] / "
*,"32Q320014336974","671202000-WM-02",Core,Y,96,"<ZZQctoLearnershipModule>: Inserted GenericPO[Table=1000263ID=0] / <ZZQctoLearnershipModule>: Inserted GenericPO[Table=1000263ID=0] / "
*,"32Q320014336974","671202000-WM-03",Core,Y,97,"<ZZQctoLearnershipModule>: Inserted GenericPO[Table=1000263ID=0] / <ZZQctoLearnershipModule>: Inserted GenericPO[Table=1000263ID=0] / "
*,"32Q320014336974","671202000-WM-04",Core,Y,98,"<ZZQctoLearnershipModule>: Inserted GenericPO[Table=1000263ID=0] / <ZZQctoLearnershipModule>: Inserted GenericPO[Table=1000263ID=0] / "
*,"32Q320014336974","671202000-WM-05",Core,Y,99,"<ZZQctoLearnershipModule>: Inserted GenericPO[Table=1000263ID=0] / <ZZQctoLearnershipModule>: Inserted GenericPO[Table=1000263ID=0] / "
*,"32Q320007335404","653306-000-01-KM-01",Core,Y,100,"<ZZQctoLearnershipModule>: Inserted GenericPO[Table=1000263ID=0] / <ZZQctoLearnershipModule>: Inserted GenericPO[Table=1000263ID=0] / "
*,"32Q320007335404","653306-000-01-KM-02",Core,Y,101,"<ZZQctoLearnershipModule>: Inserted GenericPO[Table=1000263ID=0] / <ZZQctoLearnershipModule>: Inserted GenericPO[Table=1000263ID=0] / "
*,"32Q320007335404","653306-000-01-KM-03",Core,Y,102,"<ZZQctoLearnershipModule>: Inserted GenericPO[Table=1000263ID=0] / <ZZQctoLearnershipModule>: Inserted GenericPO[Table=1000263ID=0] / "
*,"32Q320007335404","653306-000-01-KM-04",Core,Y,103,"<ZZQctoLearnershipModule>: Inserted GenericPO[Table=1000263ID=0] / <ZZQctoLearnershipModule>: Inserted GenericPO[Table=1000263ID=0] / "
*,"32Q320007335404","653306-000-01-KM-05",Core,Y,104,"<ZZQctoLearnershipModule>: Inserted GenericPO[Table=1000263ID=0] / <ZZQctoLearnershipModule>: Inserted GenericPO[Table=1000263ID=0] / "
*,"32Q320007335404","653306-000-01-KM-06",Core,Y,105,"<ZZQctoLearnershipModule>: Inserted GenericPO[Table=1000263ID=0] / <ZZQctoLearnershipModule>: Inserted GenericPO[Table=1000263ID=0] / "
*,"32Q320007335404","653306-000-01-KM-07",Core,Y,106,"<ZZQctoLearnershipModule>: Inserted GenericPO[Table=1000263ID=0] / <ZZQctoLearnershipModule>: Inserted GenericPO[Table=1000263ID=0] / "
*,"32Q320007335404","653306-000-01-KM-08",Core,Y,107,"<ZZQctoLearnershipModule>: Inserted GenericPO[Table=1000263ID=0] / <ZZQctoLearnershipModule>: Inserted GenericPO[Table=1000263ID=0] / "
*,"32Q320007335404","653306-000-01-PM-01",Core,Y,108,"<ZZQctoLearnershipModule>: Inserted GenericPO[Table=1000263ID=0] / <ZZQctoLearnershipModule>: Inserted GenericPO[Table=1000263ID=0] / "
*,"32Q320007335404","653306-000-01-PM-02",Core,Y,109,"<ZZQctoLearnershipModule>: Inserted GenericPO[Table=1000263ID=0] / <ZZQctoLearnershipModule>: Inserted GenericPO[Table=1000263ID=0] / "
*,"32Q320007335404","653306-000-01-PM-03",Core,Y,110,"<ZZQctoLearnershipModule>: Inserted GenericPO[Table=1000263ID=0] / <ZZQctoLearnershipModule>: Inserted GenericPO[Table=1000263ID=0] / "
*,"32Q320007335404","653306-000-01-PM-04",Core,Y,111,"<ZZQctoLearnershipModule>: Inserted GenericPO[Table=1000263ID=0] / <ZZQctoLearnershipModule>: Inserted GenericPO[Table=1000263ID=0] / "
*,"32Q320007335404","653306-000-01-PM-05",Core,Y,112,"<ZZQctoLearnershipModule>: Inserted GenericPO[Table=1000263ID=0] / <ZZQctoLearnershipModule>: Inserted GenericPO[Table=1000263ID=0] / "
*,"32Q320007335404","653306-000-01-PM-06",Core,Y,113,"<ZZQctoLearnershipModule>: Inserted GenericPO[Table=1000263ID=0] / <ZZQctoLearnershipModule>: Inserted GenericPO[Table=1000263ID=0] / "
*,"32Q320007335404","653306-000-01-PM-07",Core,Y,114,"<ZZQctoLearnershipModule>: Inserted GenericPO[Table=1000263ID=0] / <ZZQctoLearnershipModule>: Inserted GenericPO[Table=1000263ID=0] / "
*,"32Q320007335404","653306-000-01-PM-08",Core,Y,115,"<ZZQctoLearnershipModule>: Inserted GenericPO[Table=1000263ID=0] / <ZZQctoLearnershipModule>: Inserted GenericPO[Table=1000263ID=0] / "
*,"32Q320007335404","653306-000-01-PM-09",Core,Y,116,"<ZZQctoLearnershipModule>: Inserted GenericPO[Table=1000263ID=0] / <ZZQctoLearnershipModule>: Inserted GenericPO[Table=1000263ID=0] / "
*,"32Q320007335404","653306-000-01-PM-10",Core,Y,117,"<ZZQctoLearnershipModule>: Inserted GenericPO[Table=1000263ID=0] / <ZZQctoLearnershipModule>: Inserted GenericPO[Table=1000263ID=0] / "
*,"32Q320007335404","653306-000-01-PM-11",Core,Y,118,"<ZZQctoLearnershipModule>: Inserted GenericPO[Table=1000263ID=0] / <ZZQctoLearnershipModule>: Inserted GenericPO[Table=1000263ID=0] / "
*,"32Q320007335404","653306-000-01-PM-12",Core,Y,119,"<ZZQctoLearnershipModule>: Inserted GenericPO[Table=1000263ID=0] / <ZZQctoLearnershipModule>: Inserted GenericPO[Table=1000263ID=0] / "
*,"32Q320007335404","653306-000-01-PM-13",Core,Y,120,"<ZZQctoLearnershipModule>: Inserted GenericPO[Table=1000263ID=0] / <ZZQctoLearnershipModule>: Inserted GenericPO[Table=1000263ID=0] / "
*,"32Q320007335404","653306-000-01-PM-14",Core,Y,121,"<ZZQctoLearnershipModule>: Inserted GenericPO[Table=1000263ID=0] / <ZZQctoLearnershipModule>: Inserted GenericPO[Table=1000263ID=0] / "
*,"32Q320007335404","653306-000-01-PM-15",Core,Y,122,"<ZZQctoLearnershipModule>: Inserted GenericPO[Table=1000263ID=0] / <ZZQctoLearnershipModule>: Inserted GenericPO[Table=1000263ID=0] / "
*,"32Q320007335404","653306-000-01-PM-16",Core,Y,123,"<ZZQctoLearnershipModule>: Inserted GenericPO[Table=1000263ID=0] / <ZZQctoLearnershipModule>: Inserted GenericPO[Table=1000263ID=0] / "
*,"32Q320007335404","653306-000-01-PM-17",Core,Y,124,"<ZZQctoLearnershipModule>: Inserted GenericPO[Table=1000263ID=0] / <ZZQctoLearnershipModule>: Inserted GenericPO[Table=1000263ID=0] / "
*,"32Q320007335404","653306-000-01-PM-18",Core,Y,125,"<ZZQctoLearnershipModule>: Inserted GenericPO[Table=1000263ID=0] / <ZZQctoLearnershipModule>: Inserted GenericPO[Table=1000263ID=0] / "
*,"32Q320007335404","653306-000-01-WM-01",Core,Y,126,"<ZZQctoLearnershipModule>: Inserted GenericPO[Table=1000263ID=0] / <ZZQctoLearnershipModule>: Inserted GenericPO[Table=1000263ID=0] / "
*,"32Q320007335404","653306-000-01-WM-02",Core,Y,127,"<ZZQctoLearnershipModule>: Inserted GenericPO[Table=1000263ID=0] / <ZZQctoLearnershipModule>: Inserted GenericPO[Table=1000263ID=0] / "
*,"32Q320007335404","653306-000-01-WM-03",Core,Y,128,"<ZZQctoLearnershipModule>: Inserted GenericPO[Table=1000263ID=0] / <ZZQctoLearnershipModule>: Inserted GenericPO[Table=1000263ID=0] / "
*,"32Q320007335404","653306-000-01-WM-04",Core,Y,129,"<ZZQctoLearnershipModule>: Inserted GenericPO[Table=1000263ID=0] / <ZZQctoLearnershipModule>: Inserted GenericPO[Table=1000263ID=0] / "
*,"32Q320007335404","653306-000-01-WM-05",Core,Y,130,"<ZZQctoLearnershipModule>: Inserted GenericPO[Table=1000263ID=0] / <ZZQctoLearnershipModule>: Inserted GenericPO[Table=1000263ID=0] / "
*,"32Q320007335404","653306-000-01-WM-07",Core,Y,131,"<ZZQctoLearnershipModule>: Inserted GenericPO[Table=1000263ID=0] / <ZZQctoLearnershipModule>: Inserted GenericPO[Table=1000263ID=0] / "
*,"32Q320007335404","653306-000-01-WM-08",Core,Y,132,"<ZZQctoLearnershipModule>: Inserted GenericPO[Table=1000263ID=0] / <ZZQctoLearnershipModule>: Inserted GenericPO[Table=1000263ID=0] / "
*,"32Q320007335404","653306-000-01-WM-09",Core,Y,133,"<ZZQctoLearnershipModule>: Inserted GenericPO[Table=1000263ID=0] / <ZZQctoLearnershipModule>: Inserted GenericPO[Table=1000263ID=0] / "
*,"32Q320007335404","653306-000-01-WM-10",Core,Y,134,"<ZZQctoLearnershipModule>: Inserted GenericPO[Table=1000263ID=0] / <ZZQctoLearnershipModule>: Inserted GenericPO[Table=1000263ID=0] / "
*,"32Q320007335404","653306-000-01-WM-11",Core,Y,135,"<ZZQctoLearnershipModule>: Inserted GenericPO[Table=1000263ID=0] / <ZZQctoLearnershipModule>: Inserted GenericPO[Table=1000263ID=0] / "
*,"32Q320007335404","653306-000-01-WM-12",Core,Y,136,"<ZZQctoLearnershipModule>: Inserted GenericPO[Table=1000263ID=0] / <ZZQctoLearnershipModule>: Inserted GenericPO[Table=1000263ID=0] / "
*,"32Q320007335404","653306-000-01-WM-13",Core,Y,137,"<ZZQctoLearnershipModule>: Inserted GenericPO[Table=1000263ID=0] / <ZZQctoLearnershipModule>: Inserted GenericPO[Table=1000263ID=0] / "
*,"32Q320007335404","653306-000-01-WM-14",Core,Y,138,"<ZZQctoLearnershipModule>: Inserted GenericPO[Table=1000263ID=0] / <ZZQctoLearnershipModule>: Inserted GenericPO[Table=1000263ID=0] / "
*,"32Q320007335404","653306-000-01-WM-06",Core,Y,139,"<ZZQctoLearnershipModule>: Inserted GenericPO[Table=1000263ID=0] / <ZZQctoLearnershipModule>: Inserted GenericPO[Table=1000263ID=0] / "
*,"16Q160176005754","661301-KM-01-KT01",Core,Y,140,"<ZZQctoLearnershipModule>: Inserted GenericPO[Table=1000263ID=0] / <ZZQctoLearnershipModule>: Inserted GenericPO[Table=1000263ID=0] / "
*,"16Q160176005754","661301-KM-02",Core,Y,141,"<ZZQctoLearnershipModule>: Inserted GenericPO[Table=1000263ID=0] / <ZZQctoLearnershipModule>: Inserted GenericPO[Table=1000263ID=0] / "
*,"16Q160176005754","661301-KM-03",Core,Y,142,"<ZZQctoLearnershipModule>: Inserted GenericPO[Table=1000263ID=0] / <ZZQctoLearnershipModule>: Inserted GenericPO[Table=1000263ID=0] / "
*,"16Q160176005754","661301-KM-04",Core,Y,143,"<ZZQctoLearnershipModule>: Inserted GenericPO[Table=1000263ID=0] / <ZZQctoLearnershipModule>: Inserted GenericPO[Table=1000263ID=0] / "
*,"16Q160176005754","661301-PM-01",Core,Y,144,"<ZZQctoLearnershipModule>: Inserted GenericPO[Table=1000263ID=0] / <ZZQctoLearnershipModule>: Inserted GenericPO[Table=1000263ID=0] / "
*,"16Q160176005754","661301-PM-02",Core,Y,145,"<ZZQctoLearnershipModule>: Inserted GenericPO[Table=1000263ID=0] / <ZZQctoLearnershipModule>: Inserted GenericPO[Table=1000263ID=0] / "
*,"16Q160176005754","661301-PM-03",Core,Y,146,"<ZZQctoLearnershipModule>: Inserted GenericPO[Table=1000263ID=0] / <ZZQctoLearnershipModule>: Inserted GenericPO[Table=1000263ID=0] / "
*,"16Q160176005754","661301-PM-04",Core,Y,147,"<ZZQctoLearnershipModule>: Inserted GenericPO[Table=1000263ID=0] / <ZZQctoLearnershipModule>: Inserted GenericPO[Table=1000263ID=0] / "
*,"16Q160176005754","661301-PM-05",Core,Y,148,"<ZZQctoLearnershipModule>: Inserted GenericPO[Table=1000263ID=0] / <ZZQctoLearnershipModule>: Inserted GenericPO[Table=1000263ID=0] / "
*,"16Q160176005754","661301-PM-06",Core,Y,149,"<ZZQctoLearnershipModule>: Inserted GenericPO[Table=1000263ID=0] / <ZZQctoLearnershipModule>: Inserted GenericPO[Table=1000263ID=0] / "
*,"16Q160176005754","661301-PM-07",Core,Y,150,"<ZZQctoLearnershipModule>: Inserted GenericPO[Table=1000263ID=0] / <ZZQctoLearnershipModule>: Inserted GenericPO[Table=1000263ID=0] / "
*,"16Q160176005754","661301-PM-08",Core,Y,151,"<ZZQctoLearnershipModule>: Inserted GenericPO[Table=1000263ID=0] / <ZZQctoLearnershipModule>: Inserted GenericPO[Table=1000263ID=0] / "
*,"16Q160176005754","661301-PM-09",Core,Y,152,"<ZZQctoLearnershipModule>: Inserted GenericPO[Table=1000263ID=0] / <ZZQctoLearnershipModule>: Inserted GenericPO[Table=1000263ID=0] / "
*,"16Q160176005754","661301-PM-10",Core,Y,153,"<ZZQctoLearnershipModule>: Inserted GenericPO[Table=1000263ID=0] / <ZZQctoLearnershipModule>: Inserted GenericPO[Table=1000263ID=0] / "
*,"16Q160176005754","661301-WM-01",Core,Y,154,"<ZZQctoLearnershipModule>: Inserted GenericPO[Table=1000263ID=0] / <ZZQctoLearnershipModule>: Inserted GenericPO[Table=1000263ID=0] / "
*,"16Q160176005754","661301-WM-02",Core,Y,155,"<ZZQctoLearnershipModule>: Inserted GenericPO[Table=1000263ID=0] / <ZZQctoLearnershipModule>: Inserted GenericPO[Table=1000263ID=0] / "
*,"16Q160176005754","661301-WM-03",Core,Y,156,"<ZZQctoLearnershipModule>: Inserted GenericPO[Table=1000263ID=0] / <ZZQctoLearnershipModule>: Inserted GenericPO[Table=1000263ID=0] / "
*,"16Q160176005754","661301-WM-04",Core,Y,157,"<ZZQctoLearnershipModule>: Inserted GenericPO[Table=1000263ID=0] / <ZZQctoLearnershipModule>: Inserted GenericPO[Table=1000263ID=0] / "
*,"16Q160176005754","661301-WM-05",Core,Y,158,"<ZZQctoLearnershipModule>: Inserted GenericPO[Table=1000263ID=0] / <ZZQctoLearnershipModule>: Inserted GenericPO[Table=1000263ID=0] / "
*,"16Q160176005754","661301-WM-06",Core,Y,159,"<ZZQctoLearnershipModule>: Inserted GenericPO[Table=1000263ID=0] / <ZZQctoLearnershipModule>: Inserted GenericPO[Table=1000263ID=0] / "
*,"16Q160176005754","661301-WM-07",Core,Y,160,"<ZZQctoLearnershipModule>: Inserted GenericPO[Table=1000263ID=0] / <ZZQctoLearnershipModule>: Inserted GenericPO[Table=1000263ID=0] / "
*,"16Q160176005754","661301-WM-08",Core,Y,161,"<ZZQctoLearnershipModule>: Inserted GenericPO[Table=1000263ID=0] / <ZZQctoLearnershipModule>: Inserted GenericPO[Table=1000263ID=0] / "
*,"16Q160176005754","661301-WM-09",Core,Y,162,"<ZZQctoLearnershipModule>: Inserted GenericPO[Table=1000263ID=0] / <ZZQctoLearnershipModule>: Inserted GenericPO[Table=1000263ID=0] / "
*,"16Q118092","661302-000-00-00-KM-01",Core,Y,163,"<ZZQctoLearnershipModule>: Inserted GenericPO[Table=1000263ID=0] / <ZZQctoLearnershipModule>: Inserted GenericPO[Table=1000263ID=0] / "
*,"16Q118092","661302-000-00-00-KM-02",Core,Y,164,"<ZZQctoLearnershipModule>: Inserted GenericPO[Table=1000263ID=0] / <ZZQctoLearnershipModule>: Inserted GenericPO[Table=1000263ID=0] / "
*,"16Q118092","661302-000-00-00-KM-03",Core,Y,165,"<ZZQctoLearnershipModule>: Inserted GenericPO[Table=1000263ID=0] / <ZZQctoLearnershipModule>: Inserted GenericPO[Table=1000263ID=0] / "
*,"16Q118092","661302-000-00-00-PM-01",Core,Y,166,"<ZZQctoLearnershipModule>: Inserted GenericPO[Table=1000263ID=0] / <ZZQctoLearnershipModule>: Inserted GenericPO[Table=1000263ID=0] / "
*,"16Q118092","661302-000-00-00-PM-02",Core,Y,167,"<ZZQctoLearnershipModule>: Inserted GenericPO[Table=1000263ID=0] / <ZZQctoLearnershipModule>: Inserted GenericPO[Table=1000263ID=0] / "
*,"16Q118092","661302-000-00-00-PM-03",Core,Y,168,"<ZZQctoLearnershipModule>: Inserted GenericPO[Table=1000263ID=0] / <ZZQctoLearnershipModule>: Inserted GenericPO[Table=1000263ID=0] / "
*,"16Q118092","661302-000-00-00-PM-04",Core,Y,169,"<ZZQctoLearnershipModule>: Inserted GenericPO[Table=1000263ID=0] / <ZZQctoLearnershipModule>: Inserted GenericPO[Table=1000263ID=0] / "
*,"16Q118092","661302-000-00-00-PM-05",Core,Y,170,"<ZZQctoLearnershipModule>: Inserted GenericPO[Table=1000263ID=0] / <ZZQctoLearnershipModule>: Inserted GenericPO[Table=1000263ID=0] / "
*,"16Q118092","661302-000-00-00-PM-06",Core,Y,171,"<ZZQctoLearnershipModule>: Inserted GenericPO[Table=1000263ID=0] / <ZZQctoLearnershipModule>: Inserted GenericPO[Table=1000263ID=0] / "
*,"16Q118092","661302-000-00-00-PM-07",Core,Y,172,"<ZZQctoLearnershipModule>: Inserted GenericPO[Table=1000263ID=0] / <ZZQctoLearnershipModule>: Inserted GenericPO[Table=1000263ID=0] / "
*,"16Q118092","661302-000-00-00-PM-08",Core,Y,173,"<ZZQctoLearnershipModule>: Inserted GenericPO[Table=1000263ID=0] / <ZZQctoLearnershipModule>: Inserted GenericPO[Table=1000263ID=0] / "
*,"16Q118092","661302-000-00-00-WM-01",Core,Y,174,"<ZZQctoLearnershipModule>: Inserted GenericPO[Table=1000263ID=0] / <ZZQctoLearnershipModule>: Inserted GenericPO[Table=1000263ID=0] / "
*,"16Q118092","661302-000-00-00-WM-02",Core,Y,175,"<ZZQctoLearnershipModule>: Inserted GenericPO[Table=1000263ID=0] / <ZZQctoLearnershipModule>: Inserted GenericPO[Table=1000263ID=0] / "
*,"16Q118092","661302-000-00-00-WM-03",Core,Y,176,"<ZZQctoLearnershipModule>: Inserted GenericPO[Table=1000263ID=0] / <ZZQctoLearnershipModule>: Inserted GenericPO[Table=1000263ID=0] / "
*,"16Q118092","661302-000-00-00-WM-04",Core,Y,177,"<ZZQctoLearnershipModule>: Inserted GenericPO[Table=1000263ID=0] / <ZZQctoLearnershipModule>: Inserted GenericPO[Table=1000263ID=0] / "
*,"16Q118092","661302-000-00-00WM-05",Core,Y,178,"<ZZQctoLearnershipModule>: Inserted GenericPO[Table=1000263ID=0] / <ZZQctoLearnershipModule>: Inserted GenericPO[Table=1000263ID=0] / "
*,"16Q118092","661302-000-00-00-WM-06",Core,Y,179,"<ZZQctoLearnershipModule>: Inserted GenericPO[Table=1000263ID=0] / <ZZQctoLearnershipModule>: Inserted GenericPO[Table=1000263ID=0] / "
*,"16Q94701","672105000-KM-01",Core,Y,180,"<ZZQctoLearnershipModule>: Inserted GenericPO[Table=1000263ID=0] / <ZZQctoLearnershipModule>: Inserted GenericPO[Table=1000263ID=0] / "
*,"16Q94701","672105000-KM-02",Core,Y,181,"<ZZQctoLearnershipModule>: Inserted GenericPO[Table=1000263ID=0] / <ZZQctoLearnershipModule>: Inserted GenericPO[Table=1000263ID=0] / "
*,"16Q94701","672105000-KM-03",Core,Y,182,"<ZZQctoLearnershipModule>: Inserted GenericPO[Table=1000263ID=0] / <ZZQctoLearnershipModule>: Inserted GenericPO[Table=1000263ID=0] / "
*,"16Q94701","672105000-KM-04",Core,Y,183,"<ZZQctoLearnershipModule>: Inserted GenericPO[Table=1000263ID=0] / <ZZQctoLearnershipModule>: Inserted GenericPO[Table=1000263ID=0] / "
*,"16Q94701","672105000-KM-05",Core,Y,184,"<ZZQctoLearnershipModule>: Inserted GenericPO[Table=1000263ID=0] / <ZZQctoLearnershipModule>: Inserted GenericPO[Table=1000263ID=0] / "
*,"16Q94701","672105000-KM-06",Core,Y,185,"<ZZQctoLearnershipModule>: Inserted GenericPO[Table=1000263ID=0] / <ZZQctoLearnershipModule>: Inserted GenericPO[Table=1000263ID=0] / "
*,"16Q94701","672105000-KM-07",Core,Y,186,"<ZZQctoLearnershipModule>: Inserted GenericPO[Table=1000263ID=0] / <ZZQctoLearnershipModule>: Inserted GenericPO[Table=1000263ID=0] / "
*,"16Q94701","672105000-KM-08",Core,Y,187,"<ZZQctoLearnershipModule>: Inserted GenericPO[Table=1000263ID=0] / <ZZQctoLearnershipModule>: Inserted GenericPO[Table=1000263ID=0] / "
*,"16Q94701","672105000-KM-09",Core,Y,188,"<ZZQctoLearnershipModule>: Inserted GenericPO[Table=1000263ID=0] / <ZZQctoLearnershipModule>: Inserted GenericPO[Table=1000263ID=0] / "
*,"16Q94701","672105000-KM-10",Core,Y,189,"<ZZQctoLearnershipModule>: Inserted GenericPO[Table=1000263ID=0] / <ZZQctoLearnershipModule>: Inserted GenericPO[Table=1000263ID=0] / "
*,"16Q94701","672105000-KM-11",Core,Y,190,"<ZZQctoLearnershipModule>: Inserted GenericPO[Table=1000263ID=0] / <ZZQctoLearnershipModule>: Inserted GenericPO[Table=1000263ID=0] / "
*,"16Q94701","672105000-KM-12",Core,Y,191,"<ZZQctoLearnershipModule>: Inserted GenericPO[Table=1000263ID=0] / <ZZQctoLearnershipModule>: Inserted GenericPO[Table=1000263ID=0] / "
*,"16Q94701","672105000-KM-13",Core,Y,192,"<ZZQctoLearnershipModule>: Inserted GenericPO[Table=1000263ID=0] / <ZZQctoLearnershipModule>: Inserted GenericPO[Table=1000263ID=0] / "
*,"16Q94701","672105000-KM-14",Core,Y,193,"<ZZQctoLearnershipModule>: Inserted GenericPO[Table=1000263ID=0] / <ZZQctoLearnershipModule>: Inserted GenericPO[Table=1000263ID=0] / "
*,"16Q94701","672105000-KM-15",Core,Y,194,"<ZZQctoLearnershipModule>: Inserted GenericPO[Table=1000263ID=0] / <ZZQctoLearnershipModule>: Inserted GenericPO[Table=1000263ID=0] / "
*,"32Q320009225484","652302000-KM-01",Core,Y,228,"<ZZQctoLearnershipModule>: Inserted GenericPO[Table=1000263ID=0] / <ZZQctoLearnershipModule>: Inserted GenericPO[Table=1000263ID=0] / "
*,"16Q94701","672105000-KM-16",Core,Y,195,"<ZZQctoLearnershipModule>: Inserted GenericPO[Table=1000263ID=0] / <ZZQctoLearnershipModule>: Inserted GenericPO[Table=1000263ID=0] / "
*,"16Q94701","672105000-KM-17",Core,Y,196,"<ZZQctoLearnershipModule>: Inserted GenericPO[Table=1000263ID=0] / <ZZQctoLearnershipModule>: Inserted GenericPO[Table=1000263ID=0] / "
*,"32Q320009225484","652302000-KM-02",Core,Y,229,"<ZZQctoLearnershipModule>: Inserted GenericPO[Table=1000263ID=0] / <ZZQctoLearnershipModule>: Inserted GenericPO[Table=1000263ID=0] / "
*,"16Q94701","672105000-KM-18",Core,Y,197,"<ZZQctoLearnershipModule>: Inserted GenericPO[Table=1000263ID=0] / <ZZQctoLearnershipModule>: Inserted GenericPO[Table=1000263ID=0] / "
*,"16Q94701","672105000-KM-19",Core,Y,198,"<ZZQctoLearnershipModule>: Inserted GenericPO[Table=1000263ID=0] / <ZZQctoLearnershipModule>: Inserted GenericPO[Table=1000263ID=0] / "
*,"16Q94701","672105000-PM-01",Core,Y,199,"<ZZQctoLearnershipModule>: Inserted GenericPO[Table=1000263ID=0] / <ZZQctoLearnershipModule>: Inserted GenericPO[Table=1000263ID=0] / "
*,"16Q94701","672105000-PM-02",Core,Y,200,"<ZZQctoLearnershipModule>: Inserted GenericPO[Table=1000263ID=0] / <ZZQctoLearnershipModule>: Inserted GenericPO[Table=1000263ID=0] / "
*,"32Q320009225484","652302000-KM-03",Core,Y,230,"<ZZQctoLearnershipModule>: Inserted GenericPO[Table=1000263ID=0] / <ZZQctoLearnershipModule>: Inserted GenericPO[Table=1000263ID=0] / "
*,"16Q94701","672105000-PM-03",Core,Y,201,"<ZZQctoLearnershipModule>: Inserted GenericPO[Table=1000263ID=0] / <ZZQctoLearnershipModule>: Inserted GenericPO[Table=1000263ID=0] / "
*,"16Q94701","672105000-PM-04",Core,Y,202,"<ZZQctoLearnershipModule>: Inserted GenericPO[Table=1000263ID=0] / <ZZQctoLearnershipModule>: Inserted GenericPO[Table=1000263ID=0] / "
*,"16Q94701","672105000-PM-05",Core,Y,203,"<ZZQctoLearnershipModule>: Inserted GenericPO[Table=1000263ID=0] / <ZZQctoLearnershipModule>: Inserted GenericPO[Table=1000263ID=0] / "
*,"32Q320009225484","652302000-PS-01",Core,Y,231,"<ZZQctoLearnershipModule>: Inserted GenericPO[Table=1000263ID=0] / <ZZQctoLearnershipModule>: Inserted GenericPO[Table=1000263ID=0] / "
*,"16Q94701","672105000-PM-06",Core,Y,204,"<ZZQctoLearnershipModule>: Inserted GenericPO[Table=1000263ID=0] / <ZZQctoLearnershipModule>: Inserted GenericPO[Table=1000263ID=0] / "
*,"16Q94701","672105000-PM-07",Core,Y,205,"<ZZQctoLearnershipModule>: Inserted GenericPO[Table=1000263ID=0] / <ZZQctoLearnershipModule>: Inserted GenericPO[Table=1000263ID=0] / "
*,"32Q320009225484","652302000-PS-02",Core,Y,232,"<ZZQctoLearnershipModule>: Inserted GenericPO[Table=1000263ID=0] / <ZZQctoLearnershipModule>: Inserted GenericPO[Table=1000263ID=0] / "
*,"16Q94701","672105000-WM-01",Core,Y,206,"<ZZQctoLearnershipModule>: Inserted GenericPO[Table=1000263ID=0] / <ZZQctoLearnershipModule>: Inserted GenericPO[Table=1000263ID=0] / "
*,"32Q320009225484","652302000-PS-03",Core,Y,233,"<ZZQctoLearnershipModule>: Inserted GenericPO[Table=1000263ID=0] / <ZZQctoLearnershipModule>: Inserted GenericPO[Table=1000263ID=0] / "
*,"16Q94701","672105000-WM-02",Core,Y,207,"<ZZQctoLearnershipModule>: Inserted GenericPO[Table=1000263ID=0] / <ZZQctoLearnershipModule>: Inserted GenericPO[Table=1000263ID=0] / "
*,"16Q94701","672105000-WM-03",Core,Y,208,"<ZZQctoLearnershipModule>: Inserted GenericPO[Table=1000263ID=0] / <ZZQctoLearnershipModule>: Inserted GenericPO[Table=1000263ID=0] / "
*,"16Q94701","672105000-WM-04",Core,Y,209,"<ZZQctoLearnershipModule>: Inserted GenericPO[Table=1000263ID=0] / <ZZQctoLearnershipModule>: Inserted GenericPO[Table=1000263ID=0] / "
*,"32Q320009225484","652302000-PS-04",Core,Y,234,"<ZZQctoLearnershipModule>: Inserted GenericPO[Table=1000263ID=0] / <ZZQctoLearnershipModule>: Inserted GenericPO[Table=1000263ID=0] / "
*,"16Q94701","672105000-WM-05",Core,Y,210,"<ZZQctoLearnershipModule>: Inserted GenericPO[Table=1000263ID=0] / <ZZQctoLearnershipModule>: Inserted GenericPO[Table=1000263ID=0] / "
*,"32Q320009225484","652302000-PS-05",Core,Y,235,"<ZZQctoLearnershipModule>: Inserted GenericPO[Table=1000263ID=0] / <ZZQctoLearnershipModule>: Inserted GenericPO[Table=1000263ID=0] / "
*,"32Q320009225484","652302000-PS-06",Core,Y,236,"<ZZQctoLearnershipModule>: Inserted GenericPO[Table=1000263ID=0] / <ZZQctoLearnershipModule>: Inserted GenericPO[Table=1000263ID=0] / "
*,"32Q320009225484","652302000-PS-07",Core,Y,237,"<ZZQctoLearnershipModule>: Inserted GenericPO[Table=1000263ID=0] / <ZZQctoLearnershipModule>: Inserted GenericPO[Table=1000263ID=0] / "
*,"32Q320009225484","652302000-PS-08",Core,Y,238,"<ZZQctoLearnershipModule>: Inserted GenericPO[Table=1000263ID=0] / <ZZQctoLearnershipModule>: Inserted GenericPO[Table=1000263ID=0] / "
*,"32Q320009225484","652302000-PS-09",Core,Y,239,"<ZZQctoLearnershipModule>: Inserted GenericPO[Table=1000263ID=0] / <ZZQctoLearnershipModule>: Inserted GenericPO[Table=1000263ID=0] / "
*,"32Q320009225484","652302000-PS-10",Core,Y,240,"<ZZQctoLearnershipModule>: Inserted GenericPO[Table=1000263ID=0] / <ZZQctoLearnershipModule>: Inserted GenericPO[Table=1000263ID=0] / "
*,"32Q320009225484","652302000-PS-11",Core,Y,241,"<ZZQctoLearnershipModule>: Inserted GenericPO[Table=1000263ID=0] / <ZZQctoLearnershipModule>: Inserted GenericPO[Table=1000263ID=0] / "
*,"32Q320009225484","652302000-WM-01",Core,Y,242,"<ZZQctoLearnershipModule>: Inserted GenericPO[Table=1000263ID=0] / <ZZQctoLearnershipModule>: Inserted GenericPO[Table=1000263ID=0] / "
*,"32Q320009225484","652302000-WM-02",Core,Y,243,"<ZZQctoLearnershipModule>: Inserted GenericPO[Table=1000263ID=0] / <ZZQctoLearnershipModule>: Inserted GenericPO[Table=1000263ID=0] / "
*,"32Q320009225484","652302000-WM-03",Core,Y,244,"<ZZQctoLearnershipModule>: Inserted GenericPO[Table=1000263ID=0] / <ZZQctoLearnershipModule>: Inserted GenericPO[Table=1000263ID=0] / "
*,"32Q320009225484","652302000-WM-04",Core,Y,245,"<ZZQctoLearnershipModule>: Inserted GenericPO[Table=1000263ID=0] / <ZZQctoLearnershipModule>: Inserted GenericPO[Table=1000263ID=0] / "
*,"32Q320009225484","652302000-WM-05",Core,Y,246,"<ZZQctoLearnershipModule>: Inserted GenericPO[Table=1000263ID=0] / <ZZQctoLearnershipModule>: Inserted GenericPO[Table=1000263ID=0] / "
*,"32Q320013174104","653303000-KM-02",Core,Y,212,"<ZZQctoLearnershipModule>: Inserted GenericPO[Table=1000263ID=0] / <ZZQctoLearnershipModule>: Inserted GenericPO[Table=1000263ID=0] / "
*,"32Q320009225484","652302000-WM-06",Core,Y,247,"<ZZQctoLearnershipModule>: Inserted GenericPO[Table=1000263ID=0] / <ZZQctoLearnershipModule>: Inserted GenericPO[Table=1000263ID=0] / "
*,"32Q320013174104","653303000-PS-01",Core,Y,213,"<ZZQctoLearnershipModule>: Inserted GenericPO[Table=1000263ID=0] / <ZZQctoLearnershipModule>: Inserted GenericPO[Table=1000263ID=0] / "
*,"32Q320013174104","653303000-PS-02",Core,Y,214,"<ZZQctoLearnershipModule>: Inserted GenericPO[Table=1000263ID=0] / <ZZQctoLearnershipModule>: Inserted GenericPO[Table=1000263ID=0] / "
*,"32Q320009225484","652302000-WM-07",Core,Y,248,"<ZZQctoLearnershipModule>: Inserted GenericPO[Table=1000263ID=0] / <ZZQctoLearnershipModule>: Inserted GenericPO[Table=1000263ID=0] / "
*,"32Q320013174104","653303000-PS-03",Core,Y,215,"<ZZQctoLearnershipModule>: Inserted GenericPO[Table=1000263ID=0] / <ZZQctoLearnershipModule>: Inserted GenericPO[Table=1000263ID=0] / "
*,"32Q320009225484","652302000-WM-08",Core,Y,249,"<ZZQctoLearnershipModule>: Inserted GenericPO[Table=1000263ID=0] / <ZZQctoLearnershipModule>: Inserted GenericPO[Table=1000263ID=0] / "
*,"32Q320013174104","653303000-PS-04",Core,Y,216,"<ZZQctoLearnershipModule>: Inserted GenericPO[Table=1000263ID=0] / <ZZQctoLearnershipModule>: Inserted GenericPO[Table=1000263ID=0] / "
*,"32Q320013174104","653303000-PS-05",Core,Y,217,"<ZZQctoLearnershipModule>: Inserted GenericPO[Table=1000263ID=0] / <ZZQctoLearnershipModule>: Inserted GenericPO[Table=1000263ID=0] / "
*,"32Q320013174104","653303000-PS-06",Core,Y,218,"<ZZQctoLearnershipModule>: Inserted GenericPO[Table=1000263ID=0] / <ZZQctoLearnershipModule>: Inserted GenericPO[Table=1000263ID=0] / "
*,"32Q320013174104","653303000-PS-07",Core,Y,219,"<ZZQctoLearnershipModule>: Inserted GenericPO[Table=1000263ID=0] / <ZZQctoLearnershipModule>: Inserted GenericPO[Table=1000263ID=0] / "
*,"32Q320013174104","653303000-PS-08",Core,Y,220,"<ZZQctoLearnershipModule>: Inserted GenericPO[Table=1000263ID=0] / <ZZQctoLearnershipModule>: Inserted GenericPO[Table=1000263ID=0] / "
*,"32Q320013174104","653303000-WM-01",Core,Y,221,"<ZZQctoLearnershipModule>: Inserted GenericPO[Table=1000263ID=0] / <ZZQctoLearnershipModule>: Inserted GenericPO[Table=1000263ID=0] / "
*,"32Q320013174104","653303000-WM-02",Core,Y,222,"<ZZQctoLearnershipModule>: Inserted GenericPO[Table=1000263ID=0] / <ZZQctoLearnershipModule>: Inserted GenericPO[Table=1000263ID=0] / "
*,"32Q320013174104","653303000-WM-03",Core,Y,223,"<ZZQctoLearnershipModule>: Inserted GenericPO[Table=1000263ID=0] / <ZZQctoLearnershipModule>: Inserted GenericPO[Table=1000263ID=0] / "
*,"32Q320013174104","653303000-WM-04",Core,Y,224,"<ZZQctoLearnershipModule>: Inserted GenericPO[Table=1000263ID=0] / <ZZQctoLearnershipModule>: Inserted GenericPO[Table=1000263ID=0] / "
*,"32Q320013174104","653303000-WM-05",Core,Y,225,"<ZZQctoLearnershipModule>: Inserted GenericPO[Table=1000263ID=0] / <ZZQctoLearnershipModule>: Inserted GenericPO[Table=1000263ID=0] / "
*,"32Q320013174104","653303000-WM-06",Core,Y,226,"<ZZQctoLearnershipModule>: Inserted GenericPO[Table=1000263ID=0] / <ZZQctoLearnershipModule>: Inserted GenericPO[Table=1000263ID=0] / "
*,"32Q320013174104","653303000-WM-07",Core,Y,227,"<ZZQctoLearnershipModule>: Inserted GenericPO[Table=1000263ID=0] / <ZZQctoLearnershipModule>: Inserted GenericPO[Table=1000263ID=0] / "
*,"32Q320013174104","653303000-KM-01",Core,Y,211,"<ZZQctoLearnershipModule>: Inserted GenericPO[Table=1000263ID=0] / <ZZQctoLearnershipModule>: Inserted GenericPO[Table=1000263ID=0] / "
*,"16Q94100","651202000-KM-01",Core,Y,250,"<ZZQctoLearnershipModule>: Inserted GenericPO[Table=1000263ID=0] / <ZZQctoLearnershipModule>: Inserted GenericPO[Table=1000263ID=0] / "
*,"16Q94100","651202000-KM-02",Core,Y,251,"<ZZQctoLearnershipModule>: Inserted GenericPO[Table=1000263ID=0] / <ZZQctoLearnershipModule>: Inserted GenericPO[Table=1000263ID=0] / "
*,"16Q94100","651202000-KM-03",Core,Y,252,"<ZZQctoLearnershipModule>: Inserted GenericPO[Table=1000263ID=0] / <ZZQctoLearnershipModule>: Inserted GenericPO[Table=1000263ID=0] / "
*,"16Q94100","651202000-KM-04",Core,Y,253,"<ZZQctoLearnershipModule>: Inserted GenericPO[Table=1000263ID=0] / <ZZQctoLearnershipModule>: Inserted GenericPO[Table=1000263ID=0] / "
*,"16Q94100","651202000-KM-05",Core,Y,254,"<ZZQctoLearnershipModule>: Inserted GenericPO[Table=1000263ID=0] / <ZZQctoLearnershipModule>: Inserted GenericPO[Table=1000263ID=0] / "
*,"16Q94100","651202000-KM-06",Core,Y,255,"<ZZQctoLearnershipModule>: Inserted GenericPO[Table=1000263ID=0] / <ZZQctoLearnershipModule>: Inserted GenericPO[Table=1000263ID=0] / "
*,"16Q94100","651202000-KM-07",Core,Y,256,"<ZZQctoLearnershipModule>: Inserted GenericPO[Table=1000263ID=0] / <ZZQctoLearnershipModule>: Inserted GenericPO[Table=1000263ID=0] / "
*,"16Q94100","651202000-KM-08",Core,Y,257,"<ZZQctoLearnershipModule>: Inserted GenericPO[Table=1000263ID=0] / <ZZQctoLearnershipModule>: Inserted GenericPO[Table=1000263ID=0] / "
*,"16Q94100","651202000-KM-09",Core,Y,258,"<ZZQctoLearnershipModule>: Inserted GenericPO[Table=1000263ID=0] / <ZZQctoLearnershipModule>: Inserted GenericPO[Table=1000263ID=0] / "
*,"16Q94100","651202000-KM-10",Core,Y,259,"<ZZQctoLearnershipModule>: Inserted GenericPO[Table=1000263ID=0] / <ZZQctoLearnershipModule>: Inserted GenericPO[Table=1000263ID=0] / "
*,"16Q94100","651202000-KM-11",Core,Y,260,"<ZZQctoLearnershipModule>: Inserted GenericPO[Table=1000263ID=0] / <ZZQctoLearnershipModule>: Inserted GenericPO[Table=1000263ID=0] / "
*,"16Q94100","651202000-KM-12",Core,Y,261,"<ZZQctoLearnershipModule>: Inserted GenericPO[Table=1000263ID=0] / <ZZQctoLearnershipModule>: Inserted GenericPO[Table=1000263ID=0] / "
*,"16Q94100","651202000-KM-13",Core,Y,262,"<ZZQctoLearnershipModule>: Inserted GenericPO[Table=1000263ID=0] / <ZZQctoLearnershipModule>: Inserted GenericPO[Table=1000263ID=0] / "
*,"16Q94100","651202000-KM-14",Core,Y,263,"<ZZQctoLearnershipModule>: Inserted GenericPO[Table=1000263ID=0] / <ZZQctoLearnershipModule>: Inserted GenericPO[Table=1000263ID=0] / "
*,"16Q94100","651202000-KM-15",Core,Y,264,"<ZZQctoLearnershipModule>: Inserted GenericPO[Table=1000263ID=0] / <ZZQctoLearnershipModule>: Inserted GenericPO[Table=1000263ID=0] / "
*,"16Q94100","651202000-KM-16",Core,Y,265,"<ZZQctoLearnershipModule>: Inserted GenericPO[Table=1000263ID=0] / <ZZQctoLearnershipModule>: Inserted GenericPO[Table=1000263ID=0] / "
*,"16Q94100","651202000-PM-01",Core,Y,266,"<ZZQctoLearnershipModule>: Inserted GenericPO[Table=1000263ID=0] / <ZZQctoLearnershipModule>: Inserted GenericPO[Table=1000263ID=0] / "
*,"16Q94100","651202000-PM-02",Core,Y,267,"<ZZQctoLearnershipModule>: Inserted GenericPO[Table=1000263ID=0] / <ZZQctoLearnershipModule>: Inserted GenericPO[Table=1000263ID=0] / "
*,"16Q94100","651202000-PM-03",Core,Y,268,"<ZZQctoLearnershipModule>: Inserted GenericPO[Table=1000263ID=0] / <ZZQctoLearnershipModule>: Inserted GenericPO[Table=1000263ID=0] / "
*,"16Q94100","651202000-PM-04",Core,Y,269,"<ZZQctoLearnershipModule>: Inserted GenericPO[Table=1000263ID=0] / <ZZQctoLearnershipModule>: Inserted GenericPO[Table=1000263ID=0] / "
*,"16Q94100","651202000-PM-05",Core,Y,270,"<ZZQctoLearnershipModule>: Inserted GenericPO[Table=1000263ID=0] / <ZZQctoLearnershipModule>: Inserted GenericPO[Table=1000263ID=0] / "
*,"16Q94100","651202-PM-06",Core,Y,281,"<ZZQctoLearnershipModule>: Inserted GenericPO[Table=1000263ID=0] / <ZZQctoLearnershipModule>: Inserted GenericPO[Table=1000263ID=0] / "
*,"16Q94100","651202000-PM-07",Core,Y,271,"<ZZQctoLearnershipModule>: Inserted GenericPO[Table=1000263ID=0] / <ZZQctoLearnershipModule>: Inserted GenericPO[Table=1000263ID=0] / "
*,"16Q94100","651202000-PM-08",Core,Y,272,"<ZZQctoLearnershipModule>: Inserted GenericPO[Table=1000263ID=0] / <ZZQctoLearnershipModule>: Inserted GenericPO[Table=1000263ID=0] / "
*,"16Q94100","651202000-PM-09",Core,Y,273,"<ZZQctoLearnershipModule>: Inserted GenericPO[Table=1000263ID=0] / <ZZQctoLearnershipModule>: Inserted GenericPO[Table=1000263ID=0] / "
*,"16Q94100","651202000-PM-10",Core,Y,274,"<ZZQctoLearnershipModule>: Inserted GenericPO[Table=1000263ID=0] / <ZZQctoLearnershipModule>: Inserted GenericPO[Table=1000263ID=0] / "
*,"16Q94100","651202000-PM-11",Core,Y,275,"<ZZQctoLearnershipModule>: Inserted GenericPO[Table=1000263ID=0] / <ZZQctoLearnershipModule>: Inserted GenericPO[Table=1000263ID=0] / "
*,"16Q94100","651202000-WM-01",Core,Y,276,"<ZZQctoLearnershipModule>: Inserted GenericPO[Table=1000263ID=0] / <ZZQctoLearnershipModule>: Inserted GenericPO[Table=1000263ID=0] / "
*,"16Q94100","651202000-WM-02",Core,Y,277,"<ZZQctoLearnershipModule>: Inserted GenericPO[Table=1000263ID=0] / <ZZQctoLearnershipModule>: Inserted GenericPO[Table=1000263ID=0] / "
*,"16Q94100","651202000-WM-03",Core,Y,278,"<ZZQctoLearnershipModule>: Inserted GenericPO[Table=1000263ID=0] / <ZZQctoLearnershipModule>: Inserted GenericPO[Table=1000263ID=0] / "
*,"16Q94100","651202000-WM-04",Core,Y,279,"<ZZQctoLearnershipModule>: Inserted GenericPO[Table=1000263ID=0] / <ZZQctoLearnershipModule>: Inserted GenericPO[Table=1000263ID=0] / "
*,"16Q94100","651202000-WM-05",Core,Y,280,"<ZZQctoLearnershipModule>: Inserted GenericPO[Table=1000263ID=0] / <ZZQctoLearnershipModule>: Inserted GenericPO[Table=1000263ID=0] / "
*,"16Q94100","651202-WM-06",Core,Y,282,"<ZZQctoLearnershipModule>: Inserted GenericPO[Table=1000263ID=0] / <ZZQctoLearnershipModule>: Inserted GenericPO[Table=1000263ID=0] / "
*,"16Q97582","653307000-KM-01",Core,Y,283,"<ZZQctoLearnershipModule>: Inserted GenericPO[Table=1000263ID=0] / <ZZQctoLearnershipModule>: Inserted GenericPO[Table=1000263ID=0] / "
*,"16Q97582","653307000-KM-02",Core,Y,284,"<ZZQctoLearnershipModule>: Inserted GenericPO[Table=1000263ID=0] / <ZZQctoLearnershipModule>: Inserted GenericPO[Table=1000263ID=0] / "
*,"16Q97582","653307000-KM-03",Core,Y,285,"<ZZQctoLearnershipModule>: Inserted GenericPO[Table=1000263ID=0] / <ZZQctoLearnershipModule>: Inserted GenericPO[Table=1000263ID=0] / "
*,"16Q97582","653307000-KM-04",Core,Y,286,"<ZZQctoLearnershipModule>: Inserted GenericPO[Table=1000263ID=0] / <ZZQctoLearnershipModule>: Inserted GenericPO[Table=1000263ID=0] / "
*,"16Q97582","653307000-KM-05",Core,Y,287,"<ZZQctoLearnershipModule>: Inserted GenericPO[Table=1000263ID=0] / <ZZQctoLearnershipModule>: Inserted GenericPO[Table=1000263ID=0] / "
*,"16Q97582","653307000-KM-06",Core,Y,288,"<ZZQctoLearnershipModule>: Inserted GenericPO[Table=1000263ID=0] / <ZZQctoLearnershipModule>: Inserted GenericPO[Table=1000263ID=0] / "
*,"16Q97582","653307000-KM-07",Core,Y,289,"<ZZQctoLearnershipModule>: Inserted GenericPO[Table=1000263ID=0] / <ZZQctoLearnershipModule>: Inserted GenericPO[Table=1000263ID=0] / "
*,"16Q97582","653307000-KM-08",Core,Y,290,"<ZZQctoLearnershipModule>: Inserted GenericPO[Table=1000263ID=0] / <ZZQctoLearnershipModule>: Inserted GenericPO[Table=1000263ID=0] / "
*,"16Q97582","653307000-PM-01",Core,Y,291,"<ZZQctoLearnershipModule>: Inserted GenericPO[Table=1000263ID=0] / <ZZQctoLearnershipModule>: Inserted GenericPO[Table=1000263ID=0] / "
*,"16Q97582","653307000-PM-02",Core,Y,292,"<ZZQctoLearnershipModule>: Inserted GenericPO[Table=1000263ID=0] / <ZZQctoLearnershipModule>: Inserted GenericPO[Table=1000263ID=0] / "
*,"16Q97582","653307000-PM-03",Core,Y,293,"<ZZQctoLearnershipModule>: Inserted GenericPO[Table=1000263ID=0] / <ZZQctoLearnershipModule>: Inserted GenericPO[Table=1000263ID=0] / "
*,"16Q97582","653307000-PM-04",Core,Y,294,"<ZZQctoLearnershipModule>: Inserted GenericPO[Table=1000263ID=0] / <ZZQctoLearnershipModule>: Inserted GenericPO[Table=1000263ID=0] / "
*,"16Q97582","653307000-PM-05",Core,Y,295,"<ZZQctoLearnershipModule>: Inserted GenericPO[Table=1000263ID=0] / <ZZQctoLearnershipModule>: Inserted GenericPO[Table=1000263ID=0] / "
*,"16Q97582","653307000-PM-06",Core,Y,296,"<ZZQctoLearnershipModule>: Inserted GenericPO[Table=1000263ID=0] / <ZZQctoLearnershipModule>: Inserted GenericPO[Table=1000263ID=0] / "
*,"16Q97582","653307000-PM-07",Core,Y,297,"<ZZQctoLearnershipModule>: Inserted GenericPO[Table=1000263ID=0] / <ZZQctoLearnershipModule>: Inserted GenericPO[Table=1000263ID=0] / "
*,"16Q97582","653307000-PM-08",Core,Y,298,"<ZZQctoLearnershipModule>: Inserted GenericPO[Table=1000263ID=0] / <ZZQctoLearnershipModule>: Inserted GenericPO[Table=1000263ID=0] / "
*,"16Q97582","653307000-PM-09",Core,Y,299,"<ZZQctoLearnershipModule>: Inserted GenericPO[Table=1000263ID=0] / <ZZQctoLearnershipModule>: Inserted GenericPO[Table=1000263ID=0] / "
*,"16Q97582","653307000-PM-10",Core,Y,300,"<ZZQctoLearnershipModule>: Inserted GenericPO[Table=1000263ID=0] / <ZZQctoLearnershipModule>: Inserted GenericPO[Table=1000263ID=0] / "
*,"16Q97582","653307000-PM-11",Core,Y,301,"<ZZQctoLearnershipModule>: Inserted GenericPO[Table=1000263ID=0] / <ZZQctoLearnershipModule>: Inserted GenericPO[Table=1000263ID=0] / "
*,"16Q97582","653307000-WM-01",Core,Y,302,"<ZZQctoLearnershipModule>: Inserted GenericPO[Table=1000263ID=0] / <ZZQctoLearnershipModule>: Inserted GenericPO[Table=1000263ID=0] / "
*,"16Q97582","653307000-WM-03",Core,Y,303,"<ZZQctoLearnershipModule>: Inserted GenericPO[Table=1000263ID=0] / <ZZQctoLearnershipModule>: Inserted GenericPO[Table=1000263ID=0] / "
*,"16Q97582","653307000-WM-04",Core,Y,304,"<ZZQctoLearnershipModule>: Inserted GenericPO[Table=1000263ID=0] / <ZZQctoLearnershipModule>: Inserted GenericPO[Table=1000263ID=0] / "
*,"16Q97582","653307000-WM-05",Core,Y,305,"<ZZQctoLearnershipModule>: Inserted GenericPO[Table=1000263ID=0] / <ZZQctoLearnershipModule>: Inserted GenericPO[Table=1000263ID=0] / "
*,"16Q97582","653307000-WM-06",Core,Y,306,"<ZZQctoLearnershipModule>: Inserted GenericPO[Table=1000263ID=0] / <ZZQctoLearnershipModule>: Inserted GenericPO[Table=1000263ID=0] / "
*,"16Q97582","653307000-WM-07",Core,Y,307,"<ZZQctoLearnershipModule>: Inserted GenericPO[Table=1000263ID=0] / <ZZQctoLearnershipModule>: Inserted GenericPO[Table=1000263ID=0] / "
*,"16Q97582","653307000-WM-08",Core,Y,308,"<ZZQctoLearnershipModule>: Inserted GenericPO[Table=1000263ID=0] / <ZZQctoLearnershipModule>: Inserted GenericPO[Table=1000263ID=0] / "
*,"16Q97582","653307000-WM-09",Core,Y,309,"<ZZQctoLearnershipModule>: Inserted GenericPO[Table=1000263ID=0] / <ZZQctoLearnershipModule>: Inserted GenericPO[Table=1000263ID=0] / "
*,"16Q97582","653307000-WM-10",Core,Y,310,"<ZZQctoLearnershipModule>: Inserted GenericPO[Table=1000263ID=0] / <ZZQctoLearnershipModule>: Inserted GenericPO[Table=1000263ID=0] / "
*,"16Q97582","653307000-WM-11",Core,Y,311,"<ZZQctoLearnershipModule>: Inserted GenericPO[Table=1000263ID=0] / <ZZQctoLearnershipModule>: Inserted GenericPO[Table=1000263ID=0] / "
*,"16Q97582","653307000-WM-12",Core,Y,312,"<ZZQctoLearnershipModule>: Inserted GenericPO[Table=1000263ID=0] / <ZZQctoLearnershipModule>: Inserted GenericPO[Table=1000263ID=0] / "
*,"16Q97582","653307000-WM-02",Core,Y,313,"<ZZQctoLearnershipModule>: Inserted GenericPO[Table=1000263ID=0] / <ZZQctoLearnershipModule>: Inserted GenericPO[Table=1000263ID=0] / "
*,"32Q320005425594","651501-000-00-00-KM-01",Core,Y,337,"<ZZQctoLearnershipModule>: Inserted GenericPO[Table=1000263ID=0] / <ZZQctoLearnershipModule>: Inserted GenericPO[Table=1000263ID=0] / "
*,"32Q320005425594","651501-000-00-00-KM-02",Core,Y,338,"<ZZQctoLearnershipModule>: Inserted GenericPO[Table=1000263ID=0] / <ZZQctoLearnershipModule>: Inserted GenericPO[Table=1000263ID=0] / "
*,"32Q320005425594","651501-000-00-00-KM-03",Core,Y,339,"<ZZQctoLearnershipModule>: Inserted GenericPO[Table=1000263ID=0] / <ZZQctoLearnershipModule>: Inserted GenericPO[Table=1000263ID=0] / "
*,"32Q320005425594","651501-000-00-00-KM-04",Core,Y,340,"<ZZQctoLearnershipModule>: Inserted GenericPO[Table=1000263ID=0] / <ZZQctoLearnershipModule>: Inserted GenericPO[Table=1000263ID=0] / "
*,"32Q320005425594","651501-000-00-00-KM-05",Core,Y,341,"<ZZQctoLearnershipModule>: Inserted GenericPO[Table=1000263ID=0] / <ZZQctoLearnershipModule>: Inserted GenericPO[Table=1000263ID=0] / "
*,"32Q320005425594","651501-000-00-00-KM-06",Core,Y,342,"<ZZQctoLearnershipModule>: Inserted GenericPO[Table=1000263ID=0] / <ZZQctoLearnershipModule>: Inserted GenericPO[Table=1000263ID=0] / "
*,"32Q320005425594","651501-000-00-00-KM-07",Core,Y,343,"<ZZQctoLearnershipModule>: Inserted GenericPO[Table=1000263ID=0] / <ZZQctoLearnershipModule>: Inserted GenericPO[Table=1000263ID=0] / "
*,"32Q320005425594","651501-000-00-00-KM-08",Core,Y,344,"<ZZQctoLearnershipModule>: Inserted GenericPO[Table=1000263ID=0] / <ZZQctoLearnershipModule>: Inserted GenericPO[Table=1000263ID=0] / "
*,"32Q320005425594","651501-000-00-00-KM-09",Core,Y,345,"<ZZQctoLearnershipModule>: Inserted GenericPO[Table=1000263ID=0] / <ZZQctoLearnershipModule>: Inserted GenericPO[Table=1000263ID=0] / "
*,"32Q320005425594","651501-000-00-00-KM-10",Core,Y,346,"<ZZQctoLearnershipModule>: Inserted GenericPO[Table=1000263ID=0] / <ZZQctoLearnershipModule>: Inserted GenericPO[Table=1000263ID=0] / "
*,"32Q320005425594","651501-000-00-00-KM-11",Core,Y,347,"<ZZQctoLearnershipModule>: Inserted GenericPO[Table=1000263ID=0] / <ZZQctoLearnershipModule>: Inserted GenericPO[Table=1000263ID=0] / "
*,"32Q320005425594","651501-000-00-00-KM-12",Core,Y,348,"<ZZQctoLearnershipModule>: Inserted GenericPO[Table=1000263ID=0] / <ZZQctoLearnershipModule>: Inserted GenericPO[Table=1000263ID=0] / "
*,"32Q320005425594","651501-000-00-00-KM-13",Core,Y,349,"<ZZQctoLearnershipModule>: Inserted GenericPO[Table=1000263ID=0] / <ZZQctoLearnershipModule>: Inserted GenericPO[Table=1000263ID=0] / "
*,"32Q320005425594","651501-000-00-00-KM-14",Core,Y,350,"<ZZQctoLearnershipModule>: Inserted GenericPO[Table=1000263ID=0] / <ZZQctoLearnershipModule>: Inserted GenericPO[Table=1000263ID=0] / "
*,"32Q320005425594","651501-000-00-00-KM-15",Core,Y,351,"<ZZQctoLearnershipModule>: Inserted GenericPO[Table=1000263ID=0] / <ZZQctoLearnershipModule>: Inserted GenericPO[Table=1000263ID=0] / "
*,"32Q320005425594","651501-000-00-00-PM-01",Core,Y,352,"<ZZQctoLearnershipModule>: Inserted GenericPO[Table=1000263ID=0] / <ZZQctoLearnershipModule>: Inserted GenericPO[Table=1000263ID=0] / "
*,"32Q320005425594","651501-000-00-00-PM-02",Core,Y,353,"<ZZQctoLearnershipModule>: Inserted GenericPO[Table=1000263ID=0] / <ZZQctoLearnershipModule>: Inserted GenericPO[Table=1000263ID=0] / "
*,"32Q320005425594","651501-000-00-00-PM-03",Core,Y,354,"<ZZQctoLearnershipModule>: Inserted GenericPO[Table=1000263ID=0] / <ZZQctoLearnershipModule>: Inserted GenericPO[Table=1000263ID=0] / "
*,"32Q320005425594","651501-000-00-00-PM-04",Core,Y,355,"<ZZQctoLearnershipModule>: Inserted GenericPO[Table=1000263ID=0] / <ZZQctoLearnershipModule>: Inserted GenericPO[Table=1000263ID=0] / "
*,"32Q320005425594","651501-000-00-00-PM-05",Core,Y,356,"<ZZQctoLearnershipModule>: Inserted GenericPO[Table=1000263ID=0] / <ZZQctoLearnershipModule>: Inserted GenericPO[Table=1000263ID=0] / "
*,"32Q320005425594","651501-000-00-00-PM-06",Core,Y,357,"<ZZQctoLearnershipModule>: Inserted GenericPO[Table=1000263ID=0] / <ZZQctoLearnershipModule>: Inserted GenericPO[Table=1000263ID=0] / "
*,"32Q320005425594","651501-000-00-00-PM-07",Core,Y,358,"<ZZQctoLearnershipModule>: Inserted GenericPO[Table=1000263ID=0] / <ZZQctoLearnershipModule>: Inserted GenericPO[Table=1000263ID=0] / "
*,"32Q320005425594","651501-000-00-00-PM-08",Core,Y,359,"<ZZQctoLearnershipModule>: Inserted GenericPO[Table=1000263ID=0] / <ZZQctoLearnershipModule>: Inserted GenericPO[Table=1000263ID=0] / "
*,"32Q320005425594","651501-000-00-00-PM-09",Core,Y,360,"<ZZQctoLearnershipModule>: Inserted GenericPO[Table=1000263ID=0] / <ZZQctoLearnershipModule>: Inserted GenericPO[Table=1000263ID=0] / "
*,"32Q320005425594","651501-000-00-00-PM-10",Core,Y,361,"<ZZQctoLearnershipModule>: Inserted GenericPO[Table=1000263ID=0] / <ZZQctoLearnershipModule>: Inserted GenericPO[Table=1000263ID=0] / "
*,"32Q320005425594","651501-000-00-00-PM-11",Core,Y,362,"<ZZQctoLearnershipModule>: Inserted GenericPO[Table=1000263ID=0] / <ZZQctoLearnershipModule>: Inserted GenericPO[Table=1000263ID=0] / "
*,"32Q320005425594","651501-000-00-00-PM-12",Core,Y,363,"<ZZQctoLearnershipModule>: Inserted GenericPO[Table=1000263ID=0] / <ZZQctoLearnershipModule>: Inserted GenericPO[Table=1000263ID=0] / "
*,"32Q320005425594","651501-000-00-00-PM-13",Core,Y,364,"<ZZQctoLearnershipModule>: Inserted GenericPO[Table=1000263ID=0] / <ZZQctoLearnershipModule>: Inserted GenericPO[Table=1000263ID=0] / "
*,"32Q320005425594","651501-000-00-00-PM-14",Core,Y,365,"<ZZQctoLearnershipModule>: Inserted GenericPO[Table=1000263ID=0] / <ZZQctoLearnershipModule>: Inserted GenericPO[Table=1000263ID=0] / "
*,"32Q320005425594","651501-000-00-00-PM-15",Core,Y,366,"<ZZQctoLearnershipModule>: Inserted GenericPO[Table=1000263ID=0] / <ZZQctoLearnershipModule>: Inserted GenericPO[Table=1000263ID=0] / "
*,"16Q97388","671208001-KM-01",Core,Y,314,"<ZZQctoLearnershipModule>: Inserted GenericPO[Table=1000263ID=0] / <ZZQctoLearnershipModule>: Inserted GenericPO[Table=1000263ID=0] / "
*,"16Q97388","671208001-KM-02",Core,Y,315,"<ZZQctoLearnershipModule>: Inserted GenericPO[Table=1000263ID=0] / <ZZQctoLearnershipModule>: Inserted GenericPO[Table=1000263ID=0] / "
*,"16Q97388","671208001-KM-03",Core,Y,316,"<ZZQctoLearnershipModule>: Inserted GenericPO[Table=1000263ID=0] / <ZZQctoLearnershipModule>: Inserted GenericPO[Table=1000263ID=0] / "
*,"16Q97388","671208001-KM-04",Core,Y,317,"<ZZQctoLearnershipModule>: Inserted GenericPO[Table=1000263ID=0] / <ZZQctoLearnershipModule>: Inserted GenericPO[Table=1000263ID=0] / "
*,"16Q97388","671208001-KM-05",Core,Y,318,"<ZZQctoLearnershipModule>: Inserted GenericPO[Table=1000263ID=0] / <ZZQctoLearnershipModule>: Inserted GenericPO[Table=1000263ID=0] / "
*,"16Q97388","671208001-KM-06",Core,Y,319,"<ZZQctoLearnershipModule>: Inserted GenericPO[Table=1000263ID=0] / <ZZQctoLearnershipModule>: Inserted GenericPO[Table=1000263ID=0] / "
*,"16Q97388","671208001-KM-07",Core,Y,320,"<ZZQctoLearnershipModule>: Inserted GenericPO[Table=1000263ID=0] / <ZZQctoLearnershipModule>: Inserted GenericPO[Table=1000263ID=0] / "
*,"16Q97388","671208001-KM-08",Core,Y,321,"<ZZQctoLearnershipModule>: Inserted GenericPO[Table=1000263ID=0] / <ZZQctoLearnershipModule>: Inserted GenericPO[Table=1000263ID=0] / "
*,"16Q97388","671208001-KM-09",Core,Y,322,"<ZZQctoLearnershipModule>: Inserted GenericPO[Table=1000263ID=0] / <ZZQctoLearnershipModule>: Inserted GenericPO[Table=1000263ID=0] / "
*,"16Q97388","671208001-KM-10",Core,Y,323,"<ZZQctoLearnershipModule>: Inserted GenericPO[Table=1000263ID=0] / <ZZQctoLearnershipModule>: Inserted GenericPO[Table=1000263ID=0] / "
*,"16Q97388","671208001-KM-11",Core,Y,324,"<ZZQctoLearnershipModule>: Inserted GenericPO[Table=1000263ID=0] / <ZZQctoLearnershipModule>: Inserted GenericPO[Table=1000263ID=0] / "
*,"16Q97388","671208001-KM-12",Core,Y,325,"<ZZQctoLearnershipModule>: Inserted GenericPO[Table=1000263ID=0] / <ZZQctoLearnershipModule>: Inserted GenericPO[Table=1000263ID=0] / "
*,"16Q97388","671208001-PM-01",Core,Y,326,"<ZZQctoLearnershipModule>: Inserted GenericPO[Table=1000263ID=0] / <ZZQctoLearnershipModule>: Inserted GenericPO[Table=1000263ID=0] / "
*,"16Q97388","671208001-PM-02",Core,Y,327,"<ZZQctoLearnershipModule>: Inserted GenericPO[Table=1000263ID=0] / <ZZQctoLearnershipModule>: Inserted GenericPO[Table=1000263ID=0] / "
*,"16Q97388","671208001-PM-03",Core,Y,328,"<ZZQctoLearnershipModule>: Inserted GenericPO[Table=1000263ID=0] / <ZZQctoLearnershipModule>: Inserted GenericPO[Table=1000263ID=0] / "
*,"16Q97388","671208001-PM-04",Core,Y,329,"<ZZQctoLearnershipModule>: Inserted GenericPO[Table=1000263ID=0] / <ZZQctoLearnershipModule>: Inserted GenericPO[Table=1000263ID=0] / "
*,"16Q97388","671208001-PM-05",Core,Y,330,"<ZZQctoLearnershipModule>: Inserted GenericPO[Table=1000263ID=0] / <ZZQctoLearnershipModule>: Inserted GenericPO[Table=1000263ID=0] / "
*,"16Q97388","671208001-PM-06",Core,Y,331,"<ZZQctoLearnershipModule>: Inserted GenericPO[Table=1000263ID=0] / <ZZQctoLearnershipModule>: Inserted GenericPO[Table=1000263ID=0] / "
*,"16Q97388","671208001-PM-07",Core,Y,332,"<ZZQctoLearnershipModule>: Inserted GenericPO[Table=1000263ID=0] / <ZZQctoLearnershipModule>: Inserted GenericPO[Table=1000263ID=0] / "
*,"16Q97388","671208001-PM-08",Core,Y,333,"<ZZQctoLearnershipModule>: Inserted GenericPO[Table=1000263ID=0] / <ZZQctoLearnershipModule>: Inserted GenericPO[Table=1000263ID=0] / "
*,"16Q97388","671208001-WM-01",Core,Y,334,"<ZZQctoLearnershipModule>: Inserted GenericPO[Table=1000263ID=0] / <ZZQctoLearnershipModule>: Inserted GenericPO[Table=1000263ID=0] / "
*,"16Q97388","671208001-WM-02",Core,Y,335,"<ZZQctoLearnershipModule>: Inserted GenericPO[Table=1000263ID=0] / <ZZQctoLearnershipModule>: Inserted GenericPO[Table=1000263ID=0] / "
*,"16Q97388","671208001-WM-03",Core,Y,336,"<ZZQctoLearnershipModule>: Inserted GenericPO[Table=1000263ID=0] / <ZZQctoLearnershipModule>: Inserted GenericPO[Table=1000263ID=0] / "
*,"32Q320005425594","651501-000-00-00-WM-06",Core,Y,367,"<ZZQctoLearnershipModule>: Inserted GenericPO[Table=1000263ID=0] / <ZZQctoLearnershipModule>: Inserted GenericPO[Table=1000263ID=0] / "
*,"32Q320005425594","651501-000-00-00-WM-08",Core,Y,368,"<ZZQctoLearnershipModule>: Inserted GenericPO[Table=1000263ID=0] / <ZZQctoLearnershipModule>: Inserted GenericPO[Table=1000263ID=0] / "
*,"32Q320005425594","651501-000-00-00-WM-10",Core,Y,369,"<ZZQctoLearnershipModule>: Inserted GenericPO[Table=1000263ID=0] / <ZZQctoLearnershipModule>: Inserted GenericPO[Table=1000263ID=0] / "
*,"32Q320005425594","651501-000-00-00-WM-11",Core,Y,370,"<ZZQctoLearnershipModule>: Inserted GenericPO[Table=1000263ID=0] / <ZZQctoLearnershipModule>: Inserted GenericPO[Table=1000263ID=0] / "
*,"32Q320005425594","651501-000-00-00-WM-01",Core,Y,371,"<ZZQctoLearnershipModule>: Inserted GenericPO[Table=1000263ID=0] / <ZZQctoLearnershipModule>: Inserted GenericPO[Table=1000263ID=0] / "
*,"32Q320005425594","651501-000-00-00-WM-02",Core,Y,372,"<ZZQctoLearnershipModule>: Inserted GenericPO[Table=1000263ID=0] / <ZZQctoLearnershipModule>: Inserted GenericPO[Table=1000263ID=0] / "
*,"32Q320005425594","651501-000-00-00-WM-03",Core,Y,373,"<ZZQctoLearnershipModule>: Inserted GenericPO[Table=1000263ID=0] / <ZZQctoLearnershipModule>: Inserted GenericPO[Table=1000263ID=0] / "
*,"32Q320005425594","651501-000-00-00-WM-04",Core,Y,374,"<ZZQctoLearnershipModule>: Inserted GenericPO[Table=1000263ID=0] / <ZZQctoLearnershipModule>: Inserted GenericPO[Table=1000263ID=0] / "
*,"16Q160170001373","311701003-KM-01",Core,Y,376,"<ZZQctoLearnershipModule>: Inserted GenericPO[Table=1000263ID=0] / <ZZQctoLearnershipModule>: Inserted GenericPO[Table=1000263ID=0] / "
*,"16Q160170001373","311701003-KM-02",Core,Y,377,"<ZZQctoLearnershipModule>: Inserted GenericPO[Table=1000263ID=0] / <ZZQctoLearnershipModule>: Inserted GenericPO[Table=1000263ID=0] / "
*,"16Q160170001373","311701003-KM-03",Core,Y,378,"<ZZQctoLearnershipModule>: Inserted GenericPO[Table=1000263ID=0] / <ZZQctoLearnershipModule>: Inserted GenericPO[Table=1000263ID=0] / "
*,"16Q160170001373","311701003-KM-04",Core,Y,379,"<ZZQctoLearnershipModule>: Inserted GenericPO[Table=1000263ID=0] / <ZZQctoLearnershipModule>: Inserted GenericPO[Table=1000263ID=0] / "
*,"16Q160170001373","311701003-PM-01",Core,Y,380,"<ZZQctoLearnershipModule>: Inserted GenericPO[Table=1000263ID=0] / <ZZQctoLearnershipModule>: Inserted GenericPO[Table=1000263ID=0] / "
*,"16Q160170001373","311701003-PM-02",Core,Y,381,"<ZZQctoLearnershipModule>: Inserted GenericPO[Table=1000263ID=0] / <ZZQctoLearnershipModule>: Inserted GenericPO[Table=1000263ID=0] / "
*,"16Q160170001373","311701003-PM-03",Core,Y,382,"<ZZQctoLearnershipModule>: Inserted GenericPO[Table=1000263ID=0] / <ZZQctoLearnershipModule>: Inserted GenericPO[Table=1000263ID=0] / "
*,"16Q160170001373","311701003-WM-01",Core,Y,383,"<ZZQctoLearnershipModule>: Inserted GenericPO[Table=1000263ID=0] / <ZZQctoLearnershipModule>: Inserted GenericPO[Table=1000263ID=0] / "
*,"16Q160170001373","311701003-WM-02",Core,Y,384,"<ZZQctoLearnershipModule>: Inserted GenericPO[Table=1000263ID=0] / <ZZQctoLearnershipModule>: Inserted GenericPO[Table=1000263ID=0] / "
*,"16Q160191002144","311701004-KM-01",Core,Y,385,"<ZZQctoLearnershipModule>: Inserted GenericPO[Table=1000263ID=0] / <ZZQctoLearnershipModule>: Inserted GenericPO[Table=1000263ID=0] / "
*,"16Q160191002144","311701004-KM-02",Core,Y,386,"<ZZQctoLearnershipModule>: Inserted GenericPO[Table=1000263ID=0] / <ZZQctoLearnershipModule>: Inserted GenericPO[Table=1000263ID=0] / "
*,"16Q160191002144","311701004-KM-03",Core,Y,387,"<ZZQctoLearnershipModule>: Inserted GenericPO[Table=1000263ID=0] / <ZZQctoLearnershipModule>: Inserted GenericPO[Table=1000263ID=0] / "
*,"16Q160191002144","311701004-KM-04",Core,Y,388,"<ZZQctoLearnershipModule>: Inserted GenericPO[Table=1000263ID=0] / <ZZQctoLearnershipModule>: Inserted GenericPO[Table=1000263ID=0] / "
*,"16Q160191002144","311701004-KM-05",Core,Y,389,"<ZZQctoLearnershipModule>: Inserted GenericPO[Table=1000263ID=0] / <ZZQctoLearnershipModule>: Inserted GenericPO[Table=1000263ID=0] / "
*,"16Q160191002144","311701004-PM-01",Core,Y,390,"<ZZQctoLearnershipModule>: Inserted GenericPO[Table=1000263ID=0] / <ZZQctoLearnershipModule>: Inserted GenericPO[Table=1000263ID=0] / "
*,"16Q160191002144","311701004-PM-02",Core,Y,391,"<ZZQctoLearnershipModule>: Inserted GenericPO[Table=1000263ID=0] / <ZZQctoLearnershipModule>: Inserted GenericPO[Table=1000263ID=0] / "
*,"16Q160191002144","311701004-PM-03",Core,Y,392,"<ZZQctoLearnershipModule>: Inserted GenericPO[Table=1000263ID=0] / <ZZQctoLearnershipModule>: Inserted GenericPO[Table=1000263ID=0] / "
*,"16Q160191002144","311701004-PM-04",Core,Y,393,"<ZZQctoLearnershipModule>: Inserted GenericPO[Table=1000263ID=0] / <ZZQctoLearnershipModule>: Inserted GenericPO[Table=1000263ID=0] / "
*,"16Q160191002144","311701004-PM-05",Core,Y,394,"<ZZQctoLearnershipModule>: Inserted GenericPO[Table=1000263ID=0] / <ZZQctoLearnershipModule>: Inserted GenericPO[Table=1000263ID=0] / "
*,"16Q160191002144","311701004-PM-06",Core,Y,395,"<ZZQctoLearnershipModule>: Inserted GenericPO[Table=1000263ID=0] / <ZZQctoLearnershipModule>: Inserted GenericPO[Table=1000263ID=0] / "
*,"16Q160191002144","311701004-PM-07",Core,Y,396,"<ZZQctoLearnershipModule>: Inserted GenericPO[Table=1000263ID=0] / <ZZQctoLearnershipModule>: Inserted GenericPO[Table=1000263ID=0] / "
*,"16Q160191002144","311701004-WM-01",Core,Y,397,"<ZZQctoLearnershipModule>: Inserted GenericPO[Table=1000263ID=0] / <ZZQctoLearnershipModule>: Inserted GenericPO[Table=1000263ID=0] / "
*,"16Q160191002144","311701004-WM-02",Core,Y,398,"<ZZQctoLearnershipModule>: Inserted GenericPO[Table=1000263ID=0] / <ZZQctoLearnershipModule>: Inserted GenericPO[Table=1000263ID=0] / "
*,"16Q160191002144","311701004-WM-03",Core,Y,399,"<ZZQctoLearnershipModule>: Inserted GenericPO[Table=1000263ID=0] / <ZZQctoLearnershipModule>: Inserted GenericPO[Table=1000263ID=0] / "
*,"16Q160191002144","311701004-WM-04",Core,Y,400,"<ZZQctoLearnershipModule>: Inserted GenericPO[Table=1000263ID=0] / <ZZQctoLearnershipModule>: Inserted GenericPO[Table=1000263ID=0] / "
*,"16Q160191002144","311701004-WM-05",Core,Y,401,"<ZZQctoLearnershipModule>: Inserted GenericPO[Table=1000263ID=0] / <ZZQctoLearnershipModule>: Inserted GenericPO[Table=1000263ID=0] / "
*,"16Q160191002144","311701004-WM-06",Core,Y,402,"<ZZQctoLearnershipModule>: Inserted GenericPO[Table=1000263ID=0] / <ZZQctoLearnershipModule>: Inserted GenericPO[Table=1000263ID=0] / "
*,"16Q160191002144","311701004-WM-07",Core,Y,403,"<ZZQctoLearnershipModule>: Inserted GenericPO[Table=1000263ID=0] / <ZZQctoLearnershipModule>: Inserted GenericPO[Table=1000263ID=0] / "
*,"16Q160191002144","311701004-WM-08",Core,Y,404,"<ZZQctoLearnershipModule>: Inserted GenericPO[Table=1000263ID=0] / <ZZQctoLearnershipModule>: Inserted GenericPO[Table=1000263ID=0] / "
*,"16Q160191002144","311701004-WM-09",Core,Y,405,"<ZZQctoLearnershipModule>: Inserted GenericPO[Table=1000263ID=0] / <ZZQctoLearnershipModule>: Inserted GenericPO[Table=1000263ID=0] / "
*,"32Q320050145404","311704001-KM-01",Core,Y,406,"<ZZQctoLearnershipModule>: Inserted GenericPO[Table=1000263ID=0] / <ZZQctoLearnershipModule>: Inserted GenericPO[Table=1000263ID=0] / "
*,"32Q320050145404","311704001-KM-02",Core,Y,407,"<ZZQctoLearnershipModule>: Inserted GenericPO[Table=1000263ID=0] / <ZZQctoLearnershipModule>: Inserted GenericPO[Table=1000263ID=0] / "
*,"32Q320050145404","311704001-KM-03",Core,Y,408,"<ZZQctoLearnershipModule>: Inserted GenericPO[Table=1000263ID=0] / <ZZQctoLearnershipModule>: Inserted GenericPO[Table=1000263ID=0] / "
*,"32Q320050145404","311704001-KM-05",Core,Y,409,"<ZZQctoLearnershipModule>: Inserted GenericPO[Table=1000263ID=0] / <ZZQctoLearnershipModule>: Inserted GenericPO[Table=1000263ID=0] / "
*,"32Q320050145404","311704001-PM-01",Core,Y,411,"<ZZQctoLearnershipModule>: Inserted GenericPO[Table=1000263ID=0] / <ZZQctoLearnershipModule>: Inserted GenericPO[Table=1000263ID=0] / "
*,"32Q320050145404","311704001-PM-02",Core,Y,412,"<ZZQctoLearnershipModule>: Inserted GenericPO[Table=1000263ID=0] / <ZZQctoLearnershipModule>: Inserted GenericPO[Table=1000263ID=0] / "
*,"32Q320050145404","311704001-PM-03",Core,Y,413,"<ZZQctoLearnershipModule>: Inserted GenericPO[Table=1000263ID=0] / <ZZQctoLearnershipModule>: Inserted GenericPO[Table=1000263ID=0] / "
*,"32Q320050145404","311704001-PM-04",Core,Y,414,"<ZZQctoLearnershipModule>: Inserted GenericPO[Table=1000263ID=0] / <ZZQctoLearnershipModule>: Inserted GenericPO[Table=1000263ID=0] / "
*,"32Q320050145404","311704001-PM-05",Core,Y,415,"<ZZQctoLearnershipModule>: Inserted GenericPO[Table=1000263ID=0] / <ZZQctoLearnershipModule>: Inserted GenericPO[Table=1000263ID=0] / "
*,"32Q320050145404","311704001-PM-06",Core,Y,416,"<ZZQctoLearnershipModule>: Inserted GenericPO[Table=1000263ID=0] / <ZZQctoLearnershipModule>: Inserted GenericPO[Table=1000263ID=0] / "
*,"32Q320050145404","311704001-WM-01",Core,Y,417,"<ZZQctoLearnershipModule>: Inserted GenericPO[Table=1000263ID=0] / <ZZQctoLearnershipModule>: Inserted GenericPO[Table=1000263ID=0] / "
*,"32Q320050145404","311704001-WM-02",Core,Y,418,"<ZZQctoLearnershipModule>: Inserted GenericPO[Table=1000263ID=0] / <ZZQctoLearnershipModule>: Inserted GenericPO[Table=1000263ID=0] / "
*,"32Q320050145404","311704001-KM-04",Core,Y,410,"<ZZQctoLearnershipModule>: Inserted GenericPO[Table=1000263ID=0] / <ZZQctoLearnershipModule>: Inserted GenericPO[Table=1000263ID=0] / "
*,"32Q320048113264","311704003-KM-01",Core,Y,419,"<ZZQctoLearnershipModule>: Inserted GenericPO[Table=1000263ID=0] / <ZZQctoLearnershipModule>: Inserted GenericPO[Table=1000263ID=0] / "
*,"32Q320048113264","311704003-KM-02",Core,Y,420,"<ZZQctoLearnershipModule>: Inserted GenericPO[Table=1000263ID=0] / <ZZQctoLearnershipModule>: Inserted GenericPO[Table=1000263ID=0] / "
*,"32Q320048113264","311704003-KM-03",Core,Y,421,"<ZZQctoLearnershipModule>: Inserted GenericPO[Table=1000263ID=0] / <ZZQctoLearnershipModule>: Inserted GenericPO[Table=1000263ID=0] / "
*,"32Q320048113264","311704003-KM-04",Core,Y,422,"<ZZQctoLearnershipModule>: Inserted GenericPO[Table=1000263ID=0] / <ZZQctoLearnershipModule>: Inserted GenericPO[Table=1000263ID=0] / "
*,"32Q320048113264","311704003-KM-05",Core,Y,423,"<ZZQctoLearnershipModule>: Inserted GenericPO[Table=1000263ID=0] / <ZZQctoLearnershipModule>: Inserted GenericPO[Table=1000263ID=0] / "
*,"32Q320048113264","311704003-KM-06",Core,Y,424,"<ZZQctoLearnershipModule>: Inserted GenericPO[Table=1000263ID=0] / <ZZQctoLearnershipModule>: Inserted GenericPO[Table=1000263ID=0] / "
*,"32Q320048113264","311704003-PM-01",Core,Y,425,"<ZZQctoLearnershipModule>: Inserted GenericPO[Table=1000263ID=0] / <ZZQctoLearnershipModule>: Inserted GenericPO[Table=1000263ID=0] / "
*,"32Q320048113264","311704003-PM-02",Core,Y,426,"<ZZQctoLearnershipModule>: Inserted GenericPO[Table=1000263ID=0] / <ZZQctoLearnershipModule>: Inserted GenericPO[Table=1000263ID=0] / "
*,"32Q320048113264","311704003-PM-03",Core,Y,427,"<ZZQctoLearnershipModule>: Inserted GenericPO[Table=1000263ID=0] / <ZZQctoLearnershipModule>: Inserted GenericPO[Table=1000263ID=0] / "
*,"32Q320048113264","311704003-WM-01",Core,Y,428,"<ZZQctoLearnershipModule>: Inserted GenericPO[Table=1000263ID=0] / <ZZQctoLearnershipModule>: Inserted GenericPO[Table=1000263ID=0] / "
*,"32Q320048113264","311704003-WM-02",Core,Y,429,"<ZZQctoLearnershipModule>: Inserted GenericPO[Table=1000263ID=0] / <ZZQctoLearnershipModule>: Inserted GenericPO[Table=1000263ID=0] / "
*,"32Q320049145684","311704002-KM-01",Core,Y,430,"<ZZQctoLearnershipModule>: Inserted GenericPO[Table=1000263ID=0] / <ZZQctoLearnershipModule>: Inserted GenericPO[Table=1000263ID=0] / "
*,"32Q320049145684","311704002-KM-02",Core,Y,431,"<ZZQctoLearnershipModule>: Inserted GenericPO[Table=1000263ID=0] / <ZZQctoLearnershipModule>: Inserted GenericPO[Table=1000263ID=0] / "
*,"32Q320049145684","311704002-KM-03",Core,Y,432,"<ZZQctoLearnershipModule>: Inserted GenericPO[Table=1000263ID=0] / <ZZQctoLearnershipModule>: Inserted GenericPO[Table=1000263ID=0] / "
*,"32Q320049145684","311704002-KM-04",Core,Y,433,"<ZZQctoLearnershipModule>: Inserted GenericPO[Table=1000263ID=0] / <ZZQctoLearnershipModule>: Inserted GenericPO[Table=1000263ID=0] / "
*,"32Q320049145684","311704002-KM-05",Core,Y,434,"<ZZQctoLearnershipModule>: Inserted GenericPO[Table=1000263ID=0] / <ZZQctoLearnershipModule>: Inserted GenericPO[Table=1000263ID=0] / "
*,"32Q320049145684","311704002-KM-06",Core,Y,435,"<ZZQctoLearnershipModule>: Inserted GenericPO[Table=1000263ID=0] / <ZZQctoLearnershipModule>: Inserted GenericPO[Table=1000263ID=0] / "
*,"32Q320049145684","311704002-PM-01",Core,Y,436,"<ZZQctoLearnershipModule>: Inserted GenericPO[Table=1000263ID=0] / <ZZQctoLearnershipModule>: Inserted GenericPO[Table=1000263ID=0] / "
*,"32Q320049145684","311704002-PM-02",Core,Y,437,"<ZZQctoLearnershipModule>: Inserted GenericPO[Table=1000263ID=0] / <ZZQctoLearnershipModule>: Inserted GenericPO[Table=1000263ID=0] / "
*,"32Q320049145684","311704002-PM-03",Core,Y,438,"<ZZQctoLearnershipModule>: Inserted GenericPO[Table=1000263ID=0] / <ZZQctoLearnershipModule>: Inserted GenericPO[Table=1000263ID=0] / "
*,"32Q320049145684","311704002-PM-04",Core,Y,439,"<ZZQctoLearnershipModule>: Inserted GenericPO[Table=1000263ID=0] / <ZZQctoLearnershipModule>: Inserted GenericPO[Table=1000263ID=0] / "
*,"32Q320049145684","311704002-PM-05",Core,Y,440,"<ZZQctoLearnershipModule>: Inserted GenericPO[Table=1000263ID=0] / <ZZQctoLearnershipModule>: Inserted GenericPO[Table=1000263ID=0] / "
*,"32Q320049145684","311704002-PM-06",Core,Y,441,"<ZZQctoLearnershipModule>: Inserted GenericPO[Table=1000263ID=0] / <ZZQctoLearnershipModule>: Inserted GenericPO[Table=1000263ID=0] / "
*,"32Q320049145684","311704002-WM-01",Core,Y,442,"<ZZQctoLearnershipModule>: Inserted GenericPO[Table=1000263ID=0] / <ZZQctoLearnershipModule>: Inserted GenericPO[Table=1000263ID=0] / "
*,"32Q320049145684","311704002-WM-02",Core,Y,443,"<ZZQctoLearnershipModule>: Inserted GenericPO[Table=1000263ID=0] / <ZZQctoLearnershipModule>: Inserted GenericPO[Table=1000263ID=0] / "
