"AD_Org_ID[Name]","ZZSAQAQualificationCode","ZZSAQAQualificationTitle","ZZNqfLevel","ZZCredits","Registrationstartdate","Registrationenddate","ZZLastEnrolmentDate","ZZLastAchievementDate","ZZQualityAssuranceBody","ZZQualificationType","ZZReplacementQualification_ID[ZZSAQAQualificationCode]","ZZNewRegistrationStartDate","ZZNewRegistrationEndDate","ZZNewLastEnrolmentDate","ZZNewLastAchievementDate","ZZIsReplacement","ZZIsReregistered","ZZMinimumElectiveCredits","IsActive","ZZMigrationCode/K","ZZMigrateValues",_LOG_
*,"23624",National Certificate Diesel Mechanic ,"3",120,2018-07-01 00:00:00.000,2024-06-30 00:00:00.000,2024-06-30 00:00:00.000,1900-01-01 00:00:00.000,,Unit Standard Based,,1900-01-01 00:00:00.000,1900-01-01 00:00:00.000,1900-01-01 00:00:00.000,1900-01-01 00:00:00.000,N,N,0,N,1,ZZLkpOfoOccupation:ZZLkpOfoOccupation_id:1105,"<ZZQualification>: Inserted X_ZZQualification[1000573Name=null] / <ZZQualification>: Inserted X_ZZQualification[1000573Name=null] / "
*,"23625",National Certificate: Electrical,"4",120,2018-07-01 00:00:00.000,2024-06-30 00:00:00.000,2024-06-30 00:00:00.000,1900-01-01 00:00:00.000,"629",Unit Standard Based,,1900-01-01 00:00:00.000,1900-01-01 00:00:00.000,1900-01-01 00:00:00.000,1900-01-01 00:00:00.000,N,N,0,N,2,ZZLkpOfoOccupation:ZZLkpOfoOccupation_id:1165,"<ZZQualification>: Inserted X_ZZQualification[1000574Name=null] / <ZZQualification>: Inserted X_ZZQualification[1000574Name=null] / "
*,"23626",National Certificate Fitting and Turning ,"3",120,2018-07-01 00:00:00.000,2024-06-30 00:00:00.000,2024-06-30 00:00:00.000,1900-01-01 00:00:00.000,"629",Unit Standard Based,,1900-01-01 00:00:00.000,1900-01-01 00:00:00.000,1900-01-01 00:00:00.000,1900-01-01 00:00:00.000,N,N,0,N,3,ZZLkpOfoOccupation:ZZLkpOfoOccupation_id:1090,"<ZZQualification>: Inserted X_ZZQualification[1000575Name=null] / <ZZQualification>: Inserted X_ZZQualification[1000575Name=null] / "
*,"23627",National Certificate Fitting (Including Machining) ,"3",120,2018-07-01 00:00:00.000,2024-06-30 00:00:00.000,2024-06-30 00:00:00.000,1900-01-01 00:00:00.000,"629",Unit Standard Based,,1900-01-01 00:00:00.000,1900-01-01 00:00:00.000,1900-01-01 00:00:00.000,1900-01-01 00:00:00.000,N,N,0,N,4,ZZLkpOfoOccupation:ZZLkpOfoOccupation_id:1102,"<ZZQualification>: Inserted X_ZZQualification[1000576Name=null] / <ZZQualification>: Inserted X_ZZQualification[1000576Name=null] / "
*,"23628",National Certificate: Instrumentation Mechanician,"4",99,2018-07-01 00:00:00.000,2024-06-30 00:00:00.000,2024-06-30 00:00:00.000,1900-01-01 00:00:00.000,"629",Unit Standard Based,,1900-01-01 00:00:00.000,1900-01-01 00:00:00.000,1900-01-01 00:00:00.000,1900-01-01 00:00:00.000,N,N,0,N,5,ZZLkpOfoOccupation:ZZLkpOfoOccupation_id:1174,"<ZZQualification>: Inserted X_ZZQualification[1000577Name=null] / <ZZQualification>: Inserted X_ZZQualification[1000577Name=null] / "
*,"23813",National Certificate Rigger Ropesman,"3",120,2018-07-01 00:00:00.000,2024-06-30 00:00:00.000,2024-06-30 00:00:00.000,1900-01-01 00:00:00.000,"629",Unit Standard Based,,1900-01-01 00:00:00.000,1900-01-01 00:00:00.000,1900-01-01 00:00:00.000,1900-01-01 00:00:00.000,N,N,0,N,6,ZZLkpOfoOccupation:ZZLkpOfoOccupation_id:1079,"<ZZQualification>: Inserted X_ZZQualification[1000578Name=null] / <ZZQualification>: Inserted X_ZZQualification[1000578Name=null] / "
*,"21841",National Certificate in Winding Engine Driving,"3",127,2018-07-01 00:00:00.000,2027-06-30 00:00:00.000,2027-06-30 00:00:00.000,1900-01-01 00:00:00.000,"629",Unit Standard Based,,1900-01-01 00:00:00.000,1900-01-01 00:00:00.000,1900-01-01 00:00:00.000,1900-01-01 00:00:00.000,N,N,0,Y,7,ZZLkpOfoOccupation:ZZLkpOfoOccupation_id:1396,"<ZZQualification>: Inserted X_ZZQualification[1000579Name=null] / <ZZQualification>: Inserted X_ZZQualification[1000579Name=null] / "
*,"21844",National Certificate in Jewellery Manufacture in a Production Environment,"3",159,2005-08-03 00:00:00.000,2008-08-23 00:00:00.000,2013-08-23 00:00:00.000,1900-01-01 00:00:00.000,"629",Unit Standard Based,,1900-01-01 00:00:00.000,1900-01-01 00:00:00.000,1900-01-01 00:00:00.000,1900-01-01 00:00:00.000,N,N,0,Y,8,,"<ZZQualification>: Inserted X_ZZQualification[1000580Name=null] / <ZZQualification>: Inserted X_ZZQualification[1000580Name=null] / "
*,"21846",National Certificate in Diamond Processing Operator,"2",120,2005-08-23 00:00:00.000,2008-08-23 00:00:00.000,2012-08-23 00:00:00.000,1900-01-01 00:00:00.000,,Unit Standard Based,,1900-01-01 00:00:00.000,1900-01-01 00:00:00.000,1900-01-01 00:00:00.000,1900-01-01 00:00:00.000,N,N,0,Y,9,,"<ZZQualification>: Inserted X_ZZQualification[1000581Name=null] / <ZZQualification>: Inserted X_ZZQualification[1000581Name=null] / "
*,"21814",National Certificate in Engineering Maintenance and Repairing for Underground Coal Mining,"2",148,2018-07-01 00:00:00.000,2026-06-30 00:00:00.000,2026-06-30 00:00:00.000,2029-06-30 00:00:00.000,"629",Unit Standard Based,,1900-01-01 00:00:00.000,1900-01-01 00:00:00.000,1900-01-01 00:00:00.000,1900-01-01 00:00:00.000,N,N,0,Y,10,ZZLkpOfoOccupation:ZZLkpOfoOccupation_id:49,"<ZZQualification>: Inserted X_ZZQualification[1000582Name=null] / <ZZQualification>: Inserted X_ZZQualification[1000582Name=null] / "
*,"21845",Further Education and Training Certificate in  Diamond Processing: Polisher - Crossworker,"4",351,2006-11-07 00:00:00.000,2009-11-07 00:00:00.000,2010-11-07 00:00:00.000,1900-01-01 00:00:00.000,"629",Unit Standard Based,,1900-01-01 00:00:00.000,1900-01-01 00:00:00.000,1900-01-01 00:00:00.000,1900-01-01 00:00:00.000,N,N,0,Y,11,,"<ZZQualification>: Inserted X_ZZQualification[1000583Name=null] / <ZZQualification>: Inserted X_ZZQualification[1000583Name=null] / "
*,"21812",National certificate in Mining Operations: Underground Coal ,"3",120,2018-07-01 00:00:00.000,2027-06-30 00:00:00.000,2027-06-30 00:00:00.000,1900-01-01 00:00:00.000,"629",Unit Standard Based,,1900-01-01 00:00:00.000,1900-01-01 00:00:00.000,1900-01-01 00:00:00.000,1900-01-01 00:00:00.000,N,N,0,Y,12,ZZLkpOfoOccupation:ZZLkpOfoOccupation_id:49,"<ZZQualification>: Inserted X_ZZQualification[1000584Name=null] / <ZZQualification>: Inserted X_ZZQualification[1000584Name=null] / "
*,"21815",National Certificate in Engineering Maintenance for Underground Hard Rock (Metalliferous) ,"2",120,2018-07-01 00:00:00.000,2027-06-30 00:00:00.000,2027-06-30 00:00:00.000,1900-01-01 00:00:00.000,"629",Unit Standard Based,,1900-01-01 00:00:00.000,1900-01-01 00:00:00.000,1900-01-01 00:00:00.000,1900-01-01 00:00:00.000,N,N,0,Y,13,ZZLkpOfoOccupation:ZZLkpOfoOccupation_id:49,"<ZZQualification>: Inserted X_ZZQualification[1000585Name=null] / <ZZQualification>: Inserted X_ZZQualification[1000585Name=null] / "
*,"21843",National Certificate in Diamond Processing: Polisher - Brillianteer,"3",323,2006-11-07 00:00:00.000,2009-11-07 00:00:00.000,2010-11-07 00:00:00.000,1900-01-01 00:00:00.000,"629",Unit Standard Based,,1900-01-01 00:00:00.000,1900-01-01 00:00:00.000,1900-01-01 00:00:00.000,1900-01-01 00:00:00.000,N,N,0,Y,14,,"<ZZQualification>: Inserted X_ZZQualification[1000586Name=null] / <ZZQualification>: Inserted X_ZZQualification[1000586Name=null] / "
*,"21842",National Certificate: Surface Mining Rockbreaking ,"2",147,2006-11-07 00:00:00.000,2009-11-07 00:00:00.000,2010-11-07 00:00:00.000,1900-01-01 00:00:00.000,"629",Unit Standard Based,,1900-01-01 00:00:00.000,1900-01-01 00:00:00.000,1900-01-01 00:00:00.000,1900-01-01 00:00:00.000,N,N,0,Y,15,,"<ZZQualification>: Inserted X_ZZQualification[1000587Name=null] / <ZZQualification>: Inserted X_ZZQualification[1000587Name=null] / "
*,"49045",National Certificate in Lump Ore Beneficiation (L2),"2",163,2004-12-02 00:00:00.000,2007-12-02 00:00:00.000,2008-12-02 00:00:00.000,1900-01-01 00:00:00.000,"629",Unit Standard Based,,1900-01-01 00:00:00.000,1900-01-01 00:00:00.000,1900-01-01 00:00:00.000,1900-01-01 00:00:00.000,N,N,0,Y,16,,"<ZZQualification>: Inserted X_ZZQualification[1000588Name=null] / <ZZQualification>: Inserted X_ZZQualification[1000588Name=null] / "
*,"48804","National Certificate Occupational Safety, Hygiene and Environment ","2",135,2007-08-07 00:00:00.000,2010-08-07 00:00:00.000,2011-08-07 00:00:00.000,1900-01-01 00:00:00.000,,Unit Standard Based,,1900-01-01 00:00:00.000,1900-01-01 00:00:00.000,1900-01-01 00:00:00.000,1900-01-01 00:00:00.000,N,N,0,Y,17,,"<ZZQualification>: Inserted X_ZZQualification[1000589Name=null] / <ZZQualification>: Inserted X_ZZQualification[1000589Name=null] / "
*,"50063",Further Education and Training Certificate in  Occupational Safety (Version1),"4",145,2008-10-20 00:00:00.000,2011-10-20 00:00:00.000,2012-10-20 00:00:00.000,1900-01-01 00:00:00.000,,Unit Standard Based,,1900-01-01 00:00:00.000,1900-01-01 00:00:00.000,1900-01-01 00:00:00.000,1900-01-01 00:00:00.000,N,N,0,Y,18,,"<ZZQualification>: Inserted X_ZZQualification[1000590Name=null] / <ZZQualification>: Inserted X_ZZQualification[1000590Name=null] / "
*,"58248",National Certificate in Laboratory Practice,"2",120,2007-06-27 00:00:00.000,2010-06-27 00:00:00.000,2011-06-27 00:00:00.000,1900-01-01 00:00:00.000,"629",Unit Standard Based,,1900-01-01 00:00:00.000,1900-01-01 00:00:00.000,1900-01-01 00:00:00.000,1900-01-01 00:00:00.000,N,N,0,Y,19,ZZLkpOfoOccupation:ZZLkpOfoOccupation_id:102,"<ZZQualification>: Inserted X_ZZQualification[1000591Name=null] / <ZZQualification>: Inserted X_ZZQualification[1000591Name=null] / "
*,"48696 ",National Certificate  Measurement  Control and Instrumentation ,"3",175,2007-04-03 00:00:00.000,2010-04-03 00:00:00.000,2011-04-03 00:00:00.000,1900-01-01 00:00:00.000,,Unit Standard Based,,1900-01-01 00:00:00.000,1900-01-01 00:00:00.000,1900-01-01 00:00:00.000,1900-01-01 00:00:00.000,N,N,0,Y,20,ZZLkpOfoOccupation:ZZLkpOfoOccupation_id:1112,"<ZZQualification>: Inserted X_ZZQualification[1000592Name=null] / <ZZQualification>: Inserted X_ZZQualification[1000592Name=null] / "
*,"35927",Further Education and Training Certificate in  Payroll Administration Services,"4",153,2006-11-07 00:00:00.000,2009-11-07 00:00:00.000,2010-11-07 00:00:00.000,1900-01-01 00:00:00.000,,Unit Standard Based,,1900-01-01 00:00:00.000,1900-01-01 00:00:00.000,1900-01-01 00:00:00.000,1900-01-01 00:00:00.000,N,N,0,Y,21,,"<ZZQualification>: Inserted X_ZZQualification[1000593Name=null] / <ZZQualification>: Inserted X_ZZQualification[1000593Name=null] / "
*,"48695",National Certificate Measurement Control and Instrumentation,"2",137,2007-04-03 00:00:00.000,2010-04-03 00:00:00.000,2011-04-03 00:00:00.000,1900-01-01 00:00:00.000,,Unit Standard Based,,1900-01-01 00:00:00.000,1900-01-01 00:00:00.000,1900-01-01 00:00:00.000,1900-01-01 00:00:00.000,N,N,0,Y,22,ZZLkpOfoOccupation:ZZLkpOfoOccupation_id:1112,"<ZZQualification>: Inserted X_ZZQualification[1000594Name=null] / <ZZQualification>: Inserted X_ZZQualification[1000594Name=null] / "
*,"21811",National Certificate: Introduction to Mining and Minerals V2,"1",120,2005-08-23 00:00:00.000,2008-08-23 00:00:00.000,2009-08-23 00:00:00.000,1900-01-01 00:00:00.000,"629",Unit Standard Based,,1900-01-01 00:00:00.000,1900-01-01 00:00:00.000,1900-01-01 00:00:00.000,1900-01-01 00:00:00.000,N,N,0,Y,23,,"<ZZQualification>: Inserted X_ZZQualification[1000595Name=null] / <ZZQualification>: Inserted X_ZZQualification[1000595Name=null] / "
*,"35926",National Certificate in Payroll Administration Services,"5",240,2006-11-07 00:00:00.000,2009-11-07 00:00:00.000,2010-11-07 00:00:00.000,1900-01-01 00:00:00.000,"629",Non Unit Standard Based,,1900-01-01 00:00:00.000,1900-01-01 00:00:00.000,1900-01-01 00:00:00.000,1900-01-01 00:00:00.000,N,N,0,Y,24,,"<ZZQualification>: Inserted X_ZZQualification[1000596Name=null] / <ZZQualification>: Inserted X_ZZQualification[1000596Name=null] / "
*,"48914",National Certificate in  Associate General Accountant,"6",547,2007-04-03 00:00:00.000,2010-04-03 00:00:00.000,2011-04-03 00:00:00.000,1900-01-01 00:00:00.000,,Non Unit Standard Based,,1900-01-01 00:00:00.000,1900-01-01 00:00:00.000,1900-01-01 00:00:00.000,1900-01-01 00:00:00.000,N,N,0,Y,25,,"<ZZQualification>: Inserted X_ZZQualification[1000597Name=null] / <ZZQualification>: Inserted X_ZZQualification[1000597Name=null] / "
*,"22860",Further Education and Training Certificate in Autotronics,"4",135,2006-11-07 00:00:00.000,2009-11-07 00:00:00.000,2010-11-07 00:00:00.000,1900-01-01 00:00:00.000,,Unit Standard Based,,1900-01-01 00:00:00.000,1900-01-01 00:00:00.000,1900-01-01 00:00:00.000,1900-01-01 00:00:00.000,N,N,0,Y,26,,"<ZZQualification>: Inserted X_ZZQualification[1000598Name=null] / <ZZQualification>: Inserted X_ZZQualification[1000598Name=null] / "
*,"22858",National Certificate Autotronics,"2",128,2006-11-07 00:00:00.000,2009-11-07 00:00:00.000,2010-11-07 00:00:00.000,1900-01-01 00:00:00.000,,Unit Standard Based,,1900-01-01 00:00:00.000,1900-01-01 00:00:00.000,1900-01-01 00:00:00.000,1900-01-01 00:00:00.000,N,N,0,N,27,,"<ZZQualification>: Inserted X_ZZQualification[1000599Name=null] / <ZZQualification>: Inserted X_ZZQualification[1000599Name=null] / "
*,"48912",National Certificate in  Chartered Accountant Financial Management,"7",698,2006-07-01 00:00:00.000,2009-07-01 00:00:00.000,2010-07-01 00:00:00.000,1900-01-01 00:00:00.000,,Non Unit Standard Based,,1900-01-01 00:00:00.000,1900-01-01 00:00:00.000,1900-01-01 00:00:00.000,1900-01-01 00:00:00.000,N,N,0,Y,28,,"<ZZQualification>: Inserted X_ZZQualification[1000600Name=null] / <ZZQualification>: Inserted X_ZZQualification[1000600Name=null] / "
*,"24493",National Certificate in  Management,"5",120,2006-05-02 00:00:00.000,2009-05-02 00:00:00.000,2010-05-02 00:00:00.000,2024-01-01 00:00:00.000,"611",Non Unit Standard Based,,1900-01-01 00:30:00.000,1900-01-01 00:30:00.000,1900-01-01 00:30:00.000,1900-01-01 00:30:00.000,N,N,0,Y,29,,"<ZZQualification>: Inserted X_ZZQualification[1000601Name=null] / <ZZQualification>: Inserted X_ZZQualification[1000601Name=null] / "
*,"13716",National Certificate Professional Driving,"3",120,2003-12-03 00:00:00.000,2006-12-03 00:00:00.000,2007-12-03 00:00:00.000,1900-01-01 00:00:00.000,"629",Non Unit Standard Based,,1900-01-01 00:00:00.000,1900-01-01 00:00:00.000,1900-01-01 00:00:00.000,1900-01-01 00:00:00.000,N,N,0,Y,30,,"<ZZQualification>: Inserted X_ZZQualification[1000602Name=null] / <ZZQualification>: Inserted X_ZZQualification[1000602Name=null] / "
*,"22671",National Certificate in Construction Masonry,"3",120,2006-08-01 00:00:00.000,2009-08-01 00:00:00.000,2010-08-01 00:00:00.000,1900-01-01 00:00:00.000,,Unit Standard Based,,1900-01-01 00:00:00.000,1900-01-01 00:00:00.000,1900-01-01 00:00:00.000,1900-01-01 00:00:00.000,N,N,0,Y,31,,"<ZZQualification>: Inserted X_ZZQualification[1000603Name=null] / <ZZQualification>: Inserted X_ZZQualification[1000603Name=null] / "
*,"21853",National Certificate: Construction Plumbing,"3",159,2006-08-01 00:00:00.000,2009-08-01 00:00:00.000,2010-08-01 00:00:00.000,1900-01-01 00:00:00.000,,Unit Standard Based,,1900-01-01 00:00:00.000,1900-01-01 00:00:00.000,1900-01-01 00:00:00.000,1900-01-01 00:00:00.000,N,N,0,Y,32,,"<ZZQualification>: Inserted X_ZZQualification[1000604Name=null] / <ZZQualification>: Inserted X_ZZQualification[1000604Name=null] / "
*,"22670",National Certificate: Construction Carpentry,"3",120,2006-08-01 00:00:00.000,2009-08-01 00:00:00.000,2010-08-01 00:00:00.000,1900-01-01 00:00:00.000,,Unit Standard Based,,1900-01-01 00:00:00.000,1900-01-01 00:00:00.000,1900-01-01 00:00:00.000,1900-01-01 00:00:00.000,N,N,0,Y,33,,"<ZZQualification>: Inserted X_ZZQualification[1000605Name=null] / <ZZQualification>: Inserted X_ZZQualification[1000605Name=null] / "
*,"24273",National Certificate: Community House Building,"2",124,2006-08-01 00:00:00.000,2009-08-01 00:00:00.000,2010-08-01 00:00:00.000,1900-01-01 00:00:00.000,,Unit Standard Based,,1900-01-01 00:00:00.000,1900-01-01 00:00:00.000,1900-01-01 00:00:00.000,1900-01-01 00:00:00.000,N,N,0,Y,34,,"<ZZQualification>: Inserted X_ZZQualification[1000606Name=null] / <ZZQualification>: Inserted X_ZZQualification[1000606Name=null] / "
*,"22490",National Certificate General Security Practice,"3",124,2005-11-01 00:00:00.000,2008-11-01 00:00:00.000,2009-11-01 00:00:00.000,1900-01-01 00:00:00.000,,Non Unit Standard Based,,1900-01-01 00:00:00.000,1900-01-01 00:00:00.000,1900-01-01 00:00:00.000,1900-01-01 00:00:00.000,N,N,0,Y,35,,"<ZZQualification>: Inserted X_ZZQualification[1000607Name=null] / <ZZQualification>: Inserted X_ZZQualification[1000607Name=null] / "
*,"21854",Further Education and Training Certificate in Use of Firearms,"4",155,2005-11-01 00:00:00.000,2008-11-01 00:00:00.000,2009-11-01 00:00:00.000,1900-01-01 00:00:00.000,,Non Unit Standard Based,,1900-01-01 00:00:00.000,1900-01-01 00:00:00.000,1900-01-01 00:00:00.000,1900-01-01 00:00:00.000,N,N,0,Y,36,,"<ZZQualification>: Inserted X_ZZQualification[1000608Name=null] / <ZZQualification>: Inserted X_ZZQualification[1000608Name=null] / "
*,"13739","Further Education and Training Certificate in Occupation-directed Education, Training and Developmen","4",126,2000-10-11 00:00:00.000,2003-10-11 00:00:00.000,2004-10-11 00:00:00.000,1900-01-01 00:00:00.000,"629",Unit Standard Based,,1900-01-01 00:00:00.000,1900-01-01 00:00:00.000,1900-01-01 00:00:00.000,1900-01-01 00:00:00.000,N,N,0,Y,37,,"<ZZQualification>: Inserted X_ZZQualification[1000609Name=null] / <ZZQualification>: Inserted X_ZZQualification[1000609Name=null] / "
*,"15541",National Certificate in Abet Practice,"5",120,2007-12-07 00:00:00.000,2010-12-07 00:00:00.000,2011-12-07 00:00:00.000,1900-01-01 00:00:00.000,,Non Unit Standard Based,,1900-01-01 00:00:00.000,1900-01-01 00:00:00.000,1900-01-01 00:00:00.000,1900-01-01 00:00:00.000,N,N,0,Y,38,,"<ZZQualification>: Inserted X_ZZQualification[1000610Name=null] / <ZZQualification>: Inserted X_ZZQualification[1000610Name=null] / "
*,"12037",National Certificate in Education: Training and Development,"2",128,2006-01-07 00:00:00.000,2009-01-07 00:00:00.000,2010-01-07 00:00:00.000,1900-01-01 00:00:00.000,,Non Unit Standard Based,,1900-01-01 00:00:00.000,1900-01-01 00:00:00.000,1900-01-01 00:00:00.000,1900-01-01 00:00:00.000,N,N,0,Y,39,,"<ZZQualification>: Inserted X_ZZQualification[1000611Name=null] / <ZZQualification>: Inserted X_ZZQualification[1000611Name=null] / "
*,"20838",Further Education and Training Certificate in   ABET Practice,"4",120,2006-11-07 00:00:00.000,2009-11-07 00:00:00.000,2010-11-07 00:00:00.000,1900-01-01 00:00:00.000,,Unit Standard Based,,1900-01-01 00:00:00.000,1900-01-01 00:00:00.000,1900-01-01 00:00:00.000,1900-01-01 00:00:00.000,N,N,0,Y,40,,"<ZZQualification>: Inserted X_ZZQualification[1000612Name=null] / <ZZQualification>: Inserted X_ZZQualification[1000612Name=null] / "
*,"49091",National Certificate in Furniture Making Wood,"2",125,2007-10-30 00:00:00.000,2010-10-30 00:00:00.000,2011-10-30 00:00:00.000,1900-01-01 00:00:00.000,,Unit Standard Based,,1900-01-01 00:00:00.000,1900-01-01 00:00:00.000,1900-01-01 00:00:00.000,1900-01-01 00:00:00.000,N,N,0,Y,41,,"<ZZQualification>: Inserted X_ZZQualification[1000613Name=null] / <ZZQualification>: Inserted X_ZZQualification[1000613Name=null] / "
*,"49105",National Certificate Furniture Making Wood,"3",122,2007-10-30 00:00:00.000,2010-10-30 00:00:00.000,2011-10-30 00:00:00.000,1900-01-01 00:00:00.000,"629",Unit Standard Based,,1900-01-01 00:00:00.000,1900-01-01 00:00:00.000,1900-01-01 00:00:00.000,1900-01-01 00:00:00.000,N,N,0,Y,42,,"<ZZQualification>: Inserted X_ZZQualification[1000614Name=null] / <ZZQualification>: Inserted X_ZZQualification[1000614Name=null] / "
*,"49092",Further Education and Training Certificate in Furniture Making Specialism,"4",155,2007-10-30 00:00:00.000,2010-10-30 00:00:00.000,2011-10-30 00:00:00.000,1900-01-01 00:00:00.000,"629",Unit Standard Based,,1900-01-01 00:00:00.000,1900-01-01 00:00:00.000,1900-01-01 00:00:00.000,1900-01-01 00:00:00.000,N,N,0,Y,43,,"<ZZQualification>: Inserted X_ZZQualification[1000615Name=null] / <ZZQualification>: Inserted X_ZZQualification[1000615Name=null] / "
*,"23255",National Certificate Mechanical Engineering Fitting and Machining,"3",174,2018-07-01 00:00:00.000,2024-06-30 00:00:00.000,2024-06-30 00:00:00.000,1900-01-01 00:00:00.000,,Unit Standard Based,,1900-01-01 00:00:00.000,1900-01-01 00:00:00.000,1900-01-01 00:00:00.000,1900-01-01 00:00:00.000,N,N,0,N,44,ZZLkpOfoOccupation:ZZLkpOfoOccupation_id:1102,"<ZZQualification>: Inserted X_ZZQualification[1000616Name=null] / <ZZQualification>: Inserted X_ZZQualification[1000616Name=null] / "
*,"49046",National Certificate in Lump Ore Beneficiation (L3),"3",120,2007-10-30 00:00:00.000,2010-10-30 00:00:00.000,2011-10-30 00:00:00.000,1900-01-01 00:00:00.000,"629",Unit Standard Based,,1900-01-01 00:00:00.000,1900-01-01 00:00:00.000,1900-01-01 00:00:00.000,1900-01-01 00:00:00.000,N,N,0,Y,45,,"<ZZQualification>: Inserted X_ZZQualification[1000617Name=null] / <ZZQualification>: Inserted X_ZZQualification[1000617Name=null] / "
*,"49049",Further Education and Training Certificate in Lump Ore Beneficiation,"4",135,2007-04-03 00:00:00.000,2010-04-03 00:00:00.000,2011-04-03 00:00:00.000,1900-01-01 00:00:00.000,"629",Unit Standard Based,,1900-01-01 00:00:00.000,1900-01-01 00:00:00.000,1900-01-01 00:00:00.000,1900-01-01 00:00:00.000,N,N,0,Y,46,,"<ZZQualification>: Inserted X_ZZQualification[1000618Name=null] / <ZZQualification>: Inserted X_ZZQualification[1000618Name=null] / "
*,"49044","National Certificate in Mineral Processing, Gold Extraction","3",124,2007-10-30 00:00:00.000,2010-10-30 00:00:00.000,2011-10-30 00:00:00.000,1900-01-01 00:00:00.000,"629",Unit Standard Based,,1900-01-01 00:00:00.000,1900-01-01 00:00:00.000,1900-01-01 00:00:00.000,1900-01-01 00:00:00.000,N,N,0,Y,47,,"<ZZQualification>: Inserted X_ZZQualification[1000619Name=null] / <ZZQualification>: Inserted X_ZZQualification[1000619Name=null] / "
*,"57121",National Certificate in Rockbreaking: Quarrying,"3",120,2006-12-11 00:00:00.000,2009-12-11 00:00:00.000,2010-12-11 00:00:00.000,1900-01-01 00:00:00.000,"629",Unit Standard Based,,1900-01-01 00:00:00.000,1900-01-01 00:00:00.000,1900-01-01 00:00:00.000,1900-01-01 00:00:00.000,N,N,0,Y,48,,"<ZZQualification>: Inserted X_ZZQualification[1000620Name=null] / <ZZQualification>: Inserted X_ZZQualification[1000620Name=null] / "
*,"58186",National Certificate in Sulphuric Acid Production,"3",134,2007-01-01 00:00:00.000,2010-01-01 00:00:00.000,2011-01-01 00:00:00.000,1900-01-01 00:00:00.000,,Unit Standard Based,,1900-01-01 00:00:00.000,1900-01-01 00:00:00.000,1900-01-01 00:00:00.000,1900-01-01 00:00:00.000,N,N,0,Y,49,,"<ZZQualification>: Inserted X_ZZQualification[1000621Name=null] / <ZZQualification>: Inserted X_ZZQualification[1000621Name=null] / "
*,"58226",National Certificate in Sulphuric Acid Production,"2",166,2007-01-01 00:00:00.000,2010-01-01 00:00:00.000,2011-01-01 00:00:00.000,1900-01-01 00:00:00.000,"629",Non Unit Standard Based,,1900-01-01 00:00:00.000,1900-01-01 00:00:00.000,1900-01-01 00:00:00.000,1900-01-01 00:00:00.000,N,N,0,Y,50,,"<ZZQualification>: Inserted X_ZZQualification[1000622Name=null] / <ZZQualification>: Inserted X_ZZQualification[1000622Name=null] / "
*,"58228",Further Education and Training Certificate in Sulphuric Acid Production,"4",146,2007-01-01 00:00:00.000,2010-01-01 00:00:00.000,2011-01-01 00:00:00.000,1900-01-01 00:00:00.000,"629",Unit Standard Based,,1900-01-01 00:00:00.000,1900-01-01 00:00:00.000,1900-01-01 00:00:00.000,1900-01-01 00:00:00.000,N,N,0,Y,51,,"<ZZQualification>: Inserted X_ZZQualification[1000623Name=null] / <ZZQualification>: Inserted X_ZZQualification[1000623Name=null] / "
*,"50082",Further Education and Training Certificate in  Minerals Surveying,"4",148,2018-07-01 00:00:00.000,2026-06-30 00:00:00.000,2026-06-30 00:00:00.000,2029-06-30 00:00:00.000,"629",Unit Standard Based,,1900-01-01 00:00:00.000,1900-01-01 00:00:00.000,1900-01-01 00:00:00.000,1900-01-01 00:00:00.000,N,N,0,Y,52,ZZLkpOfoOccupation:ZZLkpOfoOccupation_id:528,"<ZZQualification>: Inserted X_ZZQualification[1000624Name=null] / <ZZQualification>: Inserted X_ZZQualification[1000624Name=null] / "
*,"48972",National Certificate: Plant Production,"1",120,2007-10-30 00:00:00.000,2010-10-30 00:00:00.000,2011-10-30 00:00:00.000,1900-01-01 00:00:00.000,,Unit Standard Based,,1900-01-01 00:00:00.000,1900-01-01 00:00:00.000,1900-01-01 00:00:00.000,1900-01-01 00:00:00.000,N,N,0,Y,53,,"<ZZQualification>: Inserted X_ZZQualification[1000625Name=null] / <ZZQualification>: Inserted X_ZZQualification[1000625Name=null] / "
*,"21839",National Certificate In Mining Operations Underground Hardrock Narrow Tabular (Version1),"2",159,2002-06-12 00:00:00.000,2005-06-12 00:00:00.000,2006-06-12 00:00:00.000,1900-01-01 00:00:00.000,"629",Unit Standard Based,,1900-01-01 00:00:00.000,1900-01-01 00:00:00.000,1900-01-01 00:00:00.000,1900-01-01 00:00:00.000,N,N,0,Y,54,,"<ZZQualification>: Inserted X_ZZQualification[1000626Name=null] / <ZZQualification>: Inserted X_ZZQualification[1000626Name=null] / "
*,"21840",National Certificate in Rockbreaking Underground Hardrock Narrow Tabular (Version1),"3",140,2002-06-12 00:00:00.000,2005-06-12 00:00:00.000,2006-06-12 00:00:00.000,1900-01-01 00:00:00.000,"629",Unit Standard Based,,1900-01-01 00:00:00.000,1900-01-01 00:00:00.000,1900-01-01 00:00:00.000,1900-01-01 00:00:00.000,N,N,0,Y,55,,"<ZZQualification>: Inserted X_ZZQualification[1000627Name=null] / <ZZQualification>: Inserted X_ZZQualification[1000627Name=null] / "
*,"14115",National Certificate in Fast Food Services,"3",138,2007-08-07 00:00:00.000,2010-08-07 00:00:00.000,2011-08-07 00:00:00.000,1900-01-01 00:00:00.000,,Non Unit Standard Based,,1900-01-01 00:00:00.000,1900-01-01 00:00:00.000,1900-01-01 00:00:00.000,1900-01-01 00:00:00.000,N,N,0,Y,56,,"<ZZQualification>: Inserted X_ZZQualification[1000628Name=null] / <ZZQualification>: Inserted X_ZZQualification[1000628Name=null] / "
*,"23654",National Certificate in Generic Management,"3",120,2006-05-02 00:00:00.000,2012-06-30 00:00:00.000,2013-06-30 00:00:00.000,1900-01-01 00:00:00.000,,Unit Standard Based,,1900-01-01 00:00:00.000,1900-01-01 00:00:00.000,1900-01-01 00:00:00.000,1900-01-01 00:00:00.000,N,N,0,Y,57,,"<ZZQualification>: Inserted X_ZZQualification[1000629Name=null] / <ZZQualification>: Inserted X_ZZQualification[1000629Name=null] / "
*,"23656",Further Education and Training Certificate in Management,"4",140,2006-03-14 00:00:00.000,2009-03-14 00:00:00.000,2010-03-14 00:00:00.000,1900-01-01 00:00:00.000,,Unit Standard Based,,1900-01-01 00:00:00.000,1900-01-01 00:00:00.000,1900-01-01 00:00:00.000,1900-01-01 00:00:00.000,N,N,0,Y,58,,"<ZZQualification>: Inserted X_ZZQualification[1000630Name=null] / <ZZQualification>: Inserted X_ZZQualification[1000630Name=null] / "
*,"58274",Further Education and Training Certificate in Jewellery Setting Processes,"4",146,2018-07-01 00:00:00.000,2026-06-30 00:00:00.000,2026-06-30 00:00:00.000,2029-06-30 00:00:00.000,"629",Unit Standard Based,,1900-01-01 00:00:00.000,1900-01-01 00:00:00.000,1900-01-01 00:00:00.000,1900-01-01 00:00:00.000,N,N,0,Y,59,ZZLkpOfoOccupation:ZZLkpOfoOccupation_id:1117,"<ZZQualification>: Inserted X_ZZQualification[1000631Name=null] / <ZZQualification>: Inserted X_ZZQualification[1000631Name=null] / "
*,"22859",National Certificate in Autotronics,"3",140,2006-11-07 00:00:00.000,2009-11-07 00:00:00.000,2010-11-07 00:00:00.000,1900-01-01 00:00:00.000,,Unit Standard Based,,1900-01-01 00:00:00.000,1900-01-01 00:00:00.000,1900-01-01 00:00:00.000,1900-01-01 00:00:00.000,N,N,0,Y,60,,"<ZZQualification>: Inserted X_ZZQualification[1000632Name=null] / <ZZQualification>: Inserted X_ZZQualification[1000632Name=null] / "
*,"48918",Further Education and Training Certificate in Measurement Control and Instrumentation,"6",120,2007-08-07 00:00:00.000,2010-08-07 00:00:00.000,2011-08-07 00:00:00.000,1900-01-01 00:00:00.000,"629",Non Unit Standard Based,,1900-01-01 00:00:00.000,1900-01-01 00:00:00.000,1900-01-01 00:00:00.000,1900-01-01 00:00:00.000,N,N,0,Y,61,ZZLkpOfoOccupation:ZZLkpOfoOccupation_id:1112,"<ZZQualification>: Inserted X_ZZQualification[1000633Name=null] / <ZZQualification>: Inserted X_ZZQualification[1000633Name=null] / "
*,"50309",Further Education and Training Certificate: Environmental Practice,"4",140,2006-04-20 00:00:00.000,2009-04-20 00:00:00.000,2010-04-20 00:00:00.000,1900-01-01 00:00:00.000,,Unit Standard Based,,1900-01-01 00:00:00.000,1900-01-01 00:00:00.000,1900-01-01 00:00:00.000,1900-01-01 00:00:00.000,N,N,0,Y,62,,"<ZZQualification>: Inserted X_ZZQualification[1000634Name=null] / <ZZQualification>: Inserted X_ZZQualification[1000634Name=null] / "
*,"49596",National Certificate: Radiation Monitoring,"3",120,2008-06-24 00:00:00.000,2011-06-24 00:00:00.000,2012-06-24 00:00:00.000,1900-01-01 00:00:00.000,,Non Unit Standard Based,,1900-01-01 00:00:00.000,1900-01-01 00:00:00.000,1900-01-01 00:00:00.000,1900-01-01 00:00:00.000,N,N,0,Y,63,,"<ZZQualification>: Inserted X_ZZQualification[1000635Name=null] / <ZZQualification>: Inserted X_ZZQualification[1000635Name=null] / "
*,"57692",Further Education and Training Certificate: Carbonate Materials Manufacturing Processes,"4",159,2018-07-01 00:00:00.000,2026-06-30 00:00:00.000,2026-06-30 00:00:00.000,2029-06-30 00:00:00.000,"629",Unit Standard Based,,1900-01-01 00:00:00.000,1900-01-01 00:00:00.000,1900-01-01 00:00:00.000,1900-01-01 00:00:00.000,N,N,0,Y,64,ZZLkpOfoOccupation:ZZLkpOfoOccupation_id:1444,"<ZZQualification>: Inserted X_ZZQualification[1000636Name=null] / <ZZQualification>: Inserted X_ZZQualification[1000636Name=null] / "
*,"57876",Further Education and Training Certificate: Jewellery Manufacturing Operations,"4",150,2018-07-01 00:00:00.000,2027-06-30 00:00:00.000,2027-06-30 00:00:00.000,1900-01-01 00:00:00.000,"629",Unit Standard Based,,1900-01-01 00:00:00.000,1900-01-01 00:00:00.000,1900-01-01 00:00:00.000,1900-01-01 00:00:00.000,N,N,0,Y,65,ZZLkpOfoOccupation:ZZLkpOfoOccupation_id:1272,"<ZZQualification>: Inserted X_ZZQualification[1000637Name=null] / <ZZQualification>: Inserted X_ZZQualification[1000637Name=null] / "
*,"57875",Further Education and Training Certificate: Jewellery Designing,"4",146,2018-07-01 00:00:00.000,2027-06-30 00:00:00.000,2027-06-30 00:00:00.000,1900-01-01 00:00:00.000,"629",Unit Standard Based,,1900-01-01 00:00:00.000,1900-01-01 00:00:00.000,1900-01-01 00:00:00.000,1900-01-01 00:00:00.000,N,N,0,Y,66,ZZLkpOfoOccupation:ZZLkpOfoOccupation_id:1117,"<ZZQualification>: Inserted X_ZZQualification[1000638Name=null] / <ZZQualification>: Inserted X_ZZQualification[1000638Name=null] / "
*,"60295",Further Education and Training Certificate: Electro-Mechanics: Mining and Minerals,"4",171,2018-07-01 00:00:00.000,2026-06-30 00:00:00.000,2026-06-30 00:00:00.000,2029-06-30 00:00:00.000,"629",Unit Standard Based,,1900-01-01 00:00:00.000,1900-01-01 00:00:00.000,1900-01-01 00:00:00.000,1900-01-01 00:00:00.000,N,N,0,Y,67,ZZLkpOfoOccupation:ZZLkpOfoOccupation_id:1167,"<ZZQualification>: Inserted X_ZZQualification[1000639Name=null] / <ZZQualification>: Inserted X_ZZQualification[1000639Name=null] / "
*,"58267",General Education and Training Certificate: Mining and Minerals Processes,"1",120,2018-07-01 00:00:00.000,2026-06-30 00:00:00.000,2026-06-30 00:00:00.000,2029-06-30 00:00:00.000,"629",Unit Standard Based,,1900-01-01 00:00:00.000,1900-01-01 00:00:00.000,1900-01-01 00:00:00.000,1900-01-01 00:00:00.000,N,N,0,Y,68,,"<ZZQualification>: Inserted X_ZZQualification[1000640Name=null] / <ZZQualification>: Inserted X_ZZQualification[1000640Name=null] / "
*,"60293",National Certificate: Electro-Mechanics: Mining and Minerals,"2",166,2018-07-01 00:00:00.000,2027-06-30 00:00:00.000,2027-06-30 00:00:00.000,1900-01-01 00:00:00.000,"629",Unit Standard Based,,1900-01-01 00:00:00.000,1900-01-01 00:00:00.000,1900-01-01 00:00:00.000,1900-01-01 00:00:00.000,N,N,0,Y,69,,"<ZZQualification>: Inserted X_ZZQualification[1000641Name=null] / <ZZQualification>: Inserted X_ZZQualification[1000641Name=null] / "
*,"60294",National Certificate: Electro-Mechanics: Mining and Minerals,"3",141,2018-07-01 00:00:00.000,2026-06-30 00:00:00.000,2026-06-30 00:00:00.000,2029-06-30 00:00:00.000,"629",Unit Standard Based,,1900-01-01 00:00:00.000,1900-01-01 00:00:00.000,1900-01-01 00:00:00.000,1900-01-01 00:00:00.000,N,N,0,Y,70,ZZLkpOfoOccupation:ZZLkpOfoOccupation_id:1167,"<ZZQualification>: Inserted X_ZZQualification[1000642Name=null] / <ZZQualification>: Inserted X_ZZQualification[1000642Name=null] / "
*,"2663/05",Continous Processes: Chemical Operations,,120,2007-01-01 00:00:00.000,2010-01-01 00:00:00.000,2011-01-01 00:00:00.000,1900-01-01 00:00:00.000,,Non Unit Standard Based,,1900-01-01 00:00:00.000,1900-01-01 00:00:00.000,1900-01-01 00:00:00.000,1900-01-01 00:00:00.000,N,N,0,Y,71,,"<ZZQualification>: Inserted X_ZZQualification[1000643Name=null] / <ZZQualification>: Inserted X_ZZQualification[1000643Name=null] / "
*,"58739",National Certificate: Mining Operations for Underground Hard Rock,"2",130,2018-07-01 00:00:00.000,2027-06-30 00:00:00.000,2027-06-30 00:00:00.000,1900-01-01 00:00:00.000,"629",Unit Standard Based,,1900-01-01 00:00:00.000,1900-01-01 00:00:00.000,1900-01-01 00:00:00.000,1900-01-01 00:00:00.000,N,N,0,Y,72,ZZLkpOfoOccupation:ZZLkpOfoOccupation_id:1256,"<ZZQualification>: Inserted X_ZZQualification[1000644Name=null] / <ZZQualification>: Inserted X_ZZQualification[1000644Name=null] / "
*,"58760",National Certificate: Rock Breaking Underground Hard Rock (Version 3),"3",126,2018-07-01 00:00:00.000,2027-06-30 00:00:00.000,2027-06-30 00:00:00.000,1900-01-01 00:00:00.000,"629",Unit Standard Based,,1900-01-01 00:00:00.000,1900-01-01 00:00:00.000,1900-01-01 00:00:00.000,1900-01-01 00:00:00.000,N,N,0,Y,73,ZZLkpOfoOccupation:ZZLkpOfoOccupation_id:1256,"<ZZQualification>: Inserted X_ZZQualification[1000645Name=null] / <ZZQualification>: Inserted X_ZZQualification[1000645Name=null] / "
*,"60290",National Certificate Engineering Fabrication: Mining and Minerals,"2",148,2018-07-01 00:00:00.000,2026-06-30 00:00:00.000,2026-06-30 00:00:00.000,2029-06-30 00:00:00.000,"629",Unit Standard Based,,1900-01-01 00:00:00.000,1900-01-01 00:00:00.000,1900-01-01 00:00:00.000,1900-01-01 00:00:00.000,N,N,0,Y,74,ZZLkpOfoOccupation:ZZLkpOfoOccupation_id:192,"<ZZQualification>: Inserted X_ZZQualification[1000646Name=null] / <ZZQualification>: Inserted X_ZZQualification[1000646Name=null] / "
*,"60291",National Ceritificate Engineering Fabrication: Mining and Minerals,"3",138,2018-07-01 00:00:00.000,2026-06-30 00:00:00.000,2026-06-30 00:00:00.000,2029-06-30 00:00:00.000,,Unit Standard Based,,1900-01-01 00:00:00.000,1900-01-01 00:00:00.000,1900-01-01 00:00:00.000,1900-01-01 00:00:00.000,N,N,0,Y,75,ZZLkpOfoOccupation:ZZLkpOfoOccupation_id:192,"<ZZQualification>: Inserted X_ZZQualification[1000647Name=null] / <ZZQualification>: Inserted X_ZZQualification[1000647Name=null] / "
*,"60292",Further Education and Training Certificate in Engineering Fabrication: Mining and Minerals,"4",141,2018-07-01 00:00:00.000,2026-06-30 00:00:00.000,2026-06-30 00:00:00.000,2029-06-30 00:00:00.000,,Unit Standard Based,,1900-01-01 00:00:00.000,1900-01-01 00:00:00.000,1900-01-01 00:00:00.000,1900-01-01 00:00:00.000,N,N,0,Y,76,ZZLkpOfoOccupation:ZZLkpOfoOccupation_id:192,"<ZZQualification>: Inserted X_ZZQualification[1000648Name=null] / <ZZQualification>: Inserted X_ZZQualification[1000648Name=null] / "
*,"20907",National Certificate in Customer Management,"4",120,2005-09-13 00:00:00.000,2008-09-13 00:00:00.000,2009-09-13 00:00:00.000,1900-01-01 00:00:00.000,,Unit Standard Based,,1900-01-01 00:00:00.000,1900-01-01 00:00:00.000,1900-01-01 00:00:00.000,1900-01-01 00:00:00.000,N,N,0,Y,77,,"<ZZQualification>: Inserted X_ZZQualification[1000649Name=null] / <ZZQualification>: Inserted X_ZZQualification[1000649Name=null] / "
*,"50334",National Certificate in Occupationally Directed Education Training and Develpment Practivrd,"5",120,2006-08-30 00:00:00.000,2009-08-30 00:00:00.000,2010-08-30 00:00:00.000,1900-01-01 00:00:00.000,,Unit Standard Based,,1900-01-01 00:00:00.000,1900-01-01 00:00:00.000,1900-01-01 00:00:00.000,1900-01-01 00:00:00.000,N,N,0,Y,78,,"<ZZQualification>: Inserted X_ZZQualification[1000650Name=null] / <ZZQualification>: Inserted X_ZZQualification[1000650Name=null] / "
*,"58952",further Education and Training Certificate: Laboratory Analysis,"4",140,2007-10-18 00:00:00.000,2010-10-18 00:00:00.000,2011-10-18 00:00:00.000,1900-01-01 00:00:00.000,,Unit Standard Based,,1900-01-01 00:00:00.000,1900-01-01 00:00:00.000,1900-01-01 00:00:00.000,1900-01-01 00:00:00.000,N,N,0,Y,79,ZZLkpOfoOccupation:ZZLkpOfoOccupation_id:102,"<ZZQualification>: Inserted X_ZZQualification[1000651Name=null] / <ZZQualification>: Inserted X_ZZQualification[1000651Name=null] / "
*,"59305",National Certificate Mineral Processing,"2",129,2018-07-01 00:00:00.000,2027-06-30 00:00:00.000,2027-06-30 00:00:00.000,1900-01-01 00:00:00.000,"629",Unit Standard Based,,1900-01-01 00:00:00.000,1900-01-01 00:00:00.000,1900-01-01 00:00:00.000,1900-01-01 00:00:00.000,N,N,0,Y,80,ZZLkpOfoOccupation:ZZLkpOfoOccupation_id:1258,"<ZZQualification>: Inserted X_ZZQualification[1000652Name=null] / <ZZQualification>: Inserted X_ZZQualification[1000652Name=null] / "
*,"59851",National Certificate: Diamond Processing,"3",150,2018-07-01 00:00:00.000,2027-06-30 00:00:00.000,2027-06-30 00:00:00.000,1900-01-01 00:00:00.000,"629",Unit Standard Based,,1900-01-01 00:00:00.000,1900-01-01 00:00:00.000,1900-01-01 00:00:00.000,1900-01-01 00:00:00.000,N,N,0,Y,81,ZZLkpOfoOccupation:ZZLkpOfoOccupation_id:1117,"<ZZQualification>: Inserted X_ZZQualification[1000653Name=null] / <ZZQualification>: Inserted X_ZZQualification[1000653Name=null] / "
*,"59549",National Certificate: Strata Control Operations,"2",123,2018-07-01 00:00:00.000,2027-06-30 00:00:00.000,2027-06-30 00:00:00.000,1900-01-01 00:00:00.000,"629",Unit Standard Based,,1900-01-01 00:00:00.000,1900-01-01 00:00:00.000,1900-01-01 00:00:00.000,1900-01-01 00:00:00.000,N,N,0,Y,82,ZZLkpOfoOccupation:ZZLkpOfoOccupation_id:57,"<ZZQualification>: Inserted X_ZZQualification[1000654Name=null] / <ZZQualification>: Inserted X_ZZQualification[1000654Name=null] / "
*,"60369",National Certificate Strata Contol operations,"3",136,2018-07-01 00:00:00.000,2026-06-30 00:00:00.000,2026-06-30 00:00:00.000,2029-06-30 00:00:00.000,"629",Unit Standard Based,,1900-01-01 00:00:00.000,1900-01-01 00:00:00.000,1900-01-01 00:00:00.000,1900-01-01 00:00:00.000,N,N,0,Y,83,ZZLkpOfoOccupation:ZZLkpOfoOccupation_id:57,"<ZZQualification>: Inserted X_ZZQualification[1000655Name=null] / <ZZQualification>: Inserted X_ZZQualification[1000655Name=null] / "
*,"63477",National Certificate: Mechanical Engineering : Mining and Minerals,"2",130,2018-07-01 00:00:00.000,2026-06-30 00:00:00.000,2026-06-30 00:00:00.000,2029-06-30 00:00:00.000,,Unit Standard Based,,1900-01-01 00:00:00.000,1900-01-01 00:00:00.000,1900-01-01 00:00:00.000,1900-01-01 00:00:00.000,N,N,0,Y,84,ZZLkpOfoOccupation:ZZLkpOfoOccupation_id:1090,"<ZZQualification>: Inserted X_ZZQualification[1000656Name=null] / <ZZQualification>: Inserted X_ZZQualification[1000656Name=null] / "
*,"63471",National Certificate: Mechanical Engineering: Fitting: Mining and Minerals,"3",120,2018-07-01 00:00:00.000,2026-06-30 00:00:00.000,2026-06-30 00:00:00.000,2029-06-30 00:00:00.000,,Unit Standard Based,,1900-01-01 00:00:00.000,1900-01-01 00:00:00.000,1900-01-01 00:00:00.000,1900-01-01 00:00:00.000,N,N,0,Y,85,ZZLkpOfoOccupation:ZZLkpOfoOccupation_id:1090,"<ZZQualification>: Inserted X_ZZQualification[1000657Name=null] / <ZZQualification>: Inserted X_ZZQualification[1000657Name=null] / "
*,"63481",FETC: Mechanical Engineering : Fitting: Mining and Minerals,"4",120,2018-07-01 00:00:00.000,2026-06-30 00:00:00.000,2026-06-30 00:00:00.000,2029-06-30 00:00:00.000,,Unit Standard Based,,1900-01-01 00:00:00.000,1900-01-01 00:00:00.000,1900-01-01 00:00:00.000,1900-01-01 00:00:00.000,N,N,0,Y,86,ZZLkpOfoOccupation:ZZLkpOfoOccupation_id:1090,"<ZZQualification>: Inserted X_ZZQualification[1000658Name=null] / <ZZQualification>: Inserted X_ZZQualification[1000658Name=null] / "
*,"60349",National Certificate: Mining Technical Support,"2",125,2018-07-01 00:00:00.000,2027-06-30 00:00:00.000,2027-06-30 00:00:00.000,1900-01-01 00:00:00.000,"629",Unit Standard Based,,1900-01-01 00:00:00.000,1900-01-01 00:00:00.000,1900-01-01 00:00:00.000,1900-01-01 00:00:00.000,N,N,0,Y,87,ZZLkpOfoOccupation:ZZLkpOfoOccupation_id:814,"<ZZQualification>: Inserted X_ZZQualification[1000659Name=null] / <ZZQualification>: Inserted X_ZZQualification[1000659Name=null] / "
*,"23953 ",Further Education and Training Certificate: New Venture Creation (SMME) ,"4",162,2008-05-13 00:00:00.000,2011-05-13 00:00:00.000,2012-05-13 00:00:00.000,1900-01-01 00:00:00.000,,Unit Standard Based,,1900-01-01 00:00:00.000,1900-01-01 00:00:00.000,1900-01-01 00:00:00.000,1900-01-01 00:00:00.000,N,N,0,Y,88,,"<ZZQualification>: Inserted X_ZZQualification[1000660Name=null] / <ZZQualification>: Inserted X_ZZQualification[1000660Name=null] / "
*,"23630",National Certificate Plater/Boilermaker ,"3",0,2018-07-01 00:00:00.000,2024-06-30 00:00:00.000,2024-06-30 00:00:00.000,1900-01-01 00:00:00.000,"629",Unit Standard Based,,1900-01-01 00:00:00.000,1900-01-01 00:00:00.000,1900-01-01 00:00:00.000,1900-01-01 00:00:00.000,N,N,0,N,89,ZZLkpOfoOccupation:ZZLkpOfoOccupation_id:1074,"<ZZQualification>: Inserted X_ZZQualification[1000661Name=null] / <ZZQualification>: Inserted X_ZZQualification[1000661Name=null] / "
*,"23631",National Certificate Plater/Welder ,"3",0,2018-07-01 00:00:00.000,2024-06-30 00:00:00.000,2024-06-30 00:00:00.000,1900-01-01 00:00:00.000,"629",Unit Standard Based,,1900-01-01 00:00:00.000,1900-01-01 00:00:00.000,1900-01-01 00:00:00.000,1900-01-01 00:00:00.000,N,N,0,N,90,ZZLkpOfoOccupation:ZZLkpOfoOccupation_id:1070,"<ZZQualification>: Inserted X_ZZQualification[1000662Name=null] / <ZZQualification>: Inserted X_ZZQualification[1000662Name=null] / "
*,"49014",National Certificate in  Rockbreaking for Underground Hard Rock (version 2),"3",130,2007-01-01 00:00:00.000,2010-01-01 00:00:00.000,2011-01-01 00:00:00.000,1900-01-01 00:00:00.000,"629",Unit Standard Based,,1900-01-01 00:00:00.000,1900-01-01 00:00:00.000,1900-01-01 00:00:00.000,1900-01-01 00:00:00.000,N,N,0,Y,91,,"<ZZQualification>: Inserted X_ZZQualification[1000663Name=null] / <ZZQualification>: Inserted X_ZZQualification[1000663Name=null] / "
*,"23633",National Certificate: Millwright,"4",0,2018-07-01 00:00:00.000,2024-06-30 00:00:00.000,2024-06-30 00:00:00.000,1900-01-01 00:00:00.000,"629",Unit Standard Based,,1900-01-01 00:00:00.000,1900-01-01 00:00:00.000,1900-01-01 00:00:00.000,1900-01-01 00:00:00.000,N,N,0,N,92,ZZLkpOfoOccupation:ZZLkpOfoOccupation_id:1167,"<ZZQualification>: Inserted X_ZZQualification[1000664Name=null] / <ZZQualification>: Inserted X_ZZQualification[1000664Name=null] / "
*,"49013",National Certificate Mining Operations Underground Hard Rock ,"2",140,2007-04-03 00:00:00.000,2010-04-03 00:00:00.000,2011-04-03 00:00:00.000,1900-01-01 00:00:00.000,"629",Unit Standard Based,,1900-01-01 00:00:00.000,1900-01-01 00:00:00.000,1900-01-01 00:00:00.000,1900-01-01 00:00:00.000,N,N,0,Y,93,,"<ZZQualification>: Inserted X_ZZQualification[1000665Name=null] / <ZZQualification>: Inserted X_ZZQualification[1000665Name=null] / "
*,"23655",Natioanl Certificate: Business Administration Services,"3",120,2006-05-02 00:00:00.000,2009-05-02 00:00:00.000,2010-05-02 00:00:00.000,1900-01-01 00:00:00.000,,Unit Standard Based,,1900-01-01 00:00:00.000,1900-01-01 00:00:00.000,1900-01-01 00:00:00.000,1900-01-01 00:00:00.000,N,N,0,Y,94,,"<ZZQualification>: Inserted X_ZZQualification[1000666Name=null] / <ZZQualification>: Inserted X_ZZQualification[1000666Name=null] / "
*,"48873",Occupationally Directed Education and Training Practices,"5",125,2004-06-09 00:00:00.000,2007-06-09 00:00:00.000,2008-06-09 00:00:00.000,1900-01-01 00:00:00.000,,Unit Standard Based,,1900-01-01 00:00:00.000,1900-01-01 00:00:00.000,1900-01-01 00:00:00.000,1900-01-01 00:00:00.000,N,N,0,Y,95,,"<ZZQualification>: Inserted X_ZZQualification[1000667Name=null] / <ZZQualification>: Inserted X_ZZQualification[1000667Name=null] / "
*,"35928",National Certificate: Business Administration,"4",140,2007-01-23 00:00:00.000,2010-01-23 00:00:00.000,2011-01-23 00:00:00.000,1900-01-01 00:00:00.000,,Unit Standard Based,,1900-01-01 00:00:00.000,1900-01-01 00:00:00.000,1900-01-01 00:00:00.000,1900-01-01 00:00:00.000,N,N,0,Y,96,,"<ZZQualification>: Inserted X_ZZQualification[1000668Name=null] / <ZZQualification>: Inserted X_ZZQualification[1000668Name=null] / "
*,"16Q1600616",Lump ore Beneficiation: Diamonds  (version2),"2",0,2007-01-01 00:00:00.000,2010-01-01 00:00:00.000,2011-01-01 00:00:00.000,1900-01-01 00:00:00.000,,Unit Standard Based,,1900-01-01 00:00:00.000,1900-01-01 00:00:00.000,1900-01-01 00:00:00.000,1900-01-01 00:00:00.000,N,N,0,Y,97,,"<ZZQualification>: Inserted X_ZZQualification[1000669Name=null] / <ZZQualification>: Inserted X_ZZQualification[1000669Name=null] / "
*,"62796",Further Education and Taining CertificateL Strata Control Operations,"4",165,2018-07-01 00:00:00.000,2026-06-30 00:00:00.000,2026-06-30 00:00:00.000,2029-06-30 00:00:00.000,"629",Unit Standard Based,,1900-01-01 00:00:00.000,1900-01-01 00:00:00.000,1900-01-01 00:00:00.000,1900-01-01 00:00:00.000,N,N,0,Y,98,ZZLkpOfoOccupation:ZZLkpOfoOccupation_id:57,"<ZZQualification>: Inserted X_ZZQualification[1000670Name=null] / <ZZQualification>: Inserted X_ZZQualification[1000670Name=null] / "
*,"64249",Further Education and Training Certificate: Diamond and Evaluation,"4",164,2018-07-01 00:00:00.000,2027-06-30 00:00:00.000,2027-06-30 00:00:00.000,1900-01-01 00:00:00.000,,Unit Standard Based,,1900-01-01 00:00:00.000,1900-01-01 00:00:00.000,1900-01-01 00:00:00.000,1900-01-01 00:00:00.000,N,N,0,Y,99,ZZLkpOfoOccupation:ZZLkpOfoOccupation_id:1117,"<ZZQualification>: Inserted X_ZZQualification[1000671Name=null] / <ZZQualification>: Inserted X_ZZQualification[1000671Name=null] / "
*,"49648",National Certificate: New Venture Creation (SMME),"2",138,2018-07-01 00:00:00.000,2026-06-30 00:00:00.000,2026-06-30 00:00:00.000,2029-06-29 00:00:00.000,"611",Unit Standard Based,,2018-07-01 00:00:00.000,2023-06-30 00:00:00.000,2026-06-30 00:00:00.000,2029-07-01 00:00:00.000,N,Y,138,Y,100,,"<ZZQualification>: Inserted X_ZZQualification[1000672Name=null] / <ZZQualification>: Inserted X_ZZQualification[1000672Name=null] / "
*,"65190",National Certificate: Metals Production: Mining and Minerals,"2",120,2018-07-01 00:00:00.000,2027-06-30 00:00:00.000,2027-06-30 00:00:00.000,1900-01-01 00:00:00.000,"629",Unit Standard Based,,1900-01-01 00:00:00.000,1900-01-01 00:00:00.000,1900-01-01 00:00:00.000,1900-01-01 00:00:00.000,N,N,0,Y,101,ZZLkpOfoOccupation:ZZLkpOfoOccupation_id:1073,"<ZZQualification>: Inserted X_ZZQualification[1000673Name=null] / <ZZQualification>: Inserted X_ZZQualification[1000673Name=null] / "
*,"65192",National Certificate: Metals Production: Mining and Minerals,"3",120,2018-07-01 00:00:00.000,2026-06-30 00:00:00.000,2026-06-30 00:00:00.000,2029-06-30 00:00:00.000,,Unit Standard Based,,1900-01-01 00:00:00.000,1900-01-01 00:00:00.000,1900-01-01 00:00:00.000,1900-01-01 00:00:00.000,N,N,0,Y,102,ZZLkpOfoOccupation:ZZLkpOfoOccupation_id:1073,"<ZZQualification>: Inserted X_ZZQualification[1000674Name=null] / <ZZQualification>: Inserted X_ZZQualification[1000674Name=null] / "
*,"65194",Further Education and Training Certificate: Metals Production: Mining and Minerals,"4",140,2018-07-01 00:00:00.000,2026-06-30 00:00:00.000,2026-06-30 00:00:00.000,2029-06-30 00:00:00.000,,Unit Standard Based,,1900-01-01 00:00:00.000,1900-01-01 00:00:00.000,1900-01-01 00:00:00.000,1900-01-01 00:00:00.000,N,N,0,Y,103,ZZLkpOfoOccupation:ZZLkpOfoOccupation_id:1073,"<ZZQualification>: Inserted X_ZZQualification[1000675Name=null] / <ZZQualification>: Inserted X_ZZQualification[1000675Name=null] / "
*,"62869",National Certificate: Rockbreaking: Surface Excavations,"3",141,2018-07-01 00:00:00.000,2027-06-30 00:00:00.000,2027-06-30 00:00:00.000,1900-01-01 00:00:00.000,"629",Unit Standard Based,,1900-01-01 00:00:00.000,1900-01-01 00:00:00.000,1900-01-01 00:00:00.000,1900-01-01 00:00:00.000,N,N,0,Y,104,ZZLkpOfoOccupation:ZZLkpOfoOccupation_id:1236,"<ZZQualification>: Inserted X_ZZQualification[1000676Name=null] / <ZZQualification>: Inserted X_ZZQualification[1000676Name=null] / "
*,"64309",General Education and Training Certificate: Adult Basic Education and Training,"1",120,2008-11-26 00:00:00.000,2012-06-30 00:00:00.000,2013-06-30 00:00:00.000,1900-01-01 00:00:00.000,,Unit Standard Based,,1900-01-01 00:00:00.000,1900-01-01 00:00:00.000,1900-01-01 00:00:00.000,1900-01-01 00:00:00.000,N,N,0,Y,105,,"<ZZQualification>: Inserted X_ZZQualification[1000677Name=null] / <ZZQualification>: Inserted X_ZZQualification[1000677Name=null] / "
*,"64909",National Certificate: Small Scale Mining,"2",143,2018-07-01 00:00:00.000,2026-06-30 00:00:00.000,2026-06-30 00:00:00.000,2029-06-30 00:00:00.000,,Unit Standard Based,,1900-01-01 00:00:00.000,1900-01-01 00:00:00.000,1900-01-01 00:00:00.000,1900-01-01 00:00:00.000,N,N,0,Y,106,ZZLkpOfoOccupation:ZZLkpOfoOccupation_id:211,"<ZZQualification>: Inserted X_ZZQualification[1000678Name=null] / <ZZQualification>: Inserted X_ZZQualification[1000678Name=null] / "
*,"64729",Further Education and Training Certificate: Diamond Processing,"4",161,2018-07-01 00:00:00.000,2027-06-30 00:00:00.000,2027-06-30 00:00:00.000,1900-01-01 00:00:00.000,"629",Unit Standard Based,,1900-01-01 00:00:00.000,1900-01-01 00:00:00.000,1900-01-01 00:00:00.000,1900-01-01 00:00:00.000,N,N,0,Y,107,ZZLkpOfoOccupation:ZZLkpOfoOccupation_id:1117,"<ZZQualification>: Inserted X_ZZQualification[1000679Name=null] / <ZZQualification>: Inserted X_ZZQualification[1000679Name=null] / "
*,"67429",National Certificate: Electrical Engineering: Mining and Minerals,"2",140,2018-07-01 00:00:00.000,2026-06-30 00:00:00.000,2026-06-30 00:00:00.000,2029-06-30 00:00:00.000,,Unit Standard Based,,1900-01-01 00:00:00.000,1900-01-01 00:00:00.000,1900-01-01 00:00:00.000,1900-01-01 00:00:00.000,N,N,0,Y,108,ZZLkpOfoOccupation:ZZLkpOfoOccupation_id:1165,"<ZZQualification>: Inserted X_ZZQualification[1000680Name=null] / <ZZQualification>: Inserted X_ZZQualification[1000680Name=null] / "
*,"78545",Further Education and Training Certificate: Automotive Repair and Maintenance: Mining and Minerals,"4",159,2018-07-01 00:00:00.000,2026-06-30 00:00:00.000,2026-06-30 00:00:00.000,2029-06-30 00:00:00.000,,Unit Standard Based,,1900-01-01 00:00:00.000,1900-01-01 00:00:00.000,1900-01-01 00:00:00.000,1900-01-01 00:00:00.000,N,N,0,Y,109,,"<ZZQualification>: Inserted X_ZZQualification[1000681Name=null] / <ZZQualification>: Inserted X_ZZQualification[1000681Name=null] / "
*,"72071",National Certificate: Electrical Engineering: Mining and Minerals,"3",133,2018-07-01 00:00:00.000,2026-06-30 00:00:00.000,2026-06-30 00:00:00.000,2029-06-30 00:00:00.000,,Unit Standard Based,,1900-01-01 00:00:00.000,1900-01-01 00:00:00.000,1900-01-01 00:00:00.000,1900-01-01 00:00:00.000,N,N,0,Y,110,,"<ZZQualification>: Inserted X_ZZQualification[1000682Name=null] / <ZZQualification>: Inserted X_ZZQualification[1000682Name=null] / "
*,"72069",Further Education and Training Certificate: Electrical Engineering: Mining and Minerals,"4",130,2018-07-01 00:00:00.000,2026-06-30 00:00:00.000,2026-06-30 00:00:00.000,2029-06-30 00:00:00.000,,Unit Standard Based,,1900-01-01 00:00:00.000,1900-01-01 00:00:00.000,1900-01-01 00:00:00.000,1900-01-01 00:00:00.000,N,N,0,Y,111,ZZLkpOfoOccupation:ZZLkpOfoOccupation_id:1165,"<ZZQualification>: Inserted X_ZZQualification[1000683Name=null] / <ZZQualification>: Inserted X_ZZQualification[1000683Name=null] / "
*,"64810",National Certificate: Automotive Repair and Maintenance,"2",125,2009-02-18 00:00:00.000,2012-06-30 00:00:00.000,2013-06-30 00:00:00.000,1900-01-01 00:00:00.000,,Unit Standard Based,,1900-01-01 00:00:00.000,1900-01-01 00:00:00.000,1900-01-01 00:00:00.000,1900-01-01 00:00:00.000,N,N,0,Y,112,ZZLkpOfoOccupation:ZZLkpOfoOccupation_id:1098,"<ZZQualification>: Inserted X_ZZQualification[1000684Name=null] / <ZZQualification>: Inserted X_ZZQualification[1000684Name=null] / "
*,"64809",National Certificate: Automotive Repair and Maintenance,"3",135,2009-02-18 00:00:00.000,2012-06-30 00:00:00.000,2013-06-30 00:00:00.000,1900-01-01 00:00:00.000,,Unit Standard Based,,1900-01-01 00:00:00.000,1900-01-01 00:00:00.000,1900-01-01 00:00:00.000,1900-01-01 00:00:00.000,N,N,0,Y,113,ZZLkpOfoOccupation:ZZLkpOfoOccupation_id:1098,"<ZZQualification>: Inserted X_ZZQualification[1000685Name=null] / <ZZQualification>: Inserted X_ZZQualification[1000685Name=null] / "
*,"64789",National Diploma: Automotive Repair and Maintenance,"5",144,2009-02-18 00:00:00.000,2012-06-30 00:00:00.000,2013-06-30 00:00:00.000,1900-01-01 00:00:00.000,,Unit Standard Based,,1900-01-01 00:00:00.000,1900-01-01 00:00:00.000,1900-01-01 00:00:00.000,1900-01-01 00:00:00.000,N,N,0,Y,114,,"<ZZQualification>: Inserted X_ZZQualification[1000686Name=null] / <ZZQualification>: Inserted X_ZZQualification[1000686Name=null] / "
*,"65049",National Certificate: Jewellery manufacturing,"2",134,2018-07-01 00:00:00.000,2027-06-30 00:00:00.000,2027-06-30 00:00:00.000,1900-01-01 00:00:00.000,"629",Unit Standard Based,,1900-01-01 00:00:00.000,1900-01-01 00:00:00.000,1900-01-01 00:00:00.000,1900-01-01 00:00:00.000,N,N,0,Y,115,ZZLkpOfoOccupation:ZZLkpOfoOccupation_id:1259,"<ZZQualification>: Inserted X_ZZQualification[1000687Name=null] / <ZZQualification>: Inserted X_ZZQualification[1000687Name=null] / "
*,"65209",National Certificate: Jewellery Manufacturing,"3",137,2018-07-01 00:00:00.000,2027-06-30 00:00:00.000,2027-06-30 00:00:00.000,1900-01-01 00:00:00.000,"629",Unit Standard Based,,1900-01-01 00:00:00.000,1900-01-01 00:00:00.000,1900-01-01 00:00:00.000,1900-01-01 00:00:00.000,N,N,0,Y,116,ZZLkpOfoOccupation:ZZLkpOfoOccupation_id:1259,"<ZZQualification>: Inserted X_ZZQualification[1000688Name=null] / <ZZQualification>: Inserted X_ZZQualification[1000688Name=null] / "
*,"65549",National Certificate: Mining Technical Support,"3",138,2018-07-01 00:00:00.000,2027-06-30 00:00:00.000,2027-06-30 00:00:00.000,1900-01-01 00:00:00.000,,Unit Standard Based,,1900-01-01 00:00:00.000,1900-01-01 00:00:00.000,1900-01-01 00:00:00.000,1900-01-01 00:00:00.000,N,N,0,Y,117,ZZLkpOfoOccupation:ZZLkpOfoOccupation_id:814,"<ZZQualification>: Inserted X_ZZQualification[1000689Name=null] / <ZZQualification>: Inserted X_ZZQualification[1000689Name=null] / "
*,"63485",National Certificate: Mechanical Handling (Rigging): Mining and Minerals,"2",127,2018-07-01 00:00:00.000,2026-06-30 00:00:00.000,2026-06-30 00:00:00.000,2029-06-30 00:00:00.000,,Unit Standard Based,,1900-01-01 00:00:00.000,1900-01-01 00:00:00.000,1900-01-01 00:00:00.000,1900-01-01 00:00:00.000,N,N,0,Y,118,ZZLkpOfoOccupation:ZZLkpOfoOccupation_id:1079,"<ZZQualification>: Inserted X_ZZQualification[1000690Name=null] / <ZZQualification>: Inserted X_ZZQualification[1000690Name=null] / "
*,"63490",National Certificate: Mechanical Handling (Rigging): Mining and Minerals,"3",121,2018-07-01 00:00:00.000,2026-06-30 00:00:00.000,2026-06-30 00:00:00.000,2029-06-30 00:00:00.000,,Unit Standard Based,,1900-01-01 00:00:00.000,1900-01-01 00:00:00.000,1900-01-01 00:00:00.000,1900-01-01 00:00:00.000,N,N,0,Y,119,ZZLkpOfoOccupation:ZZLkpOfoOccupation_id:1079,"<ZZQualification>: Inserted X_ZZQualification[1000691Name=null] / <ZZQualification>: Inserted X_ZZQualification[1000691Name=null] / "
*,"63494",Further Education and Training Certificate: Mechanical Handling (Rigging): Mining and Minerals,"4",136,2018-07-01 00:00:00.000,2026-06-30 00:00:00.000,2026-06-30 00:00:00.000,2029-06-30 00:00:00.000,,Unit Standard Based,,1900-01-01 00:00:00.000,1900-01-01 00:00:00.000,1900-01-01 00:00:00.000,1900-01-01 00:00:00.000,N,N,0,Y,120,ZZLkpOfoOccupation:ZZLkpOfoOccupation_id:1079,"<ZZQualification>: Inserted X_ZZQualification[1000692Name=null] / <ZZQualification>: Inserted X_ZZQualification[1000692Name=null] / "
*,"62769",National Certificate: Mineral Processing,"3",130,2018-07-01 00:00:00.000,2027-06-30 00:00:00.000,2027-06-30 00:00:00.000,1900-01-01 00:00:00.000,"629",Unit Standard Based,,1900-01-01 00:00:00.000,1900-01-01 00:00:00.000,1900-01-01 00:00:00.000,1900-01-01 00:00:00.000,N,N,0,Y,121,ZZLkpOfoOccupation:ZZLkpOfoOccupation_id:1258,"<ZZQualification>: Inserted X_ZZQualification[1000693Name=null] / <ZZQualification>: Inserted X_ZZQualification[1000693Name=null] / "
*,"60110",National Certificate: Engineering,"5",120,2008-08-20 00:00:00.000,2012-06-30 00:00:00.000,2013-06-30 00:00:00.000,1900-01-01 00:00:00.000,,Non Unit Standard Based,,1900-01-01 00:00:00.000,1900-01-01 00:00:00.000,1900-01-01 00:00:00.000,1900-01-01 00:00:00.000,N,N,0,Y,122,,"<ZZQualification>: Inserted X_ZZQualification[1000694Name=null] / <ZZQualification>: Inserted X_ZZQualification[1000694Name=null] / "
*,"73310",National Certificate: Laboratory Practice: Precious Metal,"2",120,2018-07-01 00:00:00.000,2027-06-30 00:00:00.000,2027-06-30 00:00:00.000,1900-01-01 00:00:00.000,,Unit Standard Based,,1900-01-01 00:00:00.000,1900-01-01 00:00:00.000,1900-01-01 00:00:00.000,1900-01-01 00:00:00.000,N,N,0,Y,123,ZZLkpOfoOccupation:ZZLkpOfoOccupation_id:102,"<ZZQualification>: Inserted X_ZZQualification[1000695Name=null] / <ZZQualification>: Inserted X_ZZQualification[1000695Name=null] / "
*,"73312",Further Education and Training Certificate: Laboratory Analysis: Mining and Minerals,"4",140,2018-07-01 00:00:00.000,2026-06-30 00:00:00.000,2026-06-30 00:00:00.000,2029-06-30 00:00:00.000,,Unit Standard Based,,1900-01-01 00:00:00.000,1900-01-01 00:00:00.000,1900-01-01 00:00:00.000,1900-01-01 00:00:00.000,N,N,0,Y,124,ZZLkpOfoOccupation:ZZLkpOfoOccupation_id:102,"<ZZQualification>: Inserted X_ZZQualification[1000696Name=null] / <ZZQualification>: Inserted X_ZZQualification[1000696Name=null] / "
*,"20159",NQF 5 NATIONAL DIPLOMA IN ABET PRACITICES,,240,2007-01-01 00:00:00.000,2010-01-01 00:00:00.000,2007-01-01 00:00:00.000,1900-01-01 00:00:00.000,,Non Unit Standard Based,,1900-01-01 00:00:00.000,1900-01-01 00:00:00.000,1900-01-01 00:00:00.000,1900-01-01 00:00:00.000,N,N,0,Y,125,,"<ZZQualification>: Inserted X_ZZQualification[1000697Name=null] / <ZZQualification>: Inserted X_ZZQualification[1000697Name=null] / "
*,"48473",National Certificate in Electrical Engineering (Electrical Construction),,156,2007-01-01 00:00:00.000,2010-01-01 00:00:00.000,2007-01-01 00:00:00.000,1900-01-01 00:00:00.000,,Non Unit Standard Based,,1900-01-01 00:00:00.000,1900-01-01 00:00:00.000,1900-01-01 00:00:00.000,1900-01-01 00:00:00.000,N,N,0,Y,126,,"<ZZQualification>: Inserted X_ZZQualification[1000698Name=null] / <ZZQualification>: Inserted X_ZZQualification[1000698Name=null] / "
*,"03",NATIONAL CERTIFICATE GENERAL SECURITY PRACTICES,"3",0,2007-01-01 00:00:00.000,2010-01-01 00:00:00.000,2007-01-01 00:00:00.000,1900-01-01 00:00:00.000,,Non Unit Standard Based,,1900-01-01 00:00:00.000,1900-01-01 00:00:00.000,1900-01-01 00:00:00.000,1900-01-01 00:00:00.000,N,N,0,Y,127,,"<ZZQualification>: Inserted X_ZZQualification[1000699Name=null] / <ZZQualification>: Inserted X_ZZQualification[1000699Name=null] / "
*,"64869",National Certificate: Generic Management: Cement Manufacturing: Mining and Minerals,"5",162,2018-07-01 00:00:00.000,2026-06-30 00:00:00.000,2026-06-30 00:00:00.000,2029-06-30 00:00:00.000,,Unit Standard Based,,1900-01-01 00:00:00.000,1900-01-01 00:00:00.000,1900-01-01 00:00:00.000,1900-01-01 00:00:00.000,N,N,0,Y,128,,"<ZZQualification>: Inserted X_ZZQualification[1000700Name=null] / <ZZQualification>: Inserted X_ZZQualification[1000700Name=null] / "
*,"64950",Further Education and Training Certificate: Laboratory Analysis,"4",140,2009-05-05 00:00:00.000,2015-06-30 00:00:00.000,2016-06-30 00:00:00.000,1900-01-01 00:00:00.000,,Unit Standard Based,,1900-01-01 00:00:00.000,1900-01-01 00:00:00.000,1900-01-01 00:00:00.000,1900-01-01 00:00:00.000,N,N,0,Y,129,,"<ZZQualification>: Inserted X_ZZQualification[1000701Name=null] / <ZZQualification>: Inserted X_ZZQualification[1000701Name=null] / "
*,"64889",Further Education and Training Certificate: Mineral Processing,"4",137,2018-07-01 00:00:00.000,2027-06-30 00:00:00.000,2027-06-30 00:00:00.000,1900-01-01 00:00:00.000,,Unit Standard Based,,1900-01-01 00:00:00.000,1900-01-01 00:00:00.000,1900-01-01 00:00:00.000,1900-01-01 00:00:00.000,N,N,0,Y,130,,"<ZZQualification>: Inserted X_ZZQualification[1000702Name=null] / <ZZQualification>: Inserted X_ZZQualification[1000702Name=null] / "
*,"78903",National Certificate: Chemical Operations,"3",120,2018-07-01 00:00:00.000,2026-06-30 00:00:00.000,2026-06-30 00:00:00.000,2029-06-30 00:00:00.000,,Unit Standard Based,,1900-01-01 00:00:00.000,1900-01-01 00:00:00.000,1900-01-01 00:00:00.000,1900-01-01 00:00:00.000,N,N,0,Y,131,,"<ZZQualification>: Inserted X_ZZQualification[1000703Name=null] / <ZZQualification>: Inserted X_ZZQualification[1000703Name=null] / "
*,"78547",National Certificate: Chemical Operations,"2",135,2018-07-01 00:00:00.000,2027-06-30 00:00:00.000,2027-06-30 00:00:00.000,1900-01-01 00:00:00.000,,Unit Standard Based,,1900-01-01 00:00:00.000,1900-01-01 00:00:00.000,1900-01-01 00:00:00.000,1900-01-01 00:00:00.000,N,N,0,Y,132,,"<ZZQualification>: Inserted X_ZZQualification[1000704Name=null] / <ZZQualification>: Inserted X_ZZQualification[1000704Name=null] / "
*,"74550","National Certificate: Measurement, Control and Instrumentation: Mining and Minerals","2",133,2018-07-01 00:00:00.000,2026-06-30 00:00:00.000,2026-06-30 00:00:00.000,2029-06-30 00:00:00.000,,Unit Standard Based,,1900-01-01 00:00:00.000,1900-01-01 00:00:00.000,1900-01-01 00:00:00.000,1900-01-01 00:00:00.000,N,N,0,Y,133,,"<ZZQualification>: Inserted X_ZZQualification[1000705Name=null] / <ZZQualification>: Inserted X_ZZQualification[1000705Name=null] / "
*,"74552","National Certificate: Measurement, Control and Instrumentaion: Mining and Minerals","3",120,2018-07-01 00:00:00.000,2026-06-30 00:00:00.000,2026-06-30 00:00:00.000,2029-06-30 00:00:00.000,,Unit Standard Based,,1900-01-01 00:00:00.000,1900-01-01 00:00:00.000,1900-01-01 00:00:00.000,1900-01-01 00:00:00.000,N,N,0,Y,134,,"<ZZQualification>: Inserted X_ZZQualification[1000706Name=null] / <ZZQualification>: Inserted X_ZZQualification[1000706Name=null] / "
*,"74551","FETC: Measurement, Control and Instrumentation: Mining and Minerals","4",134,2018-07-01 00:00:00.000,2026-06-30 00:00:00.000,2026-06-30 00:00:00.000,2029-06-30 00:00:00.000,,Unit Standard Based,,1900-01-01 00:00:00.000,1900-01-01 00:00:00.000,1900-01-01 00:00:00.000,1900-01-01 00:00:00.000,N,N,0,Y,135,,"<ZZQualification>: Inserted X_ZZQualification[1000707Name=null] / <ZZQualification>: Inserted X_ZZQualification[1000707Name=null] / "
*,"74490",Further Education and Training Certificate: Mining Operations,"4",160,2018-07-01 00:00:00.000,2027-06-30 00:00:00.000,2027-06-30 00:00:00.000,1900-01-01 00:00:00.000,,Unit Standard Based,,1900-01-01 00:00:00.000,1900-01-01 00:00:00.000,1900-01-01 00:00:00.000,1900-01-01 00:00:00.000,N,N,0,Y,136,,"<ZZQualification>: Inserted X_ZZQualification[1000708Name=null] / <ZZQualification>: Inserted X_ZZQualification[1000708Name=null] / "
*,"77963",Further Education and Training Certificate: Mining/Exploration Geology,"4",160,2018-07-01 00:00:00.000,2026-06-30 00:00:00.000,2026-06-30 00:00:00.000,2029-06-30 00:00:00.000,,Unit Standard Based,,1900-01-01 00:00:00.000,1900-01-01 00:00:00.000,1900-01-01 00:00:00.000,1900-01-01 00:00:00.000,N,N,0,Y,137,,"<ZZQualification>: Inserted X_ZZQualification[1000709Name=null] / <ZZQualification>: Inserted X_ZZQualification[1000709Name=null] / "
*,"78323",National Certificate: Lamproom Operations,"3",126,2018-07-01 00:00:00.000,2026-06-30 00:00:00.000,2026-06-30 00:00:00.000,2029-06-30 00:00:00.000,,Unit Standard Based,,1900-01-01 00:00:00.000,1900-01-01 00:00:00.000,1900-01-01 00:00:00.000,1900-01-01 00:00:00.000,N,N,0,Y,138,,"<ZZQualification>: Inserted X_ZZQualification[1000710Name=null] / <ZZQualification>: Inserted X_ZZQualification[1000710Name=null] / "
*,"74292","National Certificate: Occupational Health, Safety and Environment: Mining and Minerals","2",120,2018-07-01 00:00:00.000,2027-06-30 00:00:00.000,2027-06-30 00:00:00.000,1900-01-01 00:00:00.000,"629",Unit Standard Based,,1900-01-01 00:00:00.000,1900-01-01 00:00:00.000,1900-01-01 00:00:00.000,1900-01-01 00:00:00.000,N,N,0,Y,139,ZZLkpOfoOccupation:ZZLkpOfoOccupation_id:316,"<ZZQualification>: Inserted X_ZZQualification[1000711Name=null] / <ZZQualification>: Inserted X_ZZQualification[1000711Name=null] / "
*,"78843",National Certificate: Diamond Processing,"5",121,2018-07-01 00:00:00.000,2026-06-30 00:00:00.000,2026-06-30 00:00:00.000,2029-06-30 00:00:00.000,,Unit Standard Based,,1900-01-01 00:00:00.000,1900-01-01 00:00:00.000,1900-01-01 00:00:00.000,1900-01-01 00:00:00.000,N,N,0,Y,140,,"<ZZQualification>: Inserted X_ZZQualification[1000712Name=null] / <ZZQualification>: Inserted X_ZZQualification[1000712Name=null] / "
*,"78966",National Certificate: Diamond Design and Evaluation,"5",129,2018-07-01 00:00:00.000,2026-06-30 00:00:00.000,2026-06-30 00:00:00.000,2029-06-30 00:00:00.000,,Unit Standard Based,,1900-01-01 00:00:00.000,1900-01-01 00:00:00.000,1900-01-01 00:00:00.000,1900-01-01 00:00:00.000,N,N,0,Y,141,,"<ZZQualification>: Inserted X_ZZQualification[1000713Name=null] / <ZZQualification>: Inserted X_ZZQualification[1000713Name=null] / "
*,"78923",National Certificate: Autotronics,"3",132,2010-07-28 00:00:00.000,2013-07-28 00:00:00.000,2014-07-28 00:00:00.000,1900-01-01 00:00:00.000,,Unit Standard Based,,1900-01-01 00:00:00.000,1900-01-01 00:00:00.000,1900-01-01 00:00:00.000,1900-01-01 00:00:00.000,N,N,0,Y,142,,"<ZZQualification>: Inserted X_ZZQualification[1000714Name=null] / <ZZQualification>: Inserted X_ZZQualification[1000714Name=null] / "
*,"78944",National Certificate: Autotronics,"2",127,2010-07-28 00:00:00.000,2013-07-28 00:00:00.000,2014-07-28 00:00:00.000,1900-01-01 00:00:00.000,,Unit Standard Based,,1900-01-01 00:00:00.000,1900-01-01 00:00:00.000,1900-01-01 00:00:00.000,1900-01-01 00:00:00.000,N,N,0,Y,143,,"<ZZQualification>: Inserted X_ZZQualification[1000715Name=null] / <ZZQualification>: Inserted X_ZZQualification[1000715Name=null] / "
*,"79826",National Certificate: Occupational Hygiene and Safety: Mining and Minerals,"3",144,2018-07-01 00:00:00.000,2027-06-30 00:00:00.000,2027-06-30 00:00:00.000,1900-01-01 00:00:00.000,,Unit Standard Based,,1900-01-01 00:00:00.000,1900-01-01 00:00:00.000,1900-01-01 00:00:00.000,1900-01-01 00:00:00.000,N,N,0,Y,144,,"<ZZQualification>: Inserted X_ZZQualification[1000716Name=null] / <ZZQualification>: Inserted X_ZZQualification[1000716Name=null] / "
*,"78543",Natinal Certificate: Automotive Repair and Maintenance: Mining and Minerals,"2",125,2018-07-01 00:00:00.000,2026-06-30 00:00:00.000,2026-06-30 00:00:00.000,2029-06-30 00:00:00.000,,Unit Standard Based,,1900-01-01 00:00:00.000,1900-01-01 00:00:00.000,1900-01-01 00:00:00.000,1900-01-01 00:00:00.000,N,N,0,Y,145,,"<ZZQualification>: Inserted X_ZZQualification[1000717Name=null] / <ZZQualification>: Inserted X_ZZQualification[1000717Name=null] / "
*,"96532",National Certificate: Measurement,"8",160,2011-06-15 00:00:00.000,2012-06-16 00:00:00.000,2012-06-17 00:00:00.000,1900-01-01 00:00:00.000,,Non Unit Standard Based,,1900-01-01 00:00:00.000,1900-01-01 00:00:00.000,1900-01-01 00:00:00.000,1900-01-01 00:00:00.000,N,N,0,N,146,,"<ZZQualification>: Inserted X_ZZQualification[1000718Name=null] / <ZZQualification>: Inserted X_ZZQualification[1000718Name=null] / "
*,"78883",Further Education and Training Certificate: Autotronics,"4",134,2010-07-28 00:00:00.000,2013-07-28 00:00:00.000,2014-07-28 00:00:00.000,1900-01-01 00:00:00.000,,Unit Standard Based,,1900-01-01 00:00:00.000,1900-01-01 00:00:00.000,1900-01-01 00:00:00.000,1900-01-01 00:00:00.000,N,N,0,Y,147,,"<ZZQualification>: Inserted X_ZZQualification[1000719Name=null] / <ZZQualification>: Inserted X_ZZQualification[1000719Name=null] / "
*,"99999",National Certificate: Test,"2",120,2012-01-24 00:00:00.000,2012-06-25 00:00:00.000,2012-06-26 00:00:00.000,1900-01-01 00:00:00.000,,Unit Standard Based,,1900-01-01 00:00:00.000,1900-01-01 00:00:00.000,1900-01-01 00:00:00.000,1900-01-01 00:00:00.000,N,N,0,Y,148,,"<ZZQualification>: Inserted X_ZZQualification[1000720Name=null] / <ZZQualification>: Inserted X_ZZQualification[1000720Name=null] / "
*,"100002",KKKK,"2",120,2012-04-20 00:00:00.000,2015-04-20 00:00:00.000,2013-04-20 00:00:00.000,1900-01-01 00:00:00.000,,Non Unit Standard Based,,1900-01-01 00:00:00.000,1900-01-01 00:00:00.000,1900-01-01 00:00:00.000,1900-01-01 00:00:00.000,N,N,0,Y,149,,"<ZZQualification>: Inserted X_ZZQualification[1000721Name=null] / <ZZQualification>: Inserted X_ZZQualification[1000721Name=null] / "
*,"78546",National Certificate: Automotive Repair and Maintenance: Mining and Minerals,"5",144,2018-07-01 00:00:00.000,2026-06-30 00:00:00.000,2026-06-30 00:00:00.000,2029-06-30 00:00:00.000,,Unit Standard Based,,1900-01-01 00:00:00.000,1900-01-01 00:00:00.000,1900-01-01 00:00:00.000,1900-01-01 00:00:00.000,N,N,0,Y,150,,"<ZZQualification>: Inserted X_ZZQualification[1000722Name=null] / <ZZQualification>: Inserted X_ZZQualification[1000722Name=null] / "
*,"78904",Further Education and Training Certificate: Chemical Operations: Mining and Minerals,"4",140,2018-07-01 00:00:00.000,2026-06-30 00:00:00.000,2026-06-30 00:00:00.000,2029-06-30 00:00:00.000,,Unit Standard Based,,1900-01-01 00:00:00.000,1900-01-01 00:00:00.000,1900-01-01 00:00:00.000,1900-01-01 00:00:00.000,N,N,0,Y,151,,"<ZZQualification>: Inserted X_ZZQualification[1000723Name=null] / <ZZQualification>: Inserted X_ZZQualification[1000723Name=null] / "
*,"78544",National Certificate: Automotive Repair and Maintenance: Mining and Minerals,"3",135,2012-01-07 00:00:00.000,2015-06-30 00:00:00.000,2016-06-30 00:00:00.000,1900-01-01 00:00:00.000,,Non Unit Standard Based,,1900-01-01 00:00:00.000,1900-01-01 00:00:00.000,1900-01-01 00:00:00.000,1900-01-01 00:00:00.000,N,N,0,Y,152,,"<ZZQualification>: Inserted X_ZZQualification[1000724Name=null] / <ZZQualification>: Inserted X_ZZQualification[1000724Name=null] / "
*,"79827",Further Education and Training Certificate: Occupational Hygiene and Safety: Mining and Minerals,"4",145,2018-07-01 00:00:00.000,2026-06-30 00:00:00.000,2026-06-30 00:00:00.000,2029-06-30 00:00:00.000,,Unit Standard Based,,1900-01-01 00:00:00.000,1900-01-01 00:00:00.000,1900-01-01 00:00:00.000,1900-01-01 00:00:00.000,N,N,0,Y,153,,"<ZZQualification>: Inserted X_ZZQualification[1000725Name=null] / <ZZQualification>: Inserted X_ZZQualification[1000725Name=null] / "
*,"79829",National Diploma: Occupational Safety: Mining and Minerals,"5",242,2018-07-01 00:00:00.000,2026-06-30 00:00:00.000,2026-06-30 00:00:00.000,2029-06-30 00:00:00.000,,Unit Standard Based,,1900-01-01 00:00:00.000,1900-01-01 00:00:00.000,1900-01-01 00:00:00.000,1900-01-01 00:00:00.000,N,N,0,Y,154,,"<ZZQualification>: Inserted X_ZZQualification[1000726Name=null] / <ZZQualification>: Inserted X_ZZQualification[1000726Name=null] / "
*,"79828",National Certificate: Occupational Safety: Mining and Minerals,"5",145,2018-07-01 00:00:00.000,2026-06-30 00:00:00.000,2026-06-30 00:00:00.000,2029-06-30 00:00:00.000,,Unit Standard Based,,1900-01-01 00:00:00.000,1900-01-01 00:00:00.000,1900-01-01 00:00:00.000,1900-01-01 00:00:00.000,N,N,0,Y,155,,"<ZZQualification>: Inserted X_ZZQualification[1000727Name=null] / <ZZQualification>: Inserted X_ZZQualification[1000727Name=null] / "
*,"90655",National Certificate: Small Scale Mining,"3",124,2018-07-01 00:00:00.000,2026-06-30 00:00:00.000,2026-06-30 00:00:00.000,2029-06-30 00:00:00.000,,Unit Standard Based,,1900-01-01 00:00:00.000,1900-01-01 00:00:00.000,1900-01-01 00:00:00.000,1900-01-01 00:00:00.000,N,N,0,Y,156,,"<ZZQualification>: Inserted X_ZZQualification[1000728Name=null] / <ZZQualification>: Inserted X_ZZQualification[1000728Name=null] / "
*,"90656",National Certificate: Mine Ventilation,"2",124,2018-07-01 00:00:00.000,2026-06-30 00:00:00.000,2026-06-30 00:00:00.000,2029-06-30 00:00:00.000,,Unit Standard Based,,1900-01-01 00:00:00.000,1900-01-01 00:00:00.000,1900-01-01 00:00:00.000,1900-01-01 00:00:00.000,N,N,0,Y,157,,"<ZZQualification>: Inserted X_ZZQualification[1000729Name=null] / <ZZQualification>: Inserted X_ZZQualification[1000729Name=null] / "
*,"23254",National Certificate: Mechanical Engineering: Fitting and Machining,"4",179,2007-05-15 00:00:00.000,2015-06-30 00:00:00.000,2016-06-30 00:00:00.000,1900-01-01 00:00:00.000,,Unit Standard Based,,1900-01-01 00:00:00.000,1900-01-01 00:00:00.000,1900-01-01 00:00:00.000,1900-01-01 00:00:00.000,N,N,0,N,158,,"<ZZQualification>: Inserted X_ZZQualification[1000730Name=null] / <ZZQualification>: Inserted X_ZZQualification[1000730Name=null] / "
*,"23256",National Certificate: Mechanical Engineering: Fitting and Machining,"4",179,2007-05-15 00:00:00.000,2015-06-30 00:00:00.000,2016-06-30 00:00:00.000,1900-01-01 00:00:00.000,,Unit Standard Based,,1900-01-01 00:00:00.000,1900-01-01 00:00:00.000,1900-01-01 00:00:00.000,1900-01-01 00:00:00.000,N,N,0,N,159,,"<ZZQualification>: Inserted X_ZZQualification[1000731Name=null] / <ZZQualification>: Inserted X_ZZQualification[1000731Name=null] / "
*,"58269",National Certificate: Electro-Mechanics,"2",166,2007-02-05 00:00:00.000,2010-02-05 00:00:00.000,2008-02-05 00:00:00.000,1900-01-01 00:00:00.000,,Unit Standard Based,,1900-01-01 00:00:00.000,1900-01-01 00:00:00.000,1900-01-01 00:00:00.000,1900-01-01 00:00:00.000,N,N,0,Y,160,,"<ZZQualification>: Inserted X_ZZQualification[1000732Name=null] / <ZZQualification>: Inserted X_ZZQualification[1000732Name=null] / "
*,"73309",National Certificate: Laboratory Practice: General,"2",120,2018-07-01 00:00:00.000,2027-06-30 00:00:00.000,2027-06-30 00:00:00.000,1900-01-01 00:00:00.000,,Unit Standard Based,,1900-01-01 00:00:00.000,1900-01-01 00:00:00.000,1900-01-01 00:00:00.000,1900-01-01 00:00:00.000,N,N,0,Y,161,,"<ZZQualification>: Inserted X_ZZQualification[1000733Name=null] / <ZZQualification>: Inserted X_ZZQualification[1000733Name=null] / "
*,"73311",National Certificate: Laboratory Practice: Coal,"2",120,2018-07-01 00:00:00.000,2027-06-30 00:00:00.000,2027-06-30 00:00:00.000,1900-01-01 00:00:00.000,,Unit Standard Based,,1900-01-01 00:00:00.000,1900-01-01 00:00:00.000,1900-01-01 00:00:00.000,1900-01-01 00:00:00.000,N,N,0,Y,162,,"<ZZQualification>: Inserted X_ZZQualification[1000734Name=null] / <ZZQualification>: Inserted X_ZZQualification[1000734Name=null] / "
*,"61305",Automotive electrician mining,,120,2018-01-07 00:00:00.000,2024-06-30 00:00:00.000,2024-06-30 00:00:00.000,1900-01-01 00:00:00.000,,Non Unit Standard Based,,1900-01-01 00:00:00.000,1900-01-01 00:00:00.000,1900-01-01 00:00:00.000,1900-01-01 00:00:00.000,N,N,0,N,163,,"<ZZQualification>: Inserted X_ZZQualification[1000735Name=null] / <ZZQualification>: Inserted X_ZZQualification[1000735Name=null] / "
*,"96276",Heavy Equipment Mechanic,,120,2018-07-01 00:00:00.000,2024-06-30 00:00:00.000,2024-06-30 00:00:00.000,1900-01-01 00:00:00.000,,Non Unit Standard Based,,1900-01-01 00:00:00.000,1900-01-01 00:00:00.000,1900-01-01 00:00:00.000,1900-01-01 00:00:00.000,N,N,0,N,164,,"<ZZQualification>: Inserted X_ZZQualification[1000736Name=null] / <ZZQualification>: Inserted X_ZZQualification[1000736Name=null] / "
*,"96283",Goldsmith,,120,2018-07-01 00:00:00.000,2024-06-30 00:00:00.000,2024-06-30 00:00:00.000,1900-01-01 00:00:00.000,,Non Unit Standard Based,,1900-01-01 00:00:00.000,1900-01-01 00:00:00.000,1900-01-01 00:00:00.000,1900-01-01 00:00:00.000,N,N,0,N,165,,"<ZZQualification>: Inserted X_ZZQualification[1000737Name=null] / <ZZQualification>: Inserted X_ZZQualification[1000737Name=null] / "
*,"96284",Diamond and gemstone setter,,120,2018-07-01 00:00:00.000,2024-06-30 00:00:00.000,2024-06-30 00:00:00.000,1900-01-01 00:00:00.000,,Non Unit Standard Based,,1900-01-01 00:00:00.000,1900-01-01 00:00:00.000,1900-01-01 00:00:00.000,1900-01-01 00:00:00.000,N,N,0,N,166,,"<ZZQualification>: Inserted X_ZZQualification[1000738Name=null] / <ZZQualification>: Inserted X_ZZQualification[1000738Name=null] / "
*,"96349",Diamond Cutter,,120,2018-07-01 00:00:00.000,2024-06-30 00:00:00.000,2024-06-30 00:00:00.000,1900-01-01 00:00:00.000,,Non Unit Standard Based,,1900-01-01 00:00:00.000,1900-01-01 00:00:00.000,1900-01-01 00:00:00.000,1900-01-01 00:00:00.000,N,N,0,N,167,,"<ZZQualification>: Inserted X_ZZQualification[1000739Name=null] / <ZZQualification>: Inserted X_ZZQualification[1000739Name=null] / "
*,"97388",Earth Moving Mechanic,,120,2018-07-01 00:00:00.000,2024-06-30 00:00:00.000,2024-06-30 00:00:00.000,1900-01-01 00:00:00.000,,Non Unit Standard Based,,1900-01-01 00:00:00.000,1900-01-01 00:00:00.000,1900-01-01 00:00:00.000,1900-01-01 00:00:00.000,N,N,0,N,168,,"<ZZQualification>: Inserted X_ZZQualification[1000740Name=null] / <ZZQualification>: Inserted X_ZZQualification[1000740Name=null] / "
*,"202326",Test Qualification,"3",120,2023-01-26 00:00:00.000,2027-01-26 00:00:00.000,2029-01-25 00:00:00.000,2032-01-24 00:00:00.000,"629",Unit Standard Based,,,,,,N,N,18,Y,169,,"<ZZQualification>: Inserted X_ZZQualification[1000741Name=null] / <ZZQualification>: Inserted X_ZZQualification[1000741Name=null] / "
*,"61755",General education and training certificate: Business practice,"1",121,2018-07-01 00:00:00.000,2023-06-30 00:00:00.000,2024-06-30 00:00:00.000,2027-06-30 00:00:00.000,"611",Non Unit Standard Based,,,,,,N,N,121,Y,170,,"<ZZQualification>: Inserted X_ZZQualification[1000742Name=null] / <ZZQualification>: Inserted X_ZZQualification[1000742Name=null] / "
*,"23833",Business Administration,"2",130,2018-07-01 00:00:00.000,2023-06-01 00:00:00.000,2024-06-30 00:00:00.000,2027-06-29 00:00:00.000,"611",Unit Standard Based,,,,,,N,N,130,Y,171,,"<ZZQualification>: Inserted X_ZZQualification[1000743Name=null] / <ZZQualification>: Inserted X_ZZQualification[1000743Name=null] / "
*,"50080",generic management,"4",150,2018-07-01 00:00:00.000,2023-06-06 00:00:00.000,2024-06-30 00:00:00.000,2027-06-29 00:00:00.000,"611",Non Unit Standard Based,,,,,,N,N,150,Y,172,,"<ZZQualification>: Inserted X_ZZQualification[1000744Name=null] / <ZZQualification>: Inserted X_ZZQualification[1000744Name=null] / "
*,"83946",Management,"3",120,2021-07-07 00:00:00.000,2023-07-30 00:00:00.000,2027-07-06 00:00:00.000,2030-07-05 00:00:00.000,"611",Unit Standard Based,,,,,,N,N,120,Y,173,,"<ZZQualification>: Inserted X_ZZQualification[1000745Name=null] / <ZZQualification>: Inserted X_ZZQualification[1000745Name=null] / "
*,"67464",Marketing,"4",141,2021-07-07 00:00:00.000,2023-07-30 00:00:00.000,2027-07-06 00:00:00.000,2030-07-05 00:00:00.000,"611",Unit Standard Based,,,,,,N,N,141,Y,174,,"<ZZQualification>: Inserted X_ZZQualification[1000746Name=null] / <ZZQualification>: Inserted X_ZZQualification[1000746Name=null] / "
*,"67465",Business Administration,"3",130,2021-07-07 00:00:00.000,2026-07-30 00:00:00.000,2027-07-06 00:00:00.000,2030-07-05 00:00:00.000,"629",Unit Standard Based,,,,,,N,N,130,Y,175,,"<ZZQualification>: Inserted X_ZZQualification[1000747Name=null] / <ZZQualification>: Inserted X_ZZQualification[1000747Name=null] / "
*,"58375",NC: Bookkeeping,"4",120,2024-04-01 00:00:00.000,2025-05-01 00:00:00.000,2030-03-31 00:00:00.000,2033-03-30 00:00:00.000,"611",Non Unit Standard Based,,,,,,N,N,120,Y,176,,"<ZZQualification>: Inserted X_ZZQualification[1000748Name=null] / <ZZQualification>: Inserted X_ZZQualification[1000748Name=null] / "
*,"58376",FETC: Bookkeepinh,"1",130,2024-04-01 00:00:00.000,2025-04-01 00:00:00.000,2030-03-31 00:00:00.000,2033-03-30 00:00:00.000,"629",Non Unit Standard Based,,,,,,N,N,130,Y,177,,"<ZZQualification>: Inserted X_ZZQualification[1000749Name=null] / <ZZQualification>: Inserted X_ZZQualification[1000749Name=null] / "
*,"61595",FETC: Business Administration,"4",140,2024-04-01 00:00:00.000,2026-06-30 00:00:00.000,2030-03-31 00:00:00.000,2033-03-30 00:00:00.000,"611",Non Unit Standard Based,,,,,,N,N,140,Y,178,,"<ZZQualification>: Inserted X_ZZQualification[1000750Name=null] / <ZZQualification>: Inserted X_ZZQualification[1000750Name=null] / "
*,"59201",generic management,"5",162,2024-04-01 00:00:00.000,2025-03-31 00:00:00.000,2030-03-31 00:00:00.000,2033-03-30 00:00:00.000,"611",Non Unit Standard Based,,,,,,N,N,162,Y,179,,"<ZZQualification>: Inserted X_ZZQualification[1000751Name=null] / <ZZQualification>: Inserted X_ZZQualification[1000751Name=null] / "
*,"58395",Project Management,"4",143,2024-04-01 00:00:00.000,2025-04-01 00:00:00.000,2030-03-31 00:00:00.000,2033-03-30 00:00:00.000,"629",Non Unit Standard Based,,,,,,N,N,140,Y,180,,"<ZZQualification>: Inserted X_ZZQualification[1000752Name=null] / <ZZQualification>: Inserted X_ZZQualification[1000752Name=null] / "
*,"123456",Test Qualification,"1",120,2024-04-08 00:00:00.000,2026-04-08 00:00:00.000,2030-04-07 00:00:00.000,2033-04-06 00:00:00.000,"629",Unit Standard Based,,,,,,N,N,6,Y,181,,"<ZZQualification>: Inserted X_ZZQualification[1000753Name=null] / <ZZQualification>: Inserted X_ZZQualification[1000753Name=null] / "
*,"57712",FETC:Generic Management:General Management,"4",150,2018-07-01 00:00:00.000,2023-06-30 00:00:00.000,2026-06-30 00:00:00.000,2029-06-29 00:00:00.000,"629",Unit Standard Based,,,,,,N,N,150,Y,182,,"<ZZQualification>: Inserted X_ZZQualification[1000754Name=null] / <ZZQualification>: Inserted X_ZZQualification[1000754Name=null] / "
*,"49691",Human Resource Management and Support,"1",140,2024-06-19 00:00:00.000,2025-06-19 00:00:00.000,2030-06-18 00:00:00.000,2033-06-17 00:00:00.000,"629",Unit Standard Based,,,,,,N,N,140,Y,183,,"<ZZQualification>: Inserted X_ZZQualification[1000755Name=null] / <ZZQualification>: Inserted X_ZZQualification[1000755Name=null] / "
*,"48979",National Certificate  in Animal Production,"4",140,2024-06-18 00:00:00.000,2025-06-30 00:00:00.000,2030-06-17 00:00:00.000,2033-06-16 00:00:00.000,"629",Unit Standard Based,,,,,,N,N,140,Y,184,,"<ZZQualification>: Inserted X_ZZQualification[1000756Name=null] / <ZZQualification>: Inserted X_ZZQualification[1000756Name=null] / "
*,"74149",Procurement in the Supply Chain,"5",154,2024-06-18 00:00:00.000,2025-06-30 00:00:00.000,2030-06-17 00:00:00.000,2033-06-16 00:00:00.000,"629",Unit Standard Based,,,,,,N,N,154,Y,185,,"<ZZQualification>: Inserted X_ZZQualification[1000757Name=null] / <ZZQualification>: Inserted X_ZZQualification[1000757Name=null] / "
*,"83986",: National Certificate: Management: Stores and Warehousing,"4",120,2024-06-18 00:00:00.000,2025-07-30 00:00:00.000,2030-06-17 00:00:00.000,2033-06-16 00:00:00.000,"629",Unit Standard Based,,,,,,N,N,120,Y,186,,"<ZZQualification>: Inserted X_ZZQualification[1000758Name=null] / <ZZQualification>: Inserted X_ZZQualification[1000758Name=null] / "
*,"66749",National Certicate :Community Development,"3",120,2018-07-01 00:00:00.000,2023-06-30 00:00:00.000,2026-06-30 00:00:00.000,2029-06-29 00:00:00.000,"629",Unit Standard Based,,,,,,N,N,120,Y,187,,"<ZZQualification>: Inserted X_ZZQualification[1000759Name=null] / <ZZQualification>: Inserted X_ZZQualification[1000759Name=null] / "
*,"58761",Further Education and Training Certificate :Early Childhood Development,"4",120,2018-07-01 00:00:00.000,2023-06-30 00:00:00.000,2025-06-30 00:00:00.000,2028-06-29 00:00:00.000,"629",Unit Standard Based,,,,,,N,N,120,Y,188,,"<ZZQualification>: Inserted X_ZZQualification[1000760Name=null] / <ZZQualification>: Inserted X_ZZQualification[1000760Name=null] / "
*,"61591",National Certificate:Information Technology : End User Computing,"3",120,2024-06-28 00:00:00.000,2025-06-27 00:00:00.000,2030-06-27 00:00:00.000,2033-06-26 00:00:00.000,"629",Non Unit Standard Based,,,,,,N,N,120,Y,189,,"<ZZQualification>: Inserted X_ZZQualification[1000761Name=null] / <ZZQualification>: Inserted X_ZZQualification[1000761Name=null] / "
*,"67229",Payroll Administration,"4",120,2024-07-01 00:00:00.000,2025-06-30 00:00:00.000,2030-06-30 00:00:00.000,2033-06-29 00:00:00.000,"629",Unit Standard Based,,,,,,N,N,120,Y,190,,"<ZZQualification>: Inserted X_ZZQualification[1000762Name=null] / <ZZQualification>: Inserted X_ZZQualification[1000762Name=null] / "
*,"66249",FETC: New Venture Creation,"4",149,2018-07-01 00:00:00.000,2023-06-30 00:00:00.000,2026-06-30 00:00:00.000,2029-06-29 00:00:00.000,"629",Non Unit Standard Based,,,,,,N,N,11,Y,191,,"<ZZQualification>: Inserted X_ZZQualification[1000763Name=null] / <ZZQualification>: Inserted X_ZZQualification[1000763Name=null] / "
*,"48806",National Certificate: Craft Production,"1",141,2024-07-01 00:00:00.000,2025-05-30 00:00:00.000,2030-06-30 00:00:00.000,2033-06-29 00:00:00.000,"629",Unit Standard Based,,,,,,N,N,141,Y,192,,"<ZZQualification>: Inserted X_ZZQualification[1000764Name=null] / <ZZQualification>: Inserted X_ZZQualification[1000764Name=null] / "
*,"71490",Contact Centre Support,"2",128,2024-03-01 00:00:00.000,2030-04-01 00:00:00.000,2030-02-28 00:00:00.000,2033-02-27 00:00:00.000,"629",Non Unit Standard Based,,,,,,N,N,128,Y,193,,"<ZZQualification>: Inserted X_ZZQualification[1000765Name=null] / <ZZQualification>: Inserted X_ZZQualification[1000765Name=null] / "
*,"101874",Occupational Certificate Maintenance Planner,"5",261,2018-07-01 00:00:00.000,2025-12-30 00:00:00.000,2026-12-30 00:00:00.000,2029-12-29 00:00:00.000,"629",Non Unit Standard Based,,,,,,N,N,261,Y,194,,"<ZZQualification>: Inserted X_ZZQualification[1000766Name=null] / <ZZQualification>: Inserted X_ZZQualification[1000766Name=null] / "
*,"97542",Occupation Certificate: Early Childhood Development Practitioner,"4",131,2018-07-01 00:00:00.000,2025-12-30 00:00:00.000,2026-12-30 00:00:00.000,2029-12-30 00:00:00.000,"629",Unit Standard Based,,,,,,N,N,131,Y,195,,"<ZZQualification>: Inserted X_ZZQualification[1000767Name=null] / <ZZQualification>: Inserted X_ZZQualification[1000767Name=null] / "
*,"99714","Occupational Certificate: Safety, Health and quality Practitioner","5",256,2018-07-01 00:00:00.000,2025-12-30 00:00:00.000,2026-12-30 00:00:00.000,2029-12-29 00:00:00.000,"629",Unit Standard Based,,,,,,N,N,256,Y,196,,"<ZZQualification>: Inserted X_ZZQualification[1000768Name=null] / <ZZQualification>: Inserted X_ZZQualification[1000768Name=null] / "
*,"49129",inteactive Media,"5",130,2018-07-01 00:00:00.000,2023-06-30 00:00:00.000,2024-06-30 00:00:00.000,2027-06-29 00:00:00.000,"629",Unit Standard Based,,,,,,N,N,130,Y,197,,"<ZZQualification>: Inserted X_ZZQualification[1000769Name=null] / <ZZQualification>: Inserted X_ZZQualification[1000769Name=null] / "
*,"101321",Occupational Certificate,"5",190,2018-07-01 00:00:00.000,2023-06-30 00:00:00.000,2026-06-30 00:00:00.000,2029-06-29 00:00:00.000,"629",Non Unit Standard Based,,,,,,N,N,190,Y,198,,"<ZZQualification>: Inserted X_ZZQualification[1000770Name=null] / <ZZQualification>: Inserted X_ZZQualification[1000770Name=null] / "
*,"118788",Occupational Certificate: Design Thinking Innovation Lead,"1",160,2018-07-01 00:00:00.000,2025-12-31 00:00:00.000,2026-12-31 00:00:00.000,2029-12-30 00:00:00.000,"629",Unit Standard Based,,,,,,N,N,160,Y,199,,"<ZZQualification>: Inserted X_ZZQualification[1000771Name=null] / <ZZQualification>: Inserted X_ZZQualification[1000771Name=null] / "
*,"48573",National Certificate: Information Technology: Systems Support,"5",147,2018-07-01 00:00:00.000,2023-06-30 00:00:00.000,2026-06-30 00:00:00.000,2029-06-29 00:00:00.000,"629",Unit Standard Based,,,,,,N,N,147,Y,200,,"<ZZQualification>: Inserted X_ZZQualification[1000772Name=null] / <ZZQualification>: Inserted X_ZZQualification[1000772Name=null] / "
*,"50331","National Certificate: Occupationally Directed Education, Training and Development Practices","6",145,2018-07-01 00:00:00.000,2023-06-30 00:00:00.000,2026-06-30 00:00:00.000,2029-06-29 00:00:00.000,"629",Unit Standard Based,,,,,,N,N,145,Y,201,,"<ZZQualification>: Inserted X_ZZQualification[1000773Name=null] / <ZZQualification>: Inserted X_ZZQualification[1000773Name=null] / "
*,"49121",National Certificate: Interactive Media,"5",130,2018-07-01 00:00:00.000,2023-06-30 00:00:00.000,2026-06-30 00:00:00.000,2029-06-29 00:00:00.000,"629",Unit Standard Based,,,,,,N,N,130,Y,202,,"<ZZQualification>: Inserted X_ZZQualification[1000774Name=null] / <ZZQualification>: Inserted X_ZZQualification[1000774Name=null] / "
*,"20287",National Certificate: Farming,"1",120,2018-07-30 00:00:00.000,2023-06-30 00:00:00.000,2026-07-29 00:00:00.000,2029-07-28 00:00:00.000,"629",Unit Standard Based,,,,,,N,N,120,Y,203,,"<ZZQualification>: Inserted X_ZZQualification[1000775Name=null] / <ZZQualification>: Inserted X_ZZQualification[1000775Name=null] / "
*,"48967",National Certificate: Business Advising Operations,"6",138,2018-07-01 00:00:00.000,2023-06-30 00:00:00.000,2025-06-30 00:00:00.000,2028-06-29 00:00:00.000,"629",Unit Standard Based,,,,,,N,N,138,Y,204,,"<ZZQualification>: Inserted X_ZZQualification[1000776Name=null] / <ZZQualification>: Inserted X_ZZQualification[1000776Name=null] / "
*,"23118",National Diploma: Early Childhood Development,"5",240,2018-07-01 00:00:00.000,2020-07-30 00:00:00.000,2025-06-30 00:00:00.000,2028-06-29 00:00:00.000,"629",Unit Standard Based,,,,,,N,N,240,Y,205,,"<ZZQualification>: Inserted X_ZZQualification[1000777Name=null] / <ZZQualification>: Inserted X_ZZQualification[1000777Name=null] / "
*,"49580",General Education and Training Certificate: Poultry Production,"1",134,2018-07-30 00:00:00.000,2023-06-30 00:00:00.000,2025-07-29 00:00:00.000,2028-07-28 00:00:00.000,"629",Unit Standard Based,,,,,,N,N,134,Y,206,,"<ZZQualification>: Inserted X_ZZQualification[1000778Name=null] / <ZZQualification>: Inserted X_ZZQualification[1000778Name=null] / "
*,"48977",National Certificate: Mixed Farming Systems,"2",120,2018-07-01 00:00:00.000,2023-06-30 00:00:00.000,2025-06-30 00:00:00.000,2028-06-29 00:00:00.000,"629",Unit Standard Based,,,,,,N,N,120,Y,207,,"<ZZQualification>: Inserted X_ZZQualification[1000779Name=null] / <ZZQualification>: Inserted X_ZZQualification[1000779Name=null] / "
*,"101869",Occupational Certificate: Project Manager,"5",240,2018-07-01 00:00:00.000,2025-12-30 00:00:00.000,2025-12-30 00:00:00.000,2028-12-29 00:00:00.000,"629",Non Unit Standard Based,,,,,,N,N,240,Y,208,,"<ZZQualification>: Inserted X_ZZQualification[1000780Name=null] / <ZZQualification>: Inserted X_ZZQualification[1000780Name=null] / "
*,"78964",Further Education and Training Certificate: Information Technology: Technical Support,"4",163,2018-07-01 00:00:00.000,2023-06-30 00:00:00.000,2026-06-30 00:00:00.000,2029-06-29 00:00:00.000,"629",Unit Standard Based,,,,,,N,N,163,Y,209,,"<ZZQualification>: Inserted X_ZZQualification[1000781Name=null] / <ZZQualification>: Inserted X_ZZQualification[1000781Name=null] / "
*,"93997",National Certificate: Contact Centre and Business Process Outsourcing Support,"3",124,2021-07-01 00:00:00.000,2025-07-30 00:00:00.000,2027-06-30 00:00:00.000,2030-06-29 00:00:00.000,"629",Unit Standard Based,,,,,,N,N,124,Y,210,,"<ZZQualification>: Inserted X_ZZQualification[1000782Name=null] / <ZZQualification>: Inserted X_ZZQualification[1000782Name=null] / "
*,"74630",Further Education and Training Certificate: Generic Management,"4",150,2018-07-01 00:00:00.000,2023-06-30 00:00:00.000,2026-06-30 00:00:00.000,2029-06-29 00:00:00.000,"629",Unit Standard Based,,,,,,N,N,150,Y,211,,"<ZZQualification>: Inserted X_ZZQualification[1000783Name=null] / <ZZQualification>: Inserted X_ZZQualification[1000783Name=null] / "
*,"66789",National Certificate: Environmental Management,"5",138,2018-07-01 00:00:00.000,2024-06-30 00:00:00.000,2026-06-30 00:00:00.000,2029-06-29 00:00:00.000,"629",Unit Standard Based,,,,,,N,N,138,Y,212,,"<ZZQualification>: Inserted X_ZZQualification[1000784Name=null] / <ZZQualification>: Inserted X_ZZQualification[1000784Name=null] / "
*,"20175",National Certificate: Hygiene and Cleaning Supervision,"3",120,2018-07-01 00:00:00.000,2026-06-30 00:00:00.000,2026-06-30 00:00:00.000,2029-06-29 00:00:00.000,"629",Unit Standard Based,,,,,,N,N,120,Y,213,,"<ZZQualification>: Inserted X_ZZQualification[1000785Name=null] / <ZZQualification>: Inserted X_ZZQualification[1000785Name=null] / "
*,"119262",Occupational certificate: Internet-of-Things Developer,"4",141,2022-06-21 00:00:00.000,2025-12-31 00:00:00.000,2028-06-20 00:00:00.000,2031-06-19 00:00:00.000,"629",Unit Standard Based,,,,,,N,N,141,Y,214,,"<ZZQualification>: Inserted X_ZZQualification[1000786Name=null] / <ZZQualification>: Inserted X_ZZQualification[1000786Name=null] / "
*,"202503",QAQual,"1",120,2025-01-01 00:00:00.000,2028-12-31 00:00:00.000,2030-12-31 00:00:00.000,2033-12-30 00:00:00.000,"629",Unit Standard Based,,,,,,N,N,20,Y,215,,"<ZZQualification>: Inserted X_ZZQualification[1000787Name=null] / <ZZQualification>: Inserted X_ZZQualification[1000787Name=null] / "
*,"118699",Occupational Certificate: Cloud Administrator,"5",149,2022-02-03 00:00:00.000,2025-12-31 00:00:00.000,2028-02-02 00:00:00.000,2031-02-01 00:00:00.000,"629",Unit Standard Based,,,,,,N,N,149,Y,216,,"<ZZQualification>: Inserted X_ZZQualification[1000788Name=null] / <ZZQualification>: Inserted X_ZZQualification[1000788Name=null] / "
*,"118708",Occupational Certificate: Data Science Practitioner,"5",185,2022-02-02 00:00:00.000,2025-12-31 00:00:00.000,2028-02-01 00:00:00.000,2031-01-31 00:00:00.000,"629",Unit Standard Based,,,,,,N,N,185,Y,217,,"<ZZQualification>: Inserted X_ZZQualification[1000789Name=null] / <ZZQualification>: Inserted X_ZZQualification[1000789Name=null] / "
*,"121296",Advanced Occupational Certificate: Extended Reality Developer,"6",218,2023-11-14 00:00:00.000,2028-11-14 00:00:00.000,2029-11-13 00:00:00.000,2032-11-12 00:00:00.000,"629",Unit Standard Based,,,,,,N,N,218,Y,218,,"<ZZQualification>: Inserted X_ZZQualification[1000790Name=null] / <ZZQualification>: Inserted X_ZZQualification[1000790Name=null] / "
*,"118986",Occupational Certificate: Cybersecurity Analyst,"1",173,2022-04-22 00:00:00.000,2025-12-31 00:00:00.000,2028-04-21 00:00:00.000,2031-04-20 00:00:00.000,"629",Unit Standard Based,,,,,,N,N,173,Y,219,,"<ZZQualification>: Inserted X_ZZQualification[1000791Name=null] / <ZZQualification>: Inserted X_ZZQualification[1000791Name=null] / "
*,"101408",Occupational Certificate: Computer Technician,"5",282,2018-07-31 00:00:00.000,2025-12-31 00:00:00.000,2024-07-30 00:00:00.000,2027-07-29 00:00:00.000,"629",Unit Standard Based,,,,,,N,N,282,Y,220,,"<ZZQualification>: Inserted X_ZZQualification[1000792Name=null] / <ZZQualification>: Inserted X_ZZQualification[1000792Name=null] / "
*,"36233",National Certificate: Specialist Hygiene and Cleaning Services,"2",120,2018-07-01 00:00:00.000,2023-06-30 00:00:00.000,2026-06-30 00:00:00.000,2029-06-29 00:00:00.000,"629",Unit Standard Based,,,,,,N,N,120,Y,221,,"<ZZQualification>: Inserted X_ZZQualification[1000793Name=null] / <ZZQualification>: Inserted X_ZZQualification[1000793Name=null] / "
*,"118792",Occupational Certificate: Artificial Intelligence Software Developer,"5",209,2022-02-02 00:00:00.000,2026-12-31 00:00:00.000,2028-02-01 00:00:00.000,2031-01-31 00:00:00.000,"629",Unit Standard Based,,,,,,N,N,209,Y,222,,"<ZZQualification>: Inserted X_ZZQualification[1000794Name=null] / <ZZQualification>: Inserted X_ZZQualification[1000794Name=null] / "
