"AD_Org_ID[Name]","ZZMigrationCode/K","IsActive","ZZLearnershipTitle","ZZLearnershipCode","ZZCredits","Registrationstartdate","Registrationenddate","ZZMinimumElectiveCredits","ZZMigrateValues"
*,1,Y,National Certificate Professional Driving Level 3,"26Q260009212053",140,2005-04-11 00:00:00.000,2005-04-11 00:00:00.000,0,ref:ZZLkpNqfLevel:ZZNqfLevel:3;ZZQualification:ZZQualification_ID:30
*,2,Y,NQF 4 National Diploma In Abet Practices,"07Q070004121204",120,1900-01-01 00:00:00.000,1900-01-01 00:00:00.000,0,ref:ZZLkpNqfLevel:ZZNqfLevel:4;ZZQualification:ZZQualification_ID:40
*,3,Y,Customer Management,"23Q230017211344",134,2005-09-13 00:00:00.000,2005-09-13 00:00:00.000,0,ref:ZZLkpNqfLevel:ZZNqfLevel:4;ZZQualification:ZZQualification_ID:77
*,4,Y,National Certificate: Mining Operations: Underground Coal: Wall Mining,"16Q160080421273",127,2007-11-14 00:00:00.000,2007-11-14 00:00:00.000,0,ref:ZZLkpNqfLevel:ZZNqfLevel:3;ZZQualification:ZZQualification_ID:12;ZZLkpOfoOccupationTree:ZZLkpOfoOccupationTree_ID:49
*,5,Y,National Certificate: Mining Operations: Underground Coal: Continuous Mining,"16Q1600746441303",127,2002-03-22 00:00:00.000,2002-03-22 00:00:00.000,0,ref:ZZLkpNqfLevel:ZZNqfLevel:3;ZZQualification:ZZQualification_ID:12;ZZLkpOfoOccupationTree:ZZLkpOfoOccupationTree_ID:49
*,6,Y,National Certificate: Mining Operations: Underground Coal: Blasting Operations,"16Q160082441503",149,2007-11-14 00:00:00.000,2007-11-14 00:00:00.000,0,ref:ZZLkpNqfLevel:ZZNqfLevel:3;ZZQualification:ZZQualification_ID:12;ZZLkpOfoOccupationTree:ZZLkpOfoOccupationTree_ID:49
*,7,Y,National Certificate: Engineering Maintenance and Repairing for Underground Coal Mining: Breaking Services,"16Q160058661842",184,1900-01-01 00:00:00.000,1900-01-01 00:00:00.000,0,ref:ZZLkpNqfLevel:ZZNqfLevel:2;ZZQualification:ZZQualification_ID:10;ZZLkpOfoOccupationTree:ZZLkpOfoOccupationTree_ID:49
*,8,Y,National Certificate: Engineering Maintenance and Repairing for Underground Coal Mining: Wall Mining,"16Q160057581672",167,1900-01-01 00:00:00.000,1900-01-01 00:00:00.000,0,ref:ZZLkpNqfLevel:ZZNqfLevel:2;ZZQualification:ZZQualification_ID:10;ZZLkpOfoOccupationTree:ZZLkpOfoOccupationTree_ID:49
*,9,Y,National Certificate: Engineering Maintenance and Repairing for Underground Coal Mining: Continuous Mining,"16Q160056692062",206,1900-01-01 00:00:00.000,1900-01-01 00:00:00.000,0,ref:ZZLkpNqfLevel:ZZNqfLevel:2;ZZQualification:ZZQualification_ID:10;ZZLkpOfoOccupationTree:ZZLkpOfoOccupationTree_ID:49
*,10,Y,National Certificate: Engineering Maintenance and Repairing for Underground Coal Mining: Conventional Mining,"16Q160055702072",207,1900-01-01 00:00:00.000,1900-01-01 00:00:00.000,0,ref:ZZLkpNqfLevel:ZZNqfLevel:2;ZZQualification:ZZQualification_ID:10;ZZLkpOfoOccupationTree:ZZLkpOfoOccupationTree_ID:49
*,11,Y,National Certificate: Engineering Maintenance: Underground Hard Rock (Metalliferous) : Horizontal Transport,"16Q160048501622",139,2002-03-22 00:00:00.000,2002-03-22 00:00:00.000,0,ref:ZZLkpNqfLevel:ZZNqfLevel:3;ZZQualification:ZZQualification_ID:13;ZZLkpOfoOccupationTree:ZZLkpOfoOccupationTree_ID:49
*,12,Y,National Certificate: Engineering Maintenance: Underground Hard Rock (Metalliferous) : Stoping and Developing,"16Q16004951732",173,1900-01-01 00:00:00.000,1900-01-01 00:00:00.000,0,ref:ZZLkpNqfLevel:ZZNqfLevel:3;ZZQualification:ZZQualification_ID:13;ZZLkpOfoOccupationTree:ZZLkpOfoOccupationTree_ID:49
*,13,Y,National Certificate: Engineering Maintenance: Underground Hard Rock (Metalliferous) :Horizontal Transport Services,"16Q160050611922",197,1900-01-01 00:00:00.000,1900-01-01 00:00:00.000,0,ref:ZZLkpNqfLevel:ZZNqfLevel:3;ZZQualification:ZZQualification_ID:13;ZZLkpOfoOccupationTree:ZZLkpOfoOccupationTree_ID:49
*,14,Y,National Certificate: Winding Engine Driving,"16Q160007351763",127,2010-02-20 00:00:00.000,2010-02-20 00:00:00.000,0,ref:ZZLkpNqfLevel:ZZNqfLevel:2;ZZQualification:ZZQualification_ID:7;ZZLkpOfoOccupationTree:ZZLkpOfoOccupationTree_ID:1396
*,15,Y,National Certificate: Surface Mining Rockbreaking,"16Q160001411572",158,2005-08-29 00:00:00.000,2005-08-29 00:00:00.000,0,ref:ZZLkpNqfLevel:ZZNqfLevel:3;ZZQualification:ZZQualification_ID:15
*,16,Y,National Certificate: Jewellery Manufacture in a Mass Production Environment,"16Q160043271593",159,2003-06-02 00:00:00.000,2003-06-02 00:00:00.000,0,ref:ZZLkpNqfLevel:ZZNqfLevel:3;ZZQualification:ZZQualification_ID:8
*,17,Y,National Certificate: Diamond Processing Operator: Bottom Sawn,"16Q160045551462",129,1900-01-01 00:00:00.000,1900-01-01 00:00:00.000,0,ref:ZZLkpNqfLevel:ZZNqfLevel:2;ZZQualification:ZZQualification_ID:9
*,18,Y,National Certificate: Diamond Processing Operator: Bottom Makeable,"16Q160046551462",129,1900-01-01 00:00:00.000,1900-01-01 00:00:00.000,0,ref:ZZLkpNqfLevel:ZZNqfLevel:2;ZZQualification:ZZQualification_ID:9
*,19,Y,National Certificate: Diamond Processing Operator: Top Makeable,"16Q160047601632",129,1900-01-01 00:00:00.000,1900-01-01 00:00:00.000,0,ref:ZZLkpNqfLevel:ZZNqfLevel:2;ZZQualification:ZZQualification_ID:9
*,20,Y,National Certificate: Diamond Processing Operator: Top Sawn,"16Q160044551382",129,1900-01-01 00:00:00.000,1900-01-01 00:00:00.000,0,ref:ZZLkpNqfLevel:ZZNqfLevel:2;ZZQualification:ZZQualification_ID:9
*,21,Y,Construction Plumber,"05Q050015201593",146,2005-04-07 00:00:00.000,2005-04-07 00:00:00.000,0,ref:ZZLkpNqfLevel:ZZNqfLevel:3;ZZQualification:ZZQualification_ID:32
*,22,Y,General Security Officer's Learnership Level 3,"19Q190005321353",135,2005-04-26 00:00:00.000,2005-04-26 00:00:00.000,0,ref:ZZLkpNqfLevel:ZZNqfLevel:3;ZZQualification:ZZQualification_ID:35
*,23,Y,Construction Carpenter (Formwork),"05Q050031211223",122,2005-04-07 00:00:00.000,2005-04-07 00:00:00.000,0,ref:ZZLkpNqfLevel:ZZNqfLevel:3;ZZQualification:ZZQualification_ID:33
*,24,Y,Construction Mason (Face Brick Laying),"05Q050018181223",122,2005-04-07 00:00:00.000,2005-04-07 00:00:00.000,0,ref:ZZLkpNqfLevel:ZZNqfLevel:3;ZZQualification:ZZQualification_ID:31
*,25,Y,Autotronics L2,"17Q170030001282",128,2002-12-04 00:00:00.000,2002-12-04 00:00:00.000,0,ref:ZZLkpNqfLevel:ZZNqfLevel:2;ZZQualification:ZZQualification_ID:27
*,26,Y,National Certificate in Autotronics L3,"17q170030001413",141,2011-10-30 00:00:00.000,2011-10-30 00:00:00.000,0,ref:ZZLkpNqfLevel:ZZNqfLevel:3;ZZQualification:ZZQualification_ID:60
*,27,Y,National Certificate: Diesel Mechanic: Surface Diamonds,"16Q160014001373",146,1900-01-01 00:00:00.000,1900-01-01 00:00:00.000,0,ref:ZZLkpNqfLevel:ZZNqfLevel:3;ZZQualification:ZZQualification_ID:1;ZZLkpOfoOccupationTree:ZZLkpOfoOccupationTree_ID:1105
*,28,Y,National Certificate: Diesel Mechanic: Metalliferous,"16Q160013001493",149,2003-02-06 00:00:00.000,2003-02-06 00:00:00.000,0,ref:ZZLkpNqfLevel:ZZNqfLevel:3;ZZQualification:ZZQualification_ID:1;ZZLkpOfoOccupationTree:ZZLkpOfoOccupationTree_ID:1105
*,29,Y,National Certificate: Diesel Mechanic: Coal,"16Q160012001623",162,2003-02-06 00:00:00.000,2003-02-06 00:00:00.000,0,ref:ZZLkpNqfLevel:ZZNqfLevel:4;ZZQualification:ZZQualification_ID:1;ZZLkpOfoOccupationTree:ZZLkpOfoOccupationTree_ID:1105
*,30,Y,National Certificate Plater/Welder - Underground Diamonds,"16Q160015001683",168,2003-05-06 00:00:00.000,2003-05-06 00:00:00.000,0,ref:ZZLkpNqfLevel:ZZNqfLevel:3;ZZQualification:ZZQualification_ID:9
*,31,Y,National Certificate: Electrical: Metalliferous,"16Q160041003404",340,2003-02-06 00:00:00.000,2003-02-06 00:00:00.000,0,ref:ZZLkpNqfLevel:ZZNqfLevel:4;ZZQualification:ZZQualification_ID:2;ZZLkpOfoOccupationTree:ZZLkpOfoOccupationTree_ID:1165
*,32,Y,National Certificate: Electrical: Opencast,"16Q160040003294",329,2003-02-06 00:00:00.000,2003-02-06 00:00:00.000,0,ref:ZZLkpNqfLevel:ZZNqfLevel:4;ZZQualification:ZZQualification_ID:2;ZZLkpOfoOccupationTree:ZZLkpOfoOccupationTree_ID:1165
*,33,Y,National Certificate: Electrical: Surface Coal,"16Q160039003444",344,2003-02-06 00:00:00.000,2003-02-06 00:00:00.000,0,ref:ZZLkpNqfLevel:ZZNqfLevel:4;ZZQualification:ZZQualification_ID:2;ZZLkpOfoOccupationTree:ZZLkpOfoOccupationTree_ID:1165
*,34,Y,National Certificate: Electrical: Surface Diamonds,"16Q160042003014",301,2003-02-06 00:00:00.000,2003-02-06 00:00:00.000,0,ref:ZZLkpNqfLevel:ZZNqfLevel:4;ZZQualification:ZZQualification_ID:2;ZZLkpOfoOccupationTree:ZZLkpOfoOccupationTree_ID:1165
*,35,Y,National Certificate: Electrical: Underground Coal,"16Q160038003494",349,2003-02-06 00:00:00.000,2003-02-06 00:00:00.000,0,ref:ZZLkpNqfLevel:ZZNqfLevel:4;ZZQualification:ZZQualification_ID:2;ZZLkpOfoOccupationTree:ZZLkpOfoOccupationTree_ID:1165
*,36,Y,National Certificate: Electrical: Underground Diamonds,"16Q160037003134",313,2003-02-06 00:00:00.000,2003-02-06 00:00:00.000,0,ref:ZZLkpNqfLevel:ZZNqfLevel:4;ZZQualification:ZZQualification_ID:2;ZZLkpOfoOccupationTree:ZZLkpOfoOccupationTree_ID:1165
*,37,Y,National Certificate: Fitting and Turning: Underground Diamonds,"16Q160032001593",159,2003-02-06 00:00:00.000,2003-02-06 00:00:00.000,0,ref:ZZLkpNqfLevel:ZZNqfLevel:3;ZZQualification:ZZQualification_ID:3;ZZLkpOfoOccupationTree:ZZLkpOfoOccupationTree_ID:1090
*,38,Y,National Certificate: Fitting and Turning: Open Cast,"16Q160054001463",146,1900-01-01 00:00:00.000,1900-01-01 00:00:00.000,0,ref:ZZLkpNqfLevel:ZZNqfLevel:3;ZZQualification:ZZQualification_ID:3;ZZLkpOfoOccupationTree:ZZLkpOfoOccupationTree_ID:1090
*,39,Y,National Certificate: Fitting and Turning: Surface Coal,"16Q160034001463",146,2003-02-06 00:00:00.000,2003-02-06 00:00:00.000,0,ref:ZZLkpNqfLevel:ZZNqfLevel:3;ZZQualification:ZZQualification_ID:3;ZZLkpOfoOccupationTree:ZZLkpOfoOccupationTree_ID:1090
*,40,Y,National Certificate: Fitting and Turning: Surface Diamonds,"16Q160036001403",140,2003-02-06 00:00:00.000,2003-02-06 00:00:00.000,0,ref:ZZLkpNqfLevel:ZZNqfLevel:3;ZZQualification:ZZQualification_ID:3;ZZLkpOfoOccupationTree:ZZLkpOfoOccupationTree_ID:1090
*,41,Y,National Certificate: Fitting and Turning: Underground Coal,"16Q160033001853",185,2003-02-06 00:00:00.000,2003-02-06 00:00:00.000,0,ref:ZZLkpNqfLevel:ZZNqfLevel:3;ZZQualification:ZZQualification_ID:3;ZZLkpOfoOccupationTree:ZZLkpOfoOccupationTree_ID:1090
*,42,Y,National Certificate: Fitting and Turning: Metalliferous,"16Q160035002763",276,2003-02-06 00:00:00.000,2003-02-06 00:00:00.000,0,ref:ZZLkpNqfLevel:ZZNqfLevel:3;ZZQualification:ZZQualification_ID:3;ZZLkpOfoOccupationTree:ZZLkpOfoOccupationTree_ID:1090
*,43,Y,National Certificate: Fitting (including machining) : Underground Coal,"16Q160024001533",153,2003-02-06 00:00:00.000,2003-02-06 00:00:00.000,0,ref:ZZLkpNqfLevel:ZZNqfLevel:3;ZZQualification:ZZQualification_ID:4;ZZLkpOfoOccupationTree:ZZLkpOfoOccupationTree_ID:1102
*,44,Y,National Certificate: Fitting (including machining) : Underground Daimonds,"16Q160023001273",127,2003-02-06 00:00:00.000,2003-02-06 00:00:00.000,0,ref:ZZLkpNqfLevel:ZZNqfLevel:3;ZZQualification:ZZQualification_ID:4;ZZLkpOfoOccupationTree:ZZLkpOfoOccupationTree_ID:1102
*,45,Y,National Certificate: Fitting (including machining) : Metalliferous,"16Q160026002443",153,2003-02-06 00:00:00.000,2003-02-06 00:00:00.000,0,ref:ZZLkpNqfLevel:ZZNqfLevel:3;ZZQualification:ZZQualification_ID:4;ZZLkpOfoOccupationTree:ZZLkpOfoOccupationTree_ID:1102
*,46,Y,National Certificate: Fitting (including machining) : Surface Coal,"16Q160025001283",128,2003-02-06 00:00:00.000,2003-02-06 00:00:00.000,0,ref:ZZLkpNqfLevel:ZZNqfLevel:3;ZZQualification:ZZQualification_ID:4;ZZLkpOfoOccupationTree:ZZLkpOfoOccupationTree_ID:1102
*,47,Y,National Certificate: Fitting (including machining) : Surface Diamonds,"16Q160027001203",120,2003-02-06 00:00:00.000,2003-02-06 00:00:00.000,0,ref:ZZLkpNqfLevel:ZZNqfLevel:3;ZZQualification:ZZQualification_ID:4;ZZLkpOfoOccupationTree:ZZLkpOfoOccupationTree_ID:1102
*,48,Y,National Certificate: Fitting (including machining) : Open Cast,"16Q160053001463",146,1900-01-01 00:00:00.000,1900-01-01 00:00:00.000,0,ref:ZZLkpNqfLevel:ZZNqfLevel:3;ZZQualification:ZZQualification_ID:4;ZZLkpOfoOccupationTree:ZZLkpOfoOccupationTree_ID:1102
*,49,Y,National Certificate: Instrumentation Mechanician,"16Q160008001764",176,2003-02-06 00:00:00.000,2003-02-06 00:00:00.000,0,ref:ZZLkpNqfLevel:ZZNqfLevel:4;ZZQualification:ZZQualification_ID:5;ZZLkpOfoOccupationTree:ZZLkpOfoOccupationTree_ID:1174
*,50,Y,Management,"23Q230027371203",120,2003-10-08 00:00:00.000,2025-06-30 00:00:00.000,0,ref:ZZLkpNqfLevel:ZZNqfLevel:3;ZZQualification:ZZQualification_ID:57;ref:ZZLkpLearnershipType:ZZLearnershipType:4
*,51,Y,Learnership Towards National Certificate - Supervisor,"23Q230028561404",140,2004-11-03 00:00:00.000,2004-11-03 00:00:00.000,0,ref:ZZLkpNqfLevel:ZZNqfLevel:4;ZZQualification:ZZQualification_ID:58
*,52,Y,National Certificate: Rigger Ropesman: Open Cast,"16Q160010001273",127,2003-02-06 00:00:00.000,2003-02-06 00:00:00.000,0,ref:ZZLkpNqfLevel:ZZNqfLevel:3;ZZQualification:ZZQualification_ID:6;ZZLkpOfoOccupationTree:ZZLkpOfoOccupationTree_ID:1079
*,53,Y,National Certificate: Rigger Ropesman: Surface / Underground,"16Q160009001273",127,2012-06-30 00:00:00.000,2012-06-30 00:00:00.000,0,ref:ZZLkpNqfLevel:ZZNqfLevel:3;ZZQualification:ZZQualification_ID:6;ZZLkpOfoOccupationTree:ZZLkpOfoOccupationTree_ID:1079
*,54,Y,Community House Builder (Entrepreneurial),"05Q050061251552",155,2005-04-07 00:00:00.000,2005-04-07 00:00:00.000,0,ref:ZZLkpNqfLevel:ZZNqfLevel:2;ZZQualification:ZZQualification_ID:34
*,55,Y,First Line Management,Q230033 34 152 5,152,2003-10-08 00:00:00.000,2003-10-08 00:00:00.000,0,ref:ZZLkpNqfLevel:ZZNqfLevel:5;ZZQualification:ZZQualification_ID:29
*,56,Y,First Line Manager,"23Q230033341525",152,1900-01-01 00:00:00.000,1900-01-01 00:00:00.000,0,ref:ZZLkpNqfLevel:ZZNqfLevel:5;ZZQualification:ZZQualification_ID:29
*,57,Y,Payroll Administration,"23Q230031261534",153,2005-04-07 00:00:00.000,2005-04-07 00:00:00.000,0,ref:ZZLkpNqfLevel:ZZNqfLevel:3;ZZQualification:ZZQualification_ID:21
*,58,Y,National Certificate in Measurement Control and Instrumentation,"08Q080034281392",139,2004-04-07 00:00:00.000,2004-04-07 00:00:00.000,0,ref:ZZLkpNqfLevel:ZZNqfLevel:2;ZZQualification:ZZQualification_ID:22;ZZLkpOfoOccupationTree:ZZLkpOfoOccupationTree_ID:1112
*,59,Y,National Certificate in Measurement Control and Instrumentaion,"08Q080035251503",150,2004-04-07 00:00:00.000,2004-04-07 00:00:00.000,0,ref:ZZLkpNqfLevel:ZZNqfLevel:3;ZZQualification:ZZQualification_ID:20;ZZLkpOfoOccupationTree:ZZLkpOfoOccupationTree_ID:1112
*,60,Y,"National Certificate: Occupational Safety, Hygiene and Environment","16Q160065571412",135,2006-06-12 00:00:00.000,2006-06-12 00:00:00.000,0,ref:ZZLkpNqfLevel:ZZNqfLevel:1;ZZQualification:ZZQualification_ID:17
*,61,Y,Chartered Accountant: Financial Management,"01Q010002004807",480,2003-08-13 00:00:00.000,2003-08-13 00:00:00.000,0,ref:ZZLkpNqfLevel:ZZNqfLevel:7;ZZQualification:ZZQualification_ID:28
*,62,Y,Associate General Accountant,"01Q0100030036066",606,2003-08-13 00:00:00.000,2003-08-13 00:00:00.000,0,ref:ZZLkpNqfLevel:ZZNqfLevel:6;ZZQualification:ZZQualification_ID:25
*,63,Y,"National Certificate: Mineral Processing, Gold Extraction","16Q160071421243",124,2007-03-07 00:00:00.000,2007-03-07 00:00:00.000,0,ref:ZZLkpNqfLevel:ZZNqfLevel:1;ZZQualification:ZZQualification_ID:47
*,64,Y,National Certificate: Lump Ore Beneficiation: Jig Concentration,"16Q160064611632",163,2005-09-20 00:00:00.000,2005-09-20 00:00:00.000,0,ref:ZZLkpNqfLevel:ZZNqfLevel:2;ZZQualification:ZZQualification_ID:16
*,65,Y,National Certificate: Lump Ore Beneficiation: Dense Medium Separation,"16Q160062611632",163,2005-09-20 00:00:00.000,2005-09-20 00:00:00.000,0,ref:ZZLkpNqfLevel:ZZNqfLevel:2;ZZQualification:ZZQualification_ID:16
*,66,Y,Learnership National Certificate Furniture Making Wood,"10Q100028001332",133,2004-08-02 00:00:00.000,2004-08-02 00:00:00.000,0,ref:ZZLkpNqfLevel:ZZNqfLevel:2;ZZQualification:ZZQualification_ID:41
*,67,Y,Further Education and Training Certificate: Minerals ,"16Q160069441484",148,2006-12-08 00:00:00.000,2006-12-08 00:00:00.000,0,ref:ZZLkpNqfLevel:ZZNqfLevel:4;ZZQualification:ZZQualification_ID:52;ZZLkpOfoOccupationTree:ZZLkpOfoOccupationTree_ID:528
*,68,Y,National Certificate: Rockbreaking: Quarrying: Quarries,"16Q160072483693",160,2007-03-07 00:00:00.000,2007-03-07 00:00:00.000,0,ref:ZZLkpNqfLevel:ZZNqfLevel:3;ZZQualification:ZZQualification_ID:48
*,69,Y,National Certificate: Rockbreaking: Quarrying: Dimension Stone,"16Q160073481603",160,2007-03-07 00:00:00.000,2007-03-07 00:00:00.000,0,ref:ZZLkpNqfLevel:ZZNqfLevel:3;ZZQualification:ZZQualification_ID:48
*,70,Y,Further Education and Training Certificate: Carbonate Materials Manufacturing Processes: Lime Manufacturing,"16Q160075261594",170,2007-03-07 00:00:00.000,2007-03-07 00:00:00.000,0,ref:ZZLkpNqfLevel:ZZNqfLevel:4;ZZQualification:ZZQualification_ID:64;ZZLkpOfoOccupationTree:ZZLkpOfoOccupationTree_ID:1444
*,71,Y,Further Education and Training Certificate: Jewellery Designing,"16Q160079311464",146,2007-10-08 00:00:00.000,2007-10-08 00:00:00.000,0,ref:ZZLkpNqfLevel:ZZNqfLevel:4;ZZQualification:ZZQualification_ID:66;ZZLkpOfoOccupationTree:ZZLkpOfoOccupationTree_ID:1117
*,72,Y,Further Education and Training Certificate: Jewellery Manufacturing Operations,"16Q160078291504",150,2007-10-11 00:00:00.000,2007-10-11 00:00:00.000,0,ref:ZZLkpNqfLevel:ZZNqfLevel:4;ZZQualification:ZZQualification_ID:65;ZZLkpOfoOccupationTree:ZZLkpOfoOccupationTree_ID:1272
*,73,Y,National Certificate: Electro-Mechanics: Mining and Minerals,"16Q160083471662 ",166,2007-05-02 00:00:00.000,2007-05-02 00:00:00.000,0,ref:ZZLkpNqfLevel:ZZNqfLevel:2;ZZQualification:ZZQualification_ID:69
*,74,Y,Further Education and Training Certificate: Electro-Mechanics: Mining and Minerals,"16Q160085291714 ",171,2007-05-02 00:00:00.000,2007-05-02 00:00:00.000,0,ref:ZZLkpNqfLevel:ZZNqfLevel:4;ZZQualification:ZZQualification_ID:67;ZZLkpOfoOccupationTree:ZZLkpOfoOccupationTree_ID:1167
*,75,Y,National Certificate: Electro-Mechanics: Mining and Minerals,"16Q160077471413",141,2007-05-02 00:00:00.000,2007-05-02 00:00:00.000,0,ref:ZZLkpNqfLevel:ZZNqfLevel:3;ZZQualification:ZZQualification_ID:70;ZZLkpOfoOccupationTree:ZZLkpOfoOccupationTree_ID:1167
*,76,Y,National Certificate: Electro-Mechanics: Mining and Minerals,"16Q160084441413 ",141,2007-05-02 00:00:00.000,2007-05-02 00:00:00.000,0,ref:ZZLkpNqfLevel:ZZNqfLevel:3;ZZQualification:ZZQualification_ID:70;ZZLkpOfoOccupationTree:ZZLkpOfoOccupationTree_ID:1167
*,77,Y,Further Education and Training Certificate: Engineering Fabrication ,"16Q160092282344",234,2007-08-16 00:00:00.000,2007-08-16 00:00:00.000,0,ref:ZZLkpNqfLevel:ZZNqfLevel:4;ZZQualification:ZZQualification_ID:76;ZZLkpOfoOccupationTree:ZZLkpOfoOccupationTree_ID:192
*,78,Y,National Certificate: Mining Operations for Underground Hard Rock: Conventional Mining,"16Q160086991302 ",130,2007-08-16 00:00:00.000,2007-08-16 00:00:00.000,0,ref:ZZLkpNqfLevel:ZZNqfLevel:2;ZZQualification:ZZQualification_ID:72;ZZLkpOfoOccupationTree:ZZLkpOfoOccupationTree_ID:1256
*,79,Y,National Certificate: Mining Operations for Underground Hard Rock: Mechanised Mining,"16Q160089991302",130,2007-08-16 00:00:00.000,2007-08-16 00:00:00.000,0,ref:ZZLkpNqfLevel:ZZNqfLevel:2;ZZQualification:ZZQualification_ID:72;ZZLkpOfoOccupationTree:ZZLkpOfoOccupationTree_ID:1256
*,80,Y,National Certificate: Rock Breaking Underground Hard Rock: Conventional Mining,"16Q160088331263 ",126,2012-06-30 00:00:00.000,2012-06-30 00:00:00.000,0,ref:ZZLkpNqfLevel:ZZNqfLevel:3;ZZQualification:ZZQualification_ID:73;ZZLkpOfoOccupationTree:ZZLkpOfoOccupationTree_ID:1256
*,81,Y,National Certificate: Rock Breaking Underground Hard Rock: Mechanised Mining,"16Q160087331293",126,2007-08-16 00:00:00.000,2007-08-16 00:00:00.000,0,ref:ZZLkpNqfLevel:ZZNqfLevel:3;ZZQualification:ZZQualification_ID:73;ZZLkpOfoOccupationTree:ZZLkpOfoOccupationTree_ID:1256
*,82,Y,National Certificate: Mineral Processing: Base Metals,"16Q160094641292",129,2007-11-28 00:00:00.000,2007-11-28 00:00:00.000,0,ref:ZZLkpNqfLevel:ZZNqfLevel:2;ZZQualification:ZZQualification_ID:80;ZZLkpOfoOccupationTree:ZZLkpOfoOccupationTree_ID:1258
*,83,Y,National Certificate: Lump Ore Beneficiation: Diamonds,"16Q160061611632",163,2004-12-02 00:00:00.000,1900-01-01 00:00:00.000,0,ref:ZZLkpNqfLevel:ZZNqfLevel:2;ZZQualification:ZZQualification_ID:16
*,84,Y,National Certificate: Lump Ore Beneficiation: Heavy Minerals,"16Q160063611632",0,2004-12-02 00:00:00.000,1900-01-01 00:00:00.000,0,ref:ZZLkpNqfLevel:ZZNqfLevel:2;ZZQualification:ZZQualification_ID:16
*,85,Y,National Certificate: Engineering Fabrication,"16Q160090442142",148,2007-08-16 00:00:00.000,2007-08-16 00:00:00.000,0,ref:ZZLkpNqfLevel:ZZNqfLevel:2;ZZQualification:ZZQualification_ID:74;ZZLkpOfoOccupationTree:ZZLkpOfoOccupationTree_ID:192
*,86,Y,National Certificate: Engineering Fabrication,"16Q160091512863",0,1900-01-01 00:00:00.000,1900-01-01 00:00:00.000,0,ref:ZZLkpNqfLevel:ZZNqfLevel:3;ZZQualification:ZZQualification_ID:75;ZZLkpOfoOccupationTree:ZZLkpOfoOccupationTree_ID:192
*,87,Y,National Certificate: Occupational Hygiene and Safety,"16Q160068541443",144,2008-10-20 00:00:00.000,2008-10-20 00:00:00.000,0,ref:ZZLkpNqfLevel:ZZNqfLevel:3;ZZQualification:ZZQualification_ID:144
*,88,Y,National Certificate: Plater/Boilermaker: Coal,"16Q160020001343",0,1900-01-01 00:00:00.000,1900-01-01 00:00:00.000,0,ref:ZZLkpNqfLevel:ZZNqfLevel:3;ZZQualification:ZZQualification_ID:89;ZZLkpOfoOccupationTree:ZZLkpOfoOccupationTree_ID:1074
*,89,Y,National Certificate: Plater/Boilermaker: Diamonds Open Cast,"16Q160022001493",0,1900-01-01 00:00:00.000,1900-01-01 00:00:00.000,0,ref:ZZLkpNqfLevel:ZZNqfLevel:3;ZZQualification:ZZQualification_ID:89;ZZLkpOfoOccupationTree:ZZLkpOfoOccupationTree_ID:1074
*,90,Y,National Certificate: Plater/Boilermaker: Metalliferous,"16Q160021001733",0,1900-01-01 00:00:00.000,1900-01-01 00:00:00.000,0,ref:ZZLkpNqfLevel:ZZNqfLevel:3;ZZQualification:ZZQualification_ID:89;ZZLkpOfoOccupationTree:ZZLkpOfoOccupationTree_ID:1074
*,91,Y,National Certificate: Plater/Boilermaker: Opencast,"16Q160019001323",0,1900-01-01 00:00:00.000,1900-01-01 00:00:00.000,0,ref:ZZLkpNqfLevel:ZZNqfLevel:3;ZZQualification:ZZQualification_ID:89;ZZLkpOfoOccupationTree:ZZLkpOfoOccupationTree_ID:1074
*,92,Y,National Certificate Plater/Welder - Coal,"16Q160016001333",0,1900-01-01 00:00:00.000,1900-01-01 00:00:00.000,0,ref:ZZLkpNqfLevel:ZZNqfLevel:3;ZZQualification:ZZQualification_ID:90;ZZLkpOfoOccupationTree:ZZLkpOfoOccupationTree_ID:1070
*,93,Y,National Certificate: Plater/Welder: Metalliferous,"16Q160017001773",0,1900-01-01 00:00:00.000,1900-01-01 00:00:00.000,0,ref:ZZLkpNqfLevel:ZZNqfLevel:3;ZZQualification:ZZQualification_ID:90;ZZLkpOfoOccupationTree:ZZLkpOfoOccupationTree_ID:1070
*,94,Y,National Certificate: Plater/Welder: Open Cast,"16Q160051001463",0,1900-01-01 00:00:00.000,1900-01-01 00:00:00.000,0,ref:ZZLkpNqfLevel:ZZNqfLevel:3;ZZQualification:ZZQualification_ID:90;ZZLkpOfoOccupationTree:ZZLkpOfoOccupationTree_ID:1070
*,95,Y,National Certificate: Plater/Welder: Underground Diamonds,"16Q160018001623",0,1900-01-01 00:00:00.000,1900-01-01 00:00:00.000,0,ref:ZZLkpNqfLevel:ZZNqfLevel:3;ZZQualification:ZZQualification_ID:90;ZZLkpOfoOccupationTree:ZZLkpOfoOccupationTree_ID:1070
*,96,Y,National Certificate: Plater/Welder: Diamonds Opencast,"16Q160018001523",0,1900-01-01 00:00:00.000,1900-01-01 00:00:00.000,0,ref:ZZLkpNqfLevel:ZZNqfLevel:3;ZZQualification:ZZQualification_ID:90;ZZLkpOfoOccupationTree:ZZLkpOfoOccupationTree_ID:1070
*,97,Y,National Certificate: Rockbreaking: Underground Hard Rock,"16Q160067321303",130,2007-04-03 00:00:00.000,2007-04-03 00:00:00.000,0,ref:ZZLkpNqfLevel:ZZNqfLevel:3;ZZQualification:ZZQualification_ID:91
*,98,Y,National Certificate: Mining Operations: Underground Hard Rock,"16Q160066551402",140,1900-01-01 00:00:00.000,1900-01-01 00:00:00.000,0,ref:ZZLkpNqfLevel:ZZNqfLevel:2;ZZQualification:ZZQualification_ID:93
*,99,Y,Further Education and Training Certificate: Carbonate Materials Manufacturing Processes: Cement Manufacturing,"16Q160074271594",159,2007-03-07 00:00:00.000,2007-03-07 00:00:00.000,0,ref:ZZLkpNqfLevel:ZZNqfLevel:4;ZZQualification:ZZQualification_ID:64;ZZLkpOfoOccupationTree:ZZLkpOfoOccupationTree_ID:1444
*,100,Y,Occupationally Directed Education and Training Practices,"07Q070003151335",133,2004-11-01 00:00:00.000,2004-11-01 00:00:00.000,0,ref:ZZLkpNqfLevel:ZZNqfLevel:5;ZZQualification:ZZQualification_ID:95
*,101,Y,National Certificate: Mining Operations Underground Hard Rock Tabular,"16Q160059991692",169,1900-01-01 00:00:00.000,1900-01-01 00:00:00.000,0,ref:ZZLkpNqfLevel:ZZNqfLevel:2;ZZQualification:ZZQualification_ID:54
*,102,Y,National Certificate: Millwright: Metalliferous,"16Q160030004444",444,2003-02-06 00:00:00.000,2003-02-06 00:00:00.000,0,ref:ZZLkpNqfLevel:ZZNqfLevel:4;ZZQualification:ZZQualification_ID:92;ZZLkpOfoOccupationTree:ZZLkpOfoOccupationTree_ID:1167
*,103,Y,National Certificate: Millwright: Opencast,"16Q160031003814",381,2003-02-06 00:00:00.000,2003-02-06 00:00:00.000,0,ref:ZZLkpNqfLevel:ZZNqfLevel:4;ZZQualification:ZZQualification_ID:92;ZZLkpOfoOccupationTree:ZZLkpOfoOccupationTree_ID:1167
*,104,Y,National Certificate: Millwright: Coal,"16Q160029004094",409,2003-02-06 00:00:00.000,2003-02-06 00:00:00.000,0,ref:ZZLkpNqfLevel:ZZNqfLevel:4;ZZQualification:ZZQualification_ID:92;ZZLkpOfoOccupationTree:ZZLkpOfoOccupationTree_ID:1167
*,105,Y,National Certificate: Rockbreaking for Underground Hard Rock Tabular Ore Bodies ,"16Q160060391203",120,1900-01-01 00:00:00.000,1900-01-01 00:00:00.000,0,ref:ZZLkpNqfLevel:ZZNqfLevel:3;ZZQualification:ZZQualification_ID:55
*,106,Y,National Certificate: Strata Control Operations: Underground Hard Rock Mining,"16Q160103401232 ",123,2009-02-02 00:00:00.000,2008-10-27 00:00:00.000,0,ref:ZZLkpNqfLevel:ZZNqfLevel:2;ZZQualification:ZZQualification_ID:82;ZZLkpOfoOccupationTree:ZZLkpOfoOccupationTree_ID:57
*,107,Y,National Certificate: Strata Control Operations: Massive Mining,"16Q160104391232",150,2008-02-02 00:00:00.000,2008-10-27 00:00:00.000,0,ref:ZZLkpNqfLevel:ZZNqfLevel:3;ZZQualification:ZZQualification_ID:82;ZZLkpOfoOccupationTree:ZZLkpOfoOccupationTree_ID:57
*,108,Y,National Certificate: Diamond Processing: Preparation,"16Q160097281503 ",150,2009-02-02 00:00:00.000,2008-10-27 00:00:00.000,0,ref:ZZLkpNqfLevel:ZZNqfLevel:3;ZZQualification:ZZQualification_ID:81;ZZLkpOfoOccupationTree:ZZLkpOfoOccupationTree_ID:1117
*,109,Y,National Certificate: Diamond Processing: Top Polishing,"16Q160100291503",150,2009-02-02 00:00:00.000,2008-10-27 00:00:00.000,0,ref:ZZLkpNqfLevel:ZZNqfLevel:3;ZZQualification:ZZQualification_ID:81;ZZLkpOfoOccupationTree:ZZLkpOfoOccupationTree_ID:1117
*,110,Y,National Certificate: Strata Control Operations: Underground Coal Mining,"16Q160102411232 ",123,2009-02-02 00:00:00.000,2008-10-27 00:00:00.000,0,ref:ZZLkpNqfLevel:ZZNqfLevel:2;ZZQualification:ZZQualification_ID:82;ZZLkpOfoOccupationTree:ZZLkpOfoOccupationTree_ID:57
*,111,Y,National Certificate: Strata Control Operations: Surface Mining,"16Q160105411232 ",123,2008-02-02 00:00:00.000,2008-10-27 00:00:00.000,0,ref:ZZLkpNqfLevel:ZZNqfLevel:2;ZZQualification:ZZQualification_ID:82;ZZLkpOfoOccupationTree:ZZLkpOfoOccupationTree_ID:57
*,112,Y,National Certificate: Diamond Processing: Bottom Polishing,"16Q160099291503 ",150,2009-02-02 00:00:00.000,2008-10-27 00:00:00.000,0,ref:ZZLkpNqfLevel:ZZNqfLevel:3;ZZQualification:ZZQualification_ID:81;ZZLkpOfoOccupationTree:ZZLkpOfoOccupationTree_ID:1117
*,113,Y,National Certificate: Diamond Processing: Automatic Polishing,"16Q160101301503 ",150,2008-02-02 00:00:00.000,2008-10-27 00:00:00.000,0,ref:ZZLkpNqfLevel:ZZNqfLevel:3;ZZQualification:ZZQualification_ID:81;ZZLkpOfoOccupationTree:ZZLkpOfoOccupationTree_ID:1117
*,114,Y,National Certificate: Diesel Mechanic: Open Cast,"16Q160052001463",146,1900-01-01 00:00:00.000,1900-01-01 00:00:00.000,0,ref:ZZLkpNqfLevel:ZZNqfLevel:3;ZZQualification:ZZQualification_ID:1;ZZLkpOfoOccupationTree:ZZLkpOfoOccupationTree_ID:1105
*,115,Y,National Certificate Millwright – Diamond,"16Q160028003394",339,2003-02-06 00:00:00.000,2003-02-06 00:00:00.000,0,ref:ZZLkpNqfLevel:ZZNqfLevel:4;ZZQualification:ZZQualification_ID:92;ZZLkpOfoOccupationTree:ZZLkpOfoOccupationTree_ID:1167
*,116,Y,National Certificate: Diesel Mechanic: Underground Diamonds,"16Q160011001303",168,2003-01-01 00:00:00.000,2003-01-01 00:00:00.000,0,ref:ZZLkpNqfLevel:ZZNqfLevel:2;ZZQualification:ZZQualification_ID:1;ZZLkpOfoOccupationTree:ZZLkpOfoOccupationTree_ID:1105
*,117,Y,National Certificate: Engineering Maintenance: Underground Hard Rock (Metalliferous) : Stoping and Developing,"16Q160049591732",173,2003-01-01 00:00:00.000,2003-01-01 00:00:00.000,0,ref:ZZLkpNqfLevel:ZZNqfLevel:2;ZZQualification:ZZQualification_ID:13;ZZLkpOfoOccupationTree:ZZLkpOfoOccupationTree_ID:49
*,118,Y,Further Education and Training Certificate: Carbonate Materials Manufacturing Processes: Cement Manufacturing,"16Q1600742715944",159,2003-01-01 00:00:00.000,2003-01-01 00:00:00.000,0,ref:ZZLkpNqfLevel:ZZNqfLevel:2;ZZQualification:ZZQualification_ID:64;ZZLkpOfoOccupationTree:ZZLkpOfoOccupationTree_ID:1444
*,119,Y,Further Education and Training Certificate: Carbonate Materials Manufacturing Processes: Lime Manufacturing,"16Q1600752615944",170,2003-01-01 00:00:00.000,2003-01-01 00:00:00.000,0,ref:ZZLkpNqfLevel:ZZNqfLevel:2;ZZQualification:ZZQualification_ID:64;ZZLkpOfoOccupationTree:ZZLkpOfoOccupationTree_ID:1444
*,120,Y,National Certificate: Mineral Processing: Base Metals,"16Q1600714212433",130,2003-01-01 00:00:00.000,2003-01-01 00:00:00.000,0,ZZQualification:ZZQualification_ID:121;ZZLkpOfoOccupationTree:ZZLkpOfoOccupationTree_ID:1258
*,121,Y,National Certificate: Rockbreaking: Quarrying: Dimension Stone ,"16Q1600734816033",160,2003-01-01 00:00:00.000,2003-01-01 00:00:00.000,0,ref:ZZLkpNqfLevel:ZZNqfLevel:2;ZZQualification:ZZQualification_ID:48
*,122,Y,National Certificate: Rockbreaking: Quarrying:Quarries,"16Q1600724836933",160,2003-01-01 00:00:00.000,2003-01-01 00:00:00.000,0,ref:ZZLkpNqfLevel:ZZNqfLevel:2;ZZQualification:ZZQualification_ID:48
*,123,Y,Engineering Fabrication Level 2,"16Q16160090442142",214,2003-01-01 00:00:00.000,2003-01-01 00:00:00.000,0,ref:ZZLkpNqfLevel:ZZNqfLevel:2;ZZQualification:ZZQualification_ID:74;ZZLkpOfoOccupationTree:ZZLkpOfoOccupationTree_ID:192
*,124,Y,National Certificate: Diamond Processing: Cutting,"16Q160098271503",150,2003-01-01 00:00:00.000,2003-01-01 00:00:00.000,0,ref:ZZLkpNqfLevel:ZZNqfLevel:3;ZZQualification:ZZQualification_ID:81;ZZLkpOfoOccupationTree:ZZLkpOfoOccupationTree_ID:1117
*,125,Y,National Certificate in Autotronics Level 4,"17Q1700311354",135,2011-10-20 00:00:00.000,2011-10-20 00:00:00.000,0,ref:ZZLkpNqfLevel:ZZNqfLevel:4;ZZQualification:ZZQualification_ID:26
*,126,Y,NQF 5 NATIONAL DIPLOMA IN ABET PRACITICES,"07q07002152405",240,1900-01-01 00:00:00.000,1900-01-01 00:00:00.000,0,ref:ZZLkpNqfLevel:ZZNqfLevel:5;ZZQualification:ZZQualification_ID:125
*,127,Y,National Certificate in Electrical Engineering (Electrical Construction),"08q080031321562",156,2005-04-11 00:00:00.000,2005-04-11 00:00:00.000,0,ref:ZZLkpNqfLevel:ZZNqfLevel:2;ZZQualification:ZZQualification_ID:126
*,128,Y,National Certificate General Security Practices,"19Q0000055292743",274,1900-01-01 00:00:00.000,1900-01-01 00:00:00.000,0,ref:ZZLkpNqfLevel:ZZNqfLevel:3;ZZQualification:ZZQualification_ID:127
*,129,Y,National Certificate Instrumentation Mechanician ,"16Q160008001764 (V2)",259,2003-06-02 00:00:00.000,2003-06-02 00:00:00.000,0,ref:ZZLkpNqfLevel:ZZNqfLevel:4;ZZQualification:ZZQualification_ID:5;ZZLkpOfoOccupationTree:ZZLkpOfoOccupationTree_ID:1174
*,130,Y,National Certificate: Mineral Processing: Lump Ore Beneficiation,"16Q160093561292",129,2007-11-28 00:00:00.000,2007-11-28 00:00:00.000,0,ref:ZZLkpNqfLevel:ZZNqfLevel:1;ZZQualification:ZZQualification_ID:80;ZZLkpOfoOccupationTree:ZZLkpOfoOccupationTree_ID:1258
*,131,Y,"National Certificate: Occupational Health, Safety and Environment","16Q160147511202",120,2008-11-26 00:00:00.000,2008-11-26 00:00:00.000,0,ZZQualification:ZZQualification_ID:139;ZZLkpOfoOccupationTree:ZZLkpOfoOccupationTree_ID:316
*,132,Y,National Certificate: Rockbreaking: Surface Excavations: Dimension Stone Operations ,"16Q160107361413",141,2008-09-17 00:00:00.000,2008-09-17 00:00:00.000,0,ref:ZZLkpNqfLevel:ZZNqfLevel:3;ZZQualification:ZZQualification_ID:104;ZZLkpOfoOccupationTree:ZZLkpOfoOccupationTree_ID:1236
*,133,Y,National Certificate: Rockbreaking: Surface Excavations: Surface Mining and Quarrying ,"16Q160106431413",141,2008-09-17 00:00:00.000,2008-09-17 00:00:00.000,0,ref:ZZLkpNqfLevel:ZZNqfLevel:3;ZZQualification:ZZQualification_ID:104;ZZLkpOfoOccupationTree:ZZLkpOfoOccupationTree_ID:1236
*,134,Y,Further Education and Training Certificate: Diamond Processing: Brillianteering ,"16Q160135361614",161,2009-02-18 00:00:00.000,2009-02-18 00:00:00.000,0,ref:ZZLkpNqfLevel:ZZNqfLevel:4;ZZQualification:ZZQualification_ID:107;ZZLkpOfoOccupationTree:ZZLkpOfoOccupationTree_ID:1117
*,135,Y,Further Education and Training Certificate: Diamond Processing: Crossworking ,"16Q160134281614",161,2009-02-18 00:00:00.000,2009-02-18 00:00:00.000,0,ref:ZZLkpNqfLevel:ZZNqfLevel:4;ZZQualification:ZZQualification_ID:107;ZZLkpOfoOccupationTree:ZZLkpOfoOccupationTree_ID:1117
*,136,Y,Further Education and Training Certificate: Diamond Processing: Bruting ,"16Q160133331614",161,2009-02-18 00:00:00.000,2009-02-18 00:00:00.000,0,ref:ZZLkpNqfLevel:ZZNqfLevel:4;ZZQualification:ZZQualification_ID:107;ZZLkpOfoOccupationTree:ZZLkpOfoOccupationTree_ID:1117
*,137,Y,National Certificate: Mineral Processing: Lump Ore Beneficiation,"16Q160110381303",130,2008-08-20 00:00:00.000,2008-08-20 00:00:00.000,0,ref:ZZLkpNqfLevel:ZZNqfLevel:3;ZZQualification:ZZQualification_ID:121;ZZLkpOfoOccupationTree:ZZLkpOfoOccupationTree_ID:1258
*,138,Y,National Certificate: Jewellery Manufacturing,"16Q160126301342",134,2009-12-03 00:00:00.000,2009-12-03 00:00:00.000,0,ref:ZZLkpNqfLevel:ZZNqfLevel:2;ZZQualification:ZZQualification_ID:115;ZZLkpOfoOccupationTree:ZZLkpOfoOccupationTree_ID:1259
*,139,Y,National Certificate: Jewellery Manufacturing,"16Q160127391373",137,2009-03-12 00:00:00.000,2009-03-12 00:00:00.000,0,ref:ZZLkpNqfLevel:ZZNqfLevel:3;ZZQualification:ZZQualification_ID:116
*,140,Y,National Certificate: Electrical Engineering,"16Q160137391402",140,2009-02-18 00:00:00.000,2009-02-18 00:00:00.000,0,ref:ZZLkpNqfLevel:ZZNqfLevel:2;ZZQualification:ZZQualification_ID:108;ZZLkpOfoOccupationTree:ZZLkpOfoOccupationTree_ID:1165
*,141,Y,National Certificate: Electrical Engineering,"16Q160138381333",133,2009-02-18 00:00:00.000,2009-02-18 00:00:00.000,0,ref:ZZLkpNqfLevel:ZZNqfLevel:3;ZZQualification:ZZQualification_ID:110
*,142,Y,Further Education and Training Certificate: Electrical Engineering,"16Q160139421304",130,2009-02-18 00:00:00.000,2009-02-18 00:00:00.000,0,ref:ZZLkpNqfLevel:ZZNqfLevel:4;ZZQualification:ZZQualification_ID:111;ZZLkpOfoOccupationTree:ZZLkpOfoOccupationTree_ID:1165
*,143,Y,Further Education and Training Certificate: Mineral Processing,"16Q160140361347",137,2009-02-18 00:00:00.000,2009-02-18 00:00:00.000,0,ref:ZZLkpNqfLevel:ZZNqfLevel:4;ZZQualification:ZZQualification_ID:130
*,144,Y,National Certificate: Automotive Repair and Maintenance,"16Q160141351252",125,2009-02-18 00:00:00.000,2009-02-18 00:00:00.000,0,ref:ZZLkpNqfLevel:ZZNqfLevel:2;ZZQualification:ZZQualification_ID:145
*,145,Y,Further Education and Training Certificate: Automotive Repair and Maintenance,"16Q160143441594",159,2009-02-18 00:00:00.000,2009-02-18 00:00:00.000,0,ref:ZZLkpNqfLevel:ZZNqfLevel:4;ZZQualification:ZZQualification_ID:109
*,146,Y,National Certificate: Measurement Control and Instrumentation,"16Q160120211203",120,2009-02-18 00:00:00.000,2009-02-18 00:00:00.000,0,ref:ZZLkpNqfLevel:ZZNqfLevel:3;ZZQualification:ZZQualification_ID:134
*,147,Y,National Certificate: Measurement Control and Instrumentation,"16Q160121321332",133,2009-02-18 00:00:00.000,2009-02-18 00:00:00.000,0,ref:ZZLkpNqfLevel:ZZNqfLevel:2;ZZQualification:ZZQualification_ID:133
*,148,Y,Further Education and Training Certificate: Measurement Control and Instrumentation,"16Q160119211344",134,2009-02-18 00:00:00.000,2009-02-18 00:00:00.000,0,ref:ZZLkpNqfLevel:ZZNqfLevel:4;ZZQualification:ZZQualification_ID:135
*,149,Y,Further Education and Training Certificate: Autotronics,"17Q170250351344",134,2011-06-20 00:00:00.000,2011-06-20 00:00:00.000,0,ref:ZZLkpNqfLevel:ZZNqfLevel:4;ZZQualification:ZZQualification_ID:147
*,150,Y,National Certificate: Metals Production,"16Q160114431202",120,2012-06-30 00:00:00.000,2009-06-30 00:00:00.000,0,ref:ZZLkpNqfLevel:ZZNqfLevel:2;ZZQualification:ZZQualification_ID:101;ZZLkpOfoOccupationTree:ZZLkpOfoOccupationTree_ID:1073
*,151,Y,National Certificate: Metals Production,"16Q160115261203",120,2009-06-30 00:00:00.000,2009-06-30 00:00:00.000,0,ref:ZZLkpNqfLevel:ZZNqfLevel:3;ZZQualification:ZZQualification_ID:102;ZZLkpOfoOccupationTree:ZZLkpOfoOccupationTree_ID:1073
*,152,Y,Further Education and Training Certificate: Metals Production,"160Q160116351404",140,2009-06-30 00:00:00.000,2009-06-30 00:00:00.000,0,ref:ZZLkpNqfLevel:ZZNqfLevel:4;ZZQualification:ZZQualification_ID:103;ZZLkpOfoOccupationTree:ZZLkpOfoOccupationTree_ID:1073
*,153,Y,National Certificate: Autotronics,"17Q170248311272",127,2011-03-31 00:00:00.000,2011-03-31 00:00:00.000,0,ref:ZZLkpNqfLevel:ZZNqfLevel:2;ZZQualification:ZZQualification_ID:143
*,154,Y,National Certificate: Autotronics,"17Q170249261323",132,2011-03-31 00:00:00.000,2011-03-31 00:00:00.000,0,ref:ZZLkpNqfLevel:ZZNqfLevel:3;ZZQualification:ZZQualification_ID:142
*,155,Y,Natiional Certificate: Instrumentation Mechanician ,"16Q160008001764 (V3)",237,2011-09-28 00:00:00.000,2011-09-28 00:00:00.000,0,ref:ZZLkpNqfLevel:ZZNqfLevel:4;ZZQualification:ZZQualification_ID:5;ZZLkpOfoOccupationTree:ZZLkpOfoOccupationTree_ID:1174
*,156,Y,National Certificate: Mineral Processing: Platinum,"16Q160109401303",130,2011-11-22 00:00:00.000,2011-11-22 00:00:00.000,0,ref:ZZLkpNqfLevel:ZZNqfLevel:3;ZZQualification:ZZQualification_ID:121;ZZLkpOfoOccupationTree:ZZLkpOfoOccupationTree_ID:1258
*,157,Y,National Certificate: Mineral Processing : Gold,"16Q160112541303",130,2011-11-22 00:00:00.000,2011-11-22 00:00:00.000,0,ref:ZZLkpNqfLevel:ZZNqfLevel:3;ZZQualification:ZZQualification_ID:121;ZZLkpOfoOccupationTree:ZZLkpOfoOccupationTree_ID:1258
*,158,Y,National Certificate: Mineral Processing: Mineral Sands,"16Q160113311303",130,2011-11-23 00:00:00.000,2011-11-23 00:00:00.000,0,ref:ZZLkpNqfLevel:ZZNqfLevel:3;ZZQualification:ZZQualification_ID:121;ZZLkpOfoOccupationTree:ZZLkpOfoOccupationTree_ID:1258
*,159,Y,Further Education and Training Certificate: Diamond Design and Evaluation: Rough Evaluation,"16Q160128371644",150,2011-11-25 00:00:00.000,2011-11-25 00:00:00.000,0,ref:ZZLkpNqfLevel:ZZNqfLevel:4;ZZQualification:ZZQualification_ID:99;ZZLkpOfoOccupationTree:ZZLkpOfoOccupationTree_ID:1117
*,160,Y,Further Education and Training Certificate: Diamond Design and Evaluation: Basic Marking and Design,"16Q160129391644",0,2011-11-25 00:00:00.000,2011-11-25 00:00:00.000,0,ref:ZZLkpNqfLevel:ZZNqfLevel:4;ZZQualification:ZZQualification_ID:99;ZZLkpOfoOccupationTree:ZZLkpOfoOccupationTree_ID:1117
*,161,Y,Further Education and Training Certificate: Diamond Design and Evaluation: Grading Polished Daimonds,"16Q160130381644",0,2011-11-30 00:00:00.000,2011-11-30 00:00:00.000,0,ref:ZZLkpNqfLevel:ZZNqfLevel:4;ZZQualification:ZZQualification_ID:99;ZZLkpOfoOccupationTree:ZZLkpOfoOccupationTree_ID:1117
*,162,Y,Further Education and Training Certificate: Diamond Design and Evaluation: Inspecting,"16Q160131381644",0,2011-11-30 00:00:00.000,2011-11-30 00:00:00.000,0,ref:ZZLkpNqfLevel:ZZNqfLevel:4;ZZQualification:ZZQualification_ID:99;ZZLkpOfoOccupationTree:ZZLkpOfoOccupationTree_ID:1117
*,163,Y,Further Education and Training Certificate: Diamond Processing: Fancy Stone Making,"16Q160136391614",0,2011-12-01 00:00:00.000,2011-12-01 00:00:00.000,0,ref:ZZLkpNqfLevel:ZZNqfLevel:4;ZZQualification:ZZQualification_ID:107;ZZLkpOfoOccupationTree:ZZLkpOfoOccupationTree_ID:1117
*,164,Y,Further Education and Training Certificate: Mineral Processing,"16Q160140361374",137,2011-12-01 00:00:00.000,2011-12-01 00:00:00.000,0,ref:ZZLkpNqfLevel:ZZNqfLevel:4;ZZQualification:ZZQualification_ID:130
*,165,Y,National Certificate: Laboratory Practice:General,"16Q160144541202",120,2011-02-12 00:00:00.000,2011-02-12 00:00:00.000,0,ref:ZZLkpNqfLevel:ZZNqfLevel:2;ZZQualification:ZZQualification_ID:161
*,166,Y,National Certificate: Laboratory Practice: Precious Metal,"16Q160145541202",120,2011-02-12 00:00:00.000,2011-02-12 00:00:00.000,0,ref:ZZLkpNqfLevel:ZZNqfLevel:2;ZZQualification:ZZQualification_ID:123;ZZLkpOfoOccupationTree:ZZLkpOfoOccupationTree_ID:102
*,167,Y,National Certificate: Chemical Operations: Mineral Extraction and Refining,"16Q160124391203",120,2011-05-12 00:00:00.000,2011-05-12 00:00:00.000,0,ref:ZZLkpNqfLevel:ZZNqfLevel:3;ZZQualification:ZZQualification_ID:131
*,168,Y,National Certificate: Chemical Operations: Sulphuric Acid Manufacturing,"16Q160123321203",0,2011-12-05 00:00:00.000,2011-12-05 00:00:00.000,0,ref:ZZLkpNqfLevel:ZZNqfLevel:3;ZZQualification:ZZQualification_ID:131
*,169,Y,Further Education and Training Certificate: Mining Operations: Underground Hard  Rock Mining ,"16Q160156311634",160,2011-12-05 00:00:00.000,2011-12-05 00:00:00.000,0,ref:ZZLkpNqfLevel:ZZNqfLevel:4;ZZQualification:ZZQualification_ID:136
*,170,Y,National Certificate: Chemical Operations,"16Q160122311352",135,2011-05-12 00:00:00.000,2011-05-12 00:00:00.000,0,ref:ZZLkpNqfLevel:ZZNqfLevel:2;ZZQualification:ZZQualification_ID:132
*,171,Y,Further Education and Training Certificate: Mining Operations:Surface Excavations,"16Q160151261604",160,2011-12-05 00:00:00.000,2011-12-05 00:00:00.000,0,ref:ZZLkpNqfLevel:ZZNqfLevel:4;ZZQualification:ZZQualification_ID:136
*,172,Y,National Certificate: Generic Management: Cement Manufacturing,"16Q160125221625",0,2011-12-05 00:00:00.000,2011-12-05 00:00:00.000,0,ref:ZZLkpNqfLevel:ZZNqfLevel:5;ZZQualification:ZZQualification_ID:128
*,173,Y,National Certificate: Strata Control Operations: Underground Coal Mining,"16Q160153391363",0,2011-05-12 00:00:00.000,2011-05-12 00:00:00.000,0,ref:ZZLkpNqfLevel:ZZNqfLevel:3;ZZQualification:ZZQualification_ID:83;ZZLkpOfoOccupationTree:ZZLkpOfoOccupationTree_ID:57
*,174,Y,National Certificate: Strata Control Operations: Massive Mining,"16Q160155391363",0,2011-12-05 00:00:00.000,2011-12-05 00:00:00.000,0,ref:ZZLkpNqfLevel:ZZNqfLevel:3;ZZQualification:ZZQualification_ID:83;ZZLkpOfoOccupationTree:ZZLkpOfoOccupationTree_ID:57
*,175,Y,National Certificate: Strata Control Operations: Surface Mining,"16Q160154391363",0,2011-12-05 00:00:00.000,2011-12-05 00:00:00.000,0,ref:ZZLkpNqfLevel:ZZNqfLevel:3;ZZQualification:ZZQualification_ID:83;ZZLkpOfoOccupationTree:ZZLkpOfoOccupationTree_ID:57
*,176,Y,National Certificate: Mineral Processing: Mineral Sands,"16Q160152291292",129,2011-05-12 00:00:00.000,2011-05-12 00:00:00.000,0,ref:ZZLkpNqfLevel:ZZNqfLevel:2;ZZQualification:ZZQualification_ID:80;ZZLkpOfoOccupationTree:ZZLkpOfoOccupationTree_ID:1258
*,177,Y,Further Education and Training Certificate: Strata Control Operations,"16Q160148401654",0,2011-12-06 00:00:00.000,2011-12-06 00:00:00.000,0,ref:ZZLkpNqfLevel:ZZNqfLevel:4;ZZQualification:ZZQualification_ID:98;ZZLkpOfoOccupationTree:ZZLkpOfoOccupationTree_ID:57
*,178,Y,National Certificate: Mineral Processing: Platinum,"16Q160096591292",129,2012-06-02 00:00:00.000,2012-02-06 00:00:00.000,0,ref:ZZLkpNqfLevel:ZZNqfLevel:2;ZZQualification:ZZQualification_ID:80;ZZLkpOfoOccupationTree:ZZLkpOfoOccupationTree_ID:1258
*,179,Y,National Certificate: Mining Technical Support: Geology,"16Q160142361252",125,2012-12-03 00:00:00.000,2012-12-03 00:00:00.000,0,ref:ZZLkpNqfLevel:ZZNqfLevel:2;ZZQualification:ZZQualification_ID:87;ZZLkpOfoOccupationTree:ZZLkpOfoOccupationTree_ID:814
*,180,Y,National Certificate: Mining Technical Support: Sampling,"16Q160118321252",125,2012-12-03 00:00:00.000,2012-12-03 00:00:00.000,0,ref:ZZLkpNqfLevel:ZZNqfLevel:2;ZZQualification:ZZQualification_ID:87;ZZLkpOfoOccupationTree:ZZLkpOfoOccupationTree_ID:814
*,181,Y,National Certificate: Mining Technical Support: Surveying,"16Q160117321252",125,2012-12-03 00:00:00.000,2012-12-03 00:00:00.000,0,ref:ZZLkpNqfLevel:ZZNqfLevel:2;ZZQualification:ZZQualification_ID:87;ZZLkpOfoOccupationTree:ZZLkpOfoOccupationTree_ID:814
*,182,Y,Further Education and Training Certificate: Mining Operations: Underground Coal Mining,"16Q160150301624",160,2012-04-17 00:00:00.000,2012-04-17 00:00:00.000,0,ref:ZZLkpNqfLevel:ZZNqfLevel:1;ZZQualification:ZZQualification_ID:136
*,183,Y,National Certificate: Mineral Processing: Uranium,"16Q160108331303",130,2012-04-17 00:00:00.000,2012-04-17 00:00:00.000,0,ref:ZZLkpNqfLevel:ZZNqfLevel:3;ZZQualification:ZZQualification_ID:121;ZZLkpOfoOccupationTree:ZZLkpOfoOccupationTree_ID:1258
*,184,Y,"987","987",120,2011-01-07 00:00:00.000,2010-01-06 00:00:00.000,0,ref:ZZLkpNqfLevel:ZZNqfLevel:4;ZZQualification:ZZQualification_ID:15
*,185,Y,Further Education and Training Certificate: Jewellery Manufacturing Operations: Gemstone Setting,"16Q160081261464",150,2012-08-01 00:00:00.000,2012-08-01 00:00:00.000,0,ref:ZZLkpNqfLevel:ZZNqfLevel:4;ZZQualification:ZZQualification_ID:65;ZZLkpOfoOccupationTree:ZZLkpOfoOccupationTree_ID:1272
*,186,Y,National Certificate: Lamproom Operations,"16Q160170321263",126,2014-11-13 00:00:00.000,2014-11-13 00:00:00.000,0,ref:ZZLkpNqfLevel:ZZNqfLevel:3;ZZQualification:ZZQualification_ID:138
*,187,Y,National Certificate Millwright – Diamond,"16Q160028003394 (V2)",359,2003-02-06 00:00:00.000,2003-02-06 00:00:00.000,0,ref:ZZLkpNqfLevel:ZZNqfLevel:4;ZZQualification:ZZQualification_ID:92;ZZLkpOfoOccupationTree:ZZLkpOfoOccupationTree_ID:1167
*,188,Y,National Certificate Plater/Welder - Coal,"16Q160016001333 (V2)",152,1900-01-01 00:00:00.000,1900-01-01 00:00:00.000,0,ref:ZZLkpNqfLevel:ZZNqfLevel:3;ZZQualification:ZZQualification_ID:90;ZZLkpOfoOccupationTree:ZZLkpOfoOccupationTree_ID:1070
*,189,Y,National Certificate: Diesel Mechanic: Coal,"16Q160012001623 (V2)",191,2003-02-06 00:00:00.000,2003-02-06 00:00:00.000,0,ref:ZZLkpNqfLevel:ZZNqfLevel:4;ZZQualification:ZZQualification_ID:1;ZZLkpOfoOccupationTree:ZZLkpOfoOccupationTree_ID:1105
*,190,Y,National Certificate: Diesel Mechanic: Metalliferous,"16Q160013001493 (V2)",171,2003-02-06 00:00:00.000,2003-02-06 00:00:00.000,0,ref:ZZLkpNqfLevel:ZZNqfLevel:3;ZZQualification:ZZQualification_ID:1;ZZLkpOfoOccupationTree:ZZLkpOfoOccupationTree_ID:1105
*,191,Y,National Certificate: Diesel Mechanic: Open Cast,"16Q160052001463 (V2)",184,1900-01-01 00:00:00.000,1900-01-01 00:00:00.000,0,ref:ZZLkpNqfLevel:ZZNqfLevel:3;ZZQualification:ZZQualification_ID:1;ZZLkpOfoOccupationTree:ZZLkpOfoOccupationTree_ID:1105
*,192,Y,National Certificate: Diesel Mechanic: Surface Diamonds,"16Q160014001373 (V2)",186,1900-01-01 00:00:00.000,1900-01-01 00:00:00.000,0,ref:ZZLkpNqfLevel:ZZNqfLevel:3;ZZQualification:ZZQualification_ID:1;ZZLkpOfoOccupationTree:ZZLkpOfoOccupationTree_ID:1105
*,193,Y,National Certificate: Diesel Mechanic: Underground Diamonds,"16Q160011001303 (V2)",182,2003-01-01 00:00:00.000,2003-01-01 00:00:00.000,0,ref:ZZLkpNqfLevel:ZZNqfLevel:2;ZZQualification:ZZQualification_ID:1;ZZLkpOfoOccupationTree:ZZLkpOfoOccupationTree_ID:1105
*,194,Y,National Certificate: Electrical: Metalliferous,"16Q160041003404 (V2)",204,2003-02-06 00:00:00.000,2003-02-06 00:00:00.000,0,ref:ZZLkpNqfLevel:ZZNqfLevel:4;ZZQualification:ZZQualification_ID:2;ZZLkpOfoOccupationTree:ZZLkpOfoOccupationTree_ID:1165
*,195,Y,National Certificate: Electrical: Opencast,"16Q160040003294 (V2)",215,2003-02-06 00:00:00.000,2003-02-06 00:00:00.000,0,ref:ZZLkpNqfLevel:ZZNqfLevel:4;ZZQualification:ZZQualification_ID:2;ZZLkpOfoOccupationTree:ZZLkpOfoOccupationTree_ID:1165
*,196,Y,National Certificate: Electrical: Surface Coal,"16Q160039003444 (V2)",209,2003-02-06 00:00:00.000,2003-02-06 00:00:00.000,0,ref:ZZLkpNqfLevel:ZZNqfLevel:4;ZZQualification:ZZQualification_ID:2;ZZLkpOfoOccupationTree:ZZLkpOfoOccupationTree_ID:1165
*,197,Y,National Certificate: Electrical: Surface Diamonds,"16Q160042003014 (V2)",223,2003-02-06 00:00:00.000,2003-02-06 00:00:00.000,0,ref:ZZLkpNqfLevel:ZZNqfLevel:4;ZZQualification:ZZQualification_ID:2;ZZLkpOfoOccupationTree:ZZLkpOfoOccupationTree_ID:1165
*,198,Y,National Certificate: Electrical: Underground Coal,"16Q160038003494 (V2)",215,2003-02-06 00:00:00.000,2003-02-06 00:00:00.000,0,ref:ZZLkpNqfLevel:ZZNqfLevel:4;ZZQualification:ZZQualification_ID:2;ZZLkpOfoOccupationTree:ZZLkpOfoOccupationTree_ID:1165
*,199,Y,National Certificate: Electrical: Underground Diamonds,"16Q160037003134 (V2)",217,2003-02-06 00:00:00.000,2003-02-06 00:00:00.000,0,ref:ZZLkpNqfLevel:ZZNqfLevel:4;ZZQualification:ZZQualification_ID:2;ZZLkpOfoOccupationTree:ZZLkpOfoOccupationTree_ID:1165
*,200,Y,National Certificate: Fitting (including machining) : Metalliferous,"16Q160026002443 (V2)",152,2003-02-06 00:00:00.000,2003-02-06 00:00:00.000,0,ref:ZZLkpNqfLevel:ZZNqfLevel:3;ZZQualification:ZZQualification_ID:4;ZZLkpOfoOccupationTree:ZZLkpOfoOccupationTree_ID:1102
*,201,Y,National Certificate: Fitting (including machining) : Open Cast,"16Q160053001463 (V2)",111,1900-01-01 00:00:00.000,1900-01-01 00:00:00.000,0,ref:ZZLkpNqfLevel:ZZNqfLevel:3;ZZQualification:ZZQualification_ID:4;ZZLkpOfoOccupationTree:ZZLkpOfoOccupationTree_ID:1102
*,202,Y,National Certificate: Fitting (including machining) : Surface Coal,"16Q160025001283 (V2)",134,2003-02-06 00:00:00.000,2003-02-06 00:00:00.000,0,ref:ZZLkpNqfLevel:ZZNqfLevel:3;ZZQualification:ZZQualification_ID:4;ZZLkpOfoOccupationTree:ZZLkpOfoOccupationTree_ID:1102
*,203,Y,National Certificate: Fitting (including machining) : Surface Diamonds,"16Q160027001203 (V2)",119,2003-02-06 00:00:00.000,2003-02-06 00:00:00.000,0,ref:ZZLkpNqfLevel:ZZNqfLevel:3;ZZQualification:ZZQualification_ID:4;ZZLkpOfoOccupationTree:ZZLkpOfoOccupationTree_ID:1102
*,204,Y,National Certificate: Fitting (including machining) : Underground Coal,"16Q160024001533 (V2)",144,2003-02-06 00:00:00.000,2003-02-06 00:00:00.000,0,ref:ZZLkpNqfLevel:ZZNqfLevel:3;ZZQualification:ZZQualification_ID:4;ZZLkpOfoOccupationTree:ZZLkpOfoOccupationTree_ID:1102
*,205,Y,National Certificate: Fitting (including machining) : Underground Daimonds,"16Q160023001273 (V2)",140,2003-02-06 00:00:00.000,2003-02-06 00:00:00.000,0,ref:ZZLkpNqfLevel:ZZNqfLevel:3;ZZQualification:ZZQualification_ID:4;ZZLkpOfoOccupationTree:ZZLkpOfoOccupationTree_ID:1102
*,206,Y,National Certificate: Fitting and Turning: Metalliferous,"16Q160035002763 (V2)",184,2003-02-06 00:00:00.000,2003-02-06 00:00:00.000,0,ref:ZZLkpNqfLevel:ZZNqfLevel:3;ZZQualification:ZZQualification_ID:3;ZZLkpOfoOccupationTree:ZZLkpOfoOccupationTree_ID:1090
*,207,Y,National Certificate: Fitting and Turning: Open Cast,"16Q160054001463 (V2)",146,1900-01-01 00:00:00.000,1900-01-01 00:00:00.000,0,ref:ZZLkpNqfLevel:ZZNqfLevel:3;ZZQualification:ZZQualification_ID:3;ZZLkpOfoOccupationTree:ZZLkpOfoOccupationTree_ID:1090
*,208,Y,National Certificate: Fitting and Turning: Surface Coal,"16Q160034001463 (V2)",163,2003-02-06 00:00:00.000,2003-02-06 00:00:00.000,0,ref:ZZLkpNqfLevel:ZZNqfLevel:3;ZZQualification:ZZQualification_ID:3;ZZLkpOfoOccupationTree:ZZLkpOfoOccupationTree_ID:1090
*,209,Y,National Certificate: Fitting and Turning: Surface Diamonds,"16Q160036001403 (V2)",152,2003-02-06 00:00:00.000,2003-02-06 00:00:00.000,0,ref:ZZLkpNqfLevel:ZZNqfLevel:3;ZZQualification:ZZQualification_ID:3;ZZLkpOfoOccupationTree:ZZLkpOfoOccupationTree_ID:1090
*,210,Y,National Certificate: Fitting and Turning: Underground Coal,"16Q160033001853 (V2)",177,2003-02-06 00:00:00.000,2003-02-06 00:00:00.000,0,ref:ZZLkpNqfLevel:ZZNqfLevel:3;ZZQualification:ZZQualification_ID:3;ZZLkpOfoOccupationTree:ZZLkpOfoOccupationTree_ID:1090
*,211,Y,National Certificate: Fitting and Turning: Underground Diamonds,"16Q160032001593 (V2)",172,2003-02-06 00:00:00.000,2003-02-06 00:00:00.000,0,ref:ZZLkpNqfLevel:ZZNqfLevel:3;ZZQualification:ZZQualification_ID:3;ZZLkpOfoOccupationTree:ZZLkpOfoOccupationTree_ID:1090
*,212,Y,National Certificate: Millwright: Coal,"16Q160029004094 (V2)",378,2003-02-06 00:00:00.000,2003-02-06 00:00:00.000,0,ref:ZZLkpNqfLevel:ZZNqfLevel:4;ZZQualification:ZZQualification_ID:92;ZZLkpOfoOccupationTree:ZZLkpOfoOccupationTree_ID:1167
*,213,Y,National Certificate: Millwright: Metalliferous,"16Q160030004444 (V2)",386,2003-02-06 00:00:00.000,2003-02-06 00:00:00.000,0,ref:ZZLkpNqfLevel:ZZNqfLevel:4;ZZQualification:ZZQualification_ID:92;ZZLkpOfoOccupationTree:ZZLkpOfoOccupationTree_ID:1167
*,214,Y,National Certificate: Millwright: Opencast,"16Q160031003814 (V2)",359,2003-02-06 00:00:00.000,2003-02-06 00:00:00.000,0,ref:ZZLkpNqfLevel:ZZNqfLevel:4;ZZQualification:ZZQualification_ID:92;ZZLkpOfoOccupationTree:ZZLkpOfoOccupationTree_ID:1167
*,215,Y,National Certificate: Plater/Boilermaker: Coal,"16Q160020001343 (V2)",148,1900-01-01 00:00:00.000,1900-01-01 00:00:00.000,0,ref:ZZLkpNqfLevel:ZZNqfLevel:3;ZZQualification:ZZQualification_ID:89;ZZLkpOfoOccupationTree:ZZLkpOfoOccupationTree_ID:1074
*,216,Y,National Certificate: Plater/Boilermaker: Diamonds Open Cast,"16Q160022001493 (V2)",145,1900-01-01 00:00:00.000,1900-01-01 00:00:00.000,0,ref:ZZLkpNqfLevel:ZZNqfLevel:3;ZZQualification:ZZQualification_ID:89;ZZLkpOfoOccupationTree:ZZLkpOfoOccupationTree_ID:1074
*,217,Y,National Certificate: Plater/Boilermaker: Metalliferous,"16Q160021001733 (V2)",146,1900-01-01 00:00:00.000,1900-01-01 00:00:00.000,0,ref:ZZLkpNqfLevel:ZZNqfLevel:3;ZZQualification:ZZQualification_ID:89;ZZLkpOfoOccupationTree:ZZLkpOfoOccupationTree_ID:1074
*,218,Y,National Certificate: Plater/Boilermaker: Opencast,"16Q160019001323 (V2)",139,1900-01-01 00:00:00.000,1900-01-01 00:00:00.000,0,ref:ZZLkpNqfLevel:ZZNqfLevel:3;ZZQualification:ZZQualification_ID:89;ZZLkpOfoOccupationTree:ZZLkpOfoOccupationTree_ID:1074
*,219,Y,National Certificate: Plater/Welder: Diamonds Opencast,"16Q160018001523 (V2)",141,1900-01-01 00:00:00.000,1900-01-01 00:00:00.000,0,ref:ZZLkpNqfLevel:ZZNqfLevel:3;ZZQualification:ZZQualification_ID:90;ZZLkpOfoOccupationTree:ZZLkpOfoOccupationTree_ID:1070
*,220,Y,National Certificate: Plater/Welder: Metalliferous,"16Q160017001773 (V2)",150,1900-01-01 00:00:00.000,1900-01-01 00:00:00.000,0,ref:ZZLkpNqfLevel:ZZNqfLevel:3;ZZQualification:ZZQualification_ID:90;ZZLkpOfoOccupationTree:ZZLkpOfoOccupationTree_ID:1070
*,221,Y,National Certificate: Plater/Welder: Open Cast,"16Q160051001463 (V2)",145,1900-01-01 00:00:00.000,1900-01-01 00:00:00.000,0,ref:ZZLkpNqfLevel:ZZNqfLevel:3;ZZQualification:ZZQualification_ID:90;ZZLkpOfoOccupationTree:ZZLkpOfoOccupationTree_ID:1070
*,222,Y,National Certificate: Plater/Welder: Underground Diamonds,"16Q160018001623 (V2)",149,1900-01-01 00:00:00.000,1900-01-01 00:00:00.000,0,ref:ZZLkpNqfLevel:ZZNqfLevel:3;ZZQualification:ZZQualification_ID:90;ZZLkpOfoOccupationTree:ZZLkpOfoOccupationTree_ID:1070
*,223,Y,National Certificate: Rigger Ropesman: Open Cast,"16Q160010001273 (V2)",127,2003-02-06 00:00:00.000,2003-02-06 00:00:00.000,0,ref:ZZLkpNqfLevel:ZZNqfLevel:3;ZZQualification:ZZQualification_ID:6;ZZLkpOfoOccupationTree:ZZLkpOfoOccupationTree_ID:1079
*,224,Y,National Certificate: Rigger Ropesman: Surface / Underground,"16Q160009001273 (V2)",140,2012-06-30 00:00:00.000,2012-06-30 00:00:00.000,0,ref:ZZLkpNqfLevel:ZZNqfLevel:3;ZZQualification:ZZQualification_ID:6;ZZLkpOfoOccupationTree:ZZLkpOfoOccupationTree_ID:1079
*,225,Y,National Certificate: Laboratory Practice: Coal,"16Q160146541202",120,2011-12-02 00:00:00.000,2011-12-02 00:00:00.000,0,ref:ZZLkpNqfLevel:ZZNqfLevel:2;ZZQualification:ZZQualification_ID:162
*,226,Y,National Certificate: Mining Technical Support: Survey,"16Q160187471383",138,2016-07-27 00:00:00.000,2016-07-27 00:00:00.000,0,ref:ZZLkpNqfLevel:ZZNqfLevel:3;ZZQualification:ZZQualification_ID:117
*,227,Y,Further Education Training Certificate: Mining Geology,"16Q160186541604",160,2017-07-27 00:00:00.000,2016-07-27 00:00:00.000,0,ref:ZZLkpNqfLevel:ZZNqfLevel:4;ZZQualification:ZZQualification_ID:137
*,228,Y,Further Education Training Certificate: Exploration Geology,"16Q160183611604",160,2016-07-27 00:00:00.000,2016-07-27 00:00:00.000,0,ref:ZZLkpNqfLevel:ZZNqfLevel:4;ZZQualification:ZZQualification_ID:137
*,229,Y,National Certificate: Mechanical Engineering: Fitting,"16Q160182451203",120,2016-02-27 00:00:00.000,2016-07-27 00:00:00.000,0,ref:ZZLkpNqfLevel:ZZNqfLevel:3;ZZQualification:ZZQualification_ID:85;ZZLkpOfoOccupationTree:ZZLkpOfoOccupationTree_ID:1090
*,230,Y,Further Education and Training Certificate: Mechanical Engineering: Fitting,"16Q160179301204",120,2016-02-27 00:00:00.000,2016-07-27 00:00:00.000,0,ref:ZZLkpNqfLevel:ZZNqfLevel:4;ZZQualification:ZZQualification_ID:86;ZZLkpOfoOccupationTree:ZZLkpOfoOccupationTree_ID:1090
*,231,Y,National Certificate: Mechanical Engineering: Fitting,"16Q160185681302",130,2016-07-27 00:00:00.000,2016-07-27 00:00:00.000,0,ref:ZZLkpNqfLevel:ZZNqfLevel:2;ZZQualification:ZZQualification_ID:84;ZZLkpOfoOccupationTree:ZZLkpOfoOccupationTree_ID:1090
*,232,Y,National Certificate: Mining Technical Support: Sampling,"16Q160184421383",138,2016-07-27 00:00:00.000,2016-07-27 00:00:00.000,0,ref:ZZLkpNqfLevel:ZZNqfLevel:3;ZZQualification:ZZQualification_ID:117
*,233,Y,Further Education and Training: Laboratory Analysis: Mining and Minerals,"16Q160193001404 (A)",140,2017-05-09 00:00:00.000,2017-02-06 00:00:00.000,0,ref:ZZLkpNqfLevel:ZZNqfLevel:4;ZZQualification:ZZQualification_ID:124
*,234,Y,National Certificate: Mining Technical Support: Geology,"16Q160177511383",138,2017-07-27 00:00:00.000,2017-07-27 00:00:00.000,0,ref:ZZLkpNqfLevel:ZZNqfLevel:3;ZZQualification:ZZQualification_ID:117
*,235,Y,Automotive electrician mining,"61305",120,2018-01-07 00:00:00.000,2018-01-07 00:00:00.000,0,ZZQualification:ZZQualification_ID:163
*,236,Y,Heavy Equipment Mechanic,"96276",120,2018-01-07 00:00:00.000,2018-01-07 00:00:00.000,0,ZZQualification:ZZQualification_ID:164
*,237,Y,GoldSmith,"96283",120,2018-07-01 00:00:00.000,2018-07-01 00:00:00.000,0,ZZQualification:ZZQualification_ID:165
*,238,Y,Diamond and gemstone setter,"96284",120,2018-01-07 00:00:00.000,2018-01-07 00:00:00.000,0,ZZQualification:ZZQualification_ID:166
*,239,Y,Diamond Cutter,"96349",120,2018-07-01 00:00:00.000,2018-07-01 00:00:00.000,0,ZZQualification:ZZQualification_ID:167
*,240,Y,Earth Moving Mechanic,"97388",120,2018-01-07 00:00:00.000,2018-01-07 00:00:00.000,0,ZZQualification:ZZQualification_ID:168
*,241,Y,National Certificate Instrumentation Mechanician  (V4),"16Q160008001764 (V4)",176,2003-02-06 00:00:00.000,2003-02-06 00:00:00.000,0,ref:ZZLkpNqfLevel:ZZNqfLevel:4;ZZQualification:ZZQualification_ID:5
*,242,Y,National Certificate Rigger Ropesman - Surface/Underground (V3),"16Q160009001273 (V3)",127,2003-02-06 00:00:00.000,2003-02-06 00:00:00.000,0,ref:ZZLkpNqfLevel:ZZNqfLevel:3;ZZQualification:ZZQualification_ID:6
*,243,Y,National Certificate Rigger Ropesman - Opencast (V3),"16Q160010001273 (V3)",127,2003-02-06 00:00:00.000,2003-02-06 00:00:00.000,0,ref:ZZLkpNqfLevel:ZZNqfLevel:3;ZZQualification:ZZQualification_ID:6
*,244,Y,National Certificate Diesel Mechanic - Metalliferous (V3),"16Q160013001493 (V3)",178,2003-06-02 00:00:00.000,2003-06-02 00:00:00.000,0,ref:ZZLkpNqfLevel:ZZNqfLevel:3;ZZQualification:ZZQualification_ID:1;ZZLkpOfoOccupationTree:ZZLkpOfoOccupationTree_ID:1105
*,245,Y,National Certificate Plater/Welder - Coal (V3),"16Q160016001333 (V3)",0,1900-01-01 00:00:00.000,1900-01-01 00:00:00.000,0,ref:ZZLkpNqfLevel:ZZNqfLevel:3;ZZQualification:ZZQualification_ID:90
*,246,Y,National Certificate Plater/Welder - Metalliferous (V3),"16Q160017001773 (V3)",0,1900-01-01 00:00:00.000,1900-01-01 00:00:00.000,0,ref:ZZLkpNqfLevel:ZZNqfLevel:3;ZZQualification:ZZQualification_ID:90;ZZLkpOfoOccupationTree:ZZLkpOfoOccupationTree_ID:1070
*,247,Y,National Certificate Plater/Welder-Diamond Opencast (V3),"16Q160018001523 (V3)",0,1900-01-01 00:00:00.000,1900-01-01 00:00:00.000,0,ref:ZZLkpNqfLevel:ZZNqfLevel:3;ZZQualification:ZZQualification_ID:90
*,248,Y,National Certificate Plater/Welder - Underground Diamonds (V3),"16Q160018001623 (V3)",0,1900-01-01 00:00:00.000,1900-01-01 00:00:00.000,0,ref:ZZLkpNqfLevel:ZZNqfLevel:3;ZZQualification:ZZQualification_ID:90
*,249,Y,National Certificate Plater/Boilermaker - Opencast (V3),"16Q160019001323 (V3)",0,1900-01-01 00:00:00.000,1900-01-01 00:00:00.000,0,ref:ZZLkpNqfLevel:ZZNqfLevel:3;ZZQualification:ZZQualification_ID:89;ZZLkpOfoOccupationTree:ZZLkpOfoOccupationTree_ID:1074
*,250,Y,National Certificate Plater/Boilermaker - Coal (V3),"16Q160020001343 (V3)",0,1900-01-01 00:00:00.000,1900-01-01 00:00:00.000,0,ref:ZZLkpNqfLevel:ZZNqfLevel:3;ZZQualification:ZZQualification_ID:89
*,251,Y,National Certificate Plater/Boilermaker - Metalliferous (V3),"16Q160021001733 (V3)",0,1900-01-01 00:00:00.000,1900-01-01 00:00:00.000,0,ref:ZZLkpNqfLevel:ZZNqfLevel:3;ZZQualification:ZZQualification_ID:89
*,252,Y,National Certificate Plater/Boilermaker - Diamond Opencast (V3),"16Q160022001493 (V3)",0,1900-01-01 00:00:00.000,1900-01-01 00:00:00.000,0,ref:ZZLkpNqfLevel:ZZNqfLevel:3;ZZQualification:ZZQualification_ID:89
*,253,Y,National Certificate Fitting (including machining) - Underground Diamonds (V3),"16Q160023001273 (V3)",140,2003-02-06 00:00:00.000,2003-02-06 00:00:00.000,0,ref:ZZLkpNqfLevel:ZZNqfLevel:3;ZZQualification:ZZQualification_ID:4
*,254,Y,National Certificate Fitting (including machining) - Underground Coal (V3),"16Q160024001533 (V3)",144,2003-02-06 00:00:00.000,2003-02-06 00:00:00.000,0,ref:ZZLkpNqfLevel:ZZNqfLevel:3;ZZQualification:ZZQualification_ID:4
*,255,Y,National Certificate Fitting (including machining) - Surface Coal (V3),"16Q160025001283 (V3)",134,2003-02-06 00:00:00.000,2003-02-06 00:00:00.000,0,ref:ZZLkpNqfLevel:ZZNqfLevel:3;ZZQualification:ZZQualification_ID:4
*,256,Y,National Certificate Fitting (including machining) -Metalliferous (V3),"16Q160026002443 (V3)",148,2003-02-06 00:00:00.000,2003-02-06 00:00:00.000,0,ref:ZZLkpNqfLevel:ZZNqfLevel:3;ZZQualification:ZZQualification_ID:4;ZZLkpOfoOccupationTree:ZZLkpOfoOccupationTree_ID:1102
*,257,Y,National Certificate Fitting (including machining) - Surface Diamonds (V3),"16Q160027001203 (V3)",119,2003-02-06 00:00:00.000,2003-02-06 00:00:00.000,0,ref:ZZLkpNqfLevel:ZZNqfLevel:3;ZZQualification:ZZQualification_ID:4
*,258,Y,National Certificate Millwright - Diamonds (V3),"16Q160028003394 (V3)",339,2003-02-06 00:00:00.000,2003-02-06 00:00:00.000,0,ref:ZZLkpNqfLevel:ZZNqfLevel:4;ZZQualification:ZZQualification_ID:92
*,259,Y,National Certificate Millwright - Coal (V3),"16Q160029004094 (V3)",409,2003-02-06 00:00:00.000,2003-02-06 00:00:00.000,0,ref:ZZLkpNqfLevel:ZZNqfLevel:4;ZZQualification:ZZQualification_ID:92
*,260,Y,National Certificate Millwright - Metalliferous (V3),"16Q160030004444 (V3)",444,2003-02-06 00:00:00.000,2003-02-06 00:00:00.000,0,ref:ZZLkpNqfLevel:ZZNqfLevel:4;ZZQualification:ZZQualification_ID:92
*,261,Y,National Certificate Millwright - Opencast (V3),"16Q160031003814 (V3)",381,2003-02-06 00:00:00.000,2003-02-06 00:00:00.000,0,ref:ZZLkpNqfLevel:ZZNqfLevel:4;ZZQualification:ZZQualification_ID:92;ZZLkpOfoOccupationTree:ZZLkpOfoOccupationTree_ID:1167
*,262,Y,National Certificate Fitting and Turning - Underground Diamonds (V3),"16Q160032001593 (V3)",172,2003-02-06 00:00:00.000,2003-02-06 00:00:00.000,0,ref:ZZLkpNqfLevel:ZZNqfLevel:3;ZZQualification:ZZQualification_ID:3
*,263,Y,National Certificate Fitting and Turning - Underground Coal (V3),"16Q160033001853 (V3)",177,2003-02-06 00:00:00.000,2003-02-06 00:00:00.000,0,ref:ZZLkpNqfLevel:ZZNqfLevel:3;ZZQualification:ZZQualification_ID:3
*,264,Y,National Certificate: Fitting and Turning: Surface Coal (V3),"16Q160034001463 (V3)",167,2003-02-06 00:00:00.000,2003-02-06 00:00:00.000,0,ref:ZZLkpNqfLevel:ZZNqfLevel:3;ZZQualification:ZZQualification_ID:3
*,265,Y,National Certificate Fitting and Turning - Metalliferous (V3),"16Q160035002763 (V3)",181,2003-02-06 00:00:00.000,2003-02-06 00:00:00.000,0,ref:ZZLkpNqfLevel:ZZNqfLevel:3;ZZQualification:ZZQualification_ID:3
*,266,Y,National Certificate Fitting and Turning - Surface Diamonds (V3),"16Q160036001403 (V3)",152,2003-02-06 00:00:00.000,2003-02-06 00:00:00.000,0,ref:ZZLkpNqfLevel:ZZNqfLevel:3;ZZQualification:ZZQualification_ID:3
*,267,Y,National Certificate Electrical - Underground Diamonds (V3),"16Q160037003134 (V3)",479,2007-01-01 00:00:00.000,2003-02-06 00:00:00.000,0,ref:ZZLkpNqfLevel:ZZNqfLevel:4;ZZQualification:ZZQualification_ID:2
*,268,Y,National Certificate Electrical - Underground Coal (V3),"16Q160038003494 (V3)",428,2007-01-01 00:00:00.000,2003-02-06 00:00:00.000,0,ref:ZZLkpNqfLevel:ZZNqfLevel:4;ZZQualification:ZZQualification_ID:2
*,269,Y,National Certificate Electrical - Surface Coal (V3),"16Q160039003444 (V3)",436,2007-01-01 00:00:00.000,2003-02-06 00:00:00.000,0,ref:ZZLkpNqfLevel:ZZNqfLevel:4;ZZQualification:ZZQualification_ID:2
*,270,Y,National Certificate Electrical - Opencast (V3),"16Q160040003294 (V3)",435,2007-01-01 00:00:00.000,2003-02-06 00:00:00.000,0,ref:ZZLkpNqfLevel:ZZNqfLevel:4;ZZQualification:ZZQualification_ID:2;ZZLkpOfoOccupationTree:ZZLkpOfoOccupationTree_ID:1165
*,271,Y,National Certificate Electrical - Metalliferous (V3),"16Q160041003404 (V3)",443,2007-01-01 00:00:00.000,2003-02-06 00:00:00.000,0,ref:ZZLkpNqfLevel:ZZNqfLevel:4;ZZQualification:ZZQualification_ID:2;ZZLkpOfoOccupationTree:ZZLkpOfoOccupationTree_ID:1165
*,272,Y,National Certificate Electrical - Surface (V3),"16Q160042003014 (V3)",478,2007-01-01 00:00:00.000,2003-02-06 00:00:00.000,0,ref:ZZLkpNqfLevel:ZZNqfLevel:3;ZZQualification:ZZQualification_ID:2
*,273,Y,National Certificate Plater/Welder - Opencast (V3),"16Q160051001463 (V3)",0,1900-01-01 00:00:00.000,1900-01-01 00:00:00.000,0,ref:ZZLkpNqfLevel:ZZNqfLevel:3;ZZQualification:ZZQualification_ID:90;ZZLkpOfoOccupationTree:ZZLkpOfoOccupationTree_ID:1070
*,274,Y,National Certificate Diesel Mechanic – Open Cast (V3),"16Q160052001463 (V3)",186,1900-01-01 00:00:00.000,1900-01-01 00:00:00.000,0,ref:ZZLkpNqfLevel:ZZNqfLevel:3;ZZQualification:ZZQualification_ID:1;ZZLkpOfoOccupationTree:ZZLkpOfoOccupationTree_ID:1105
*,275,N,National Certificate Fitting including Machining - Open Cast (V3),"16Q160053001463 (V3)",111,1900-01-01 00:00:00.000,1900-01-01 00:00:00.000,0,ref:ZZLkpNqfLevel:ZZNqfLevel:3;ZZQualification:ZZQualification_ID:4;ZZLkpOfoOccupationTree:ZZLkpOfoOccupationTree_ID:1102
*,276,Y,National Certificate Fitter and Turner - Open Cast (V3),"16Q160054001463 (V3)",146,1900-01-01 00:00:00.000,1900-01-01 00:00:00.000,0,ref:ZZLkpNqfLevel:ZZNqfLevel:3;ZZQualification:ZZQualification_ID:3;ZZLkpOfoOccupationTree:ZZLkpOfoOccupationTree_ID:1090
*,277,Y,Diesel Mechanic – Underground Diamonds  (V3),"16Q160011001303 (V3)",443,2003-01-01 00:00:00.000,2003-01-01 00:00:00.000,0,ref:ZZLkpNqfLevel:ZZNqfLevel:2;ZZQualification:ZZQualification_ID:1
*,278,Y,National Certificate Diesel Mechanic - Coal (V3),"16Q160012001623 (V3)",443,2003-02-06 00:00:00.000,2003-02-06 00:00:00.000,0,ref:ZZLkpNqfLevel:ZZNqfLevel:4;ZZQualification:ZZQualification_ID:1
*,279,Y,National Certificate Diesel Mechanic - Surface Diamonds (V3),"16Q160014001373 (V3)",443,1900-01-01 00:00:00.000,1900-01-01 00:00:00.000,0,ref:ZZLkpNqfLevel:ZZNqfLevel:3;ZZQualification:ZZQualification_ID:1
*,280,Y,National Certificate: Mineral Processing: Gold,"16Q160095671292",129,2012-06-02 00:00:00.000,2012-02-06 00:00:00.000,0,ref:ZZLkpNqfLevel:ZZNqfLevel:2;ZZQualification:ZZQualification_ID:80
*,281,Y,Test learnership,Test16q887780887654,120,2023-01-26 00:00:00.000,2027-01-26 00:00:00.000,18,ref:ZZLkpNqfLevel:ZZNqfLevel:2;ZZQualification:ZZQualification_ID:80;ref:ZZLkpLearnershipType:ZZLearnershipType:3;ref:ZZLkpQualityAssuranceBody:ZZQualityAssuranceBody:8
*,282,Y,Learnership shell test,"16Q20231123",120,2023-10-01 00:00:00.000,2028-11-23 00:00:00.000,20,ref:ZZLkpNqfLevel:ZZNqfLevel:4;ref:ZZLkpLearnershipType:ZZLearnershipType:4;ref:ZZLkpQualityAssuranceBody:ZZQualityAssuranceBody:8
*,283,Y,Learenrship Shell2,"16Q20231127",120,2023-11-01 00:00:00.000,2028-11-27 00:00:00.000,20,ref:ZZLkpNqfLevel:ZZNqfLevel:4;ref:ZZLkpLearnershipType:ZZLearnershipType:4;ref:ZZLkpQualityAssuranceBody:ZZQualityAssuranceBody:8
*,284,Y,FETC:Generic management NQF5,"23Q230073291625",163,2018-07-01 00:00:00.000,2026-06-30 00:00:00.000,100,ref:ZZLkpNqfLevel:ZZNqfLevel:5;ZZQualification:ZZQualification_ID:179;ref:ZZLkpLearnershipType:ZZLearnershipType:4;ZZLkpOfoOccupationTree:ZZLkpOfoOccupationTree_ID:485;ref:ZZLkpQualityAssuranceBody:ZZQualityAssuranceBody:8
*,285,Y,Project Management,"23Q2300082012044R",136,2024-04-01 00:00:00.000,2025-03-31 00:00:00.000,120388,ref:ZZLkpNqfLevel:ZZNqfLevel:4;ref:ZZLkpLearnershipType:ZZLearnershipType:4;ref:ZZLkpQualityAssuranceBody:ZZQualityAssuranceBody:8
*,286,Y,Further Education and Training Certificate: Generic Management,"23Q230074261504",154,2024-04-24 00:00:00.000,2025-04-30 00:00:00.000,242818,ref:ZZLkpNqfLevel:ZZNqfLevel:4;ref:ZZLkpLearnershipType:ZZLearnershipType:4;ZZLkpOfoOccupationTree:ZZLkpOfoOccupationTree_ID:4340;ref:ZZLkpQualityAssuranceBody:ZZQualityAssuranceBody:8
*,287,Y,General education and training certificate: Business practice,"23Q230071391211",121,2024-05-29 00:00:00.000,2025-05-30 00:00:00.000,121,ref:ZZLkpNqfLevel:ZZNqfLevel:1;ZZQualification:ZZQualification_ID:170;ref:ZZLkpLearnershipType:ZZLearnershipType:4;ref:ZZLkpQualityAssuranceBody:ZZQualityAssuranceBody:8
*,288,Y,NC: Business Administration,"23Q230025391592",130,2018-07-01 00:00:00.000,2026-06-30 00:00:00.000,130,ref:ZZLkpNqfLevel:ZZNqfLevel:3;ZZQualification:ZZQualification_ID:171;ref:ZZLkpLearnershipType:ZZLearnershipType:4;ref:ZZLkpQualityAssuranceBody:ZZQualityAssuranceBody:8
*,289,Y,Project Management,"23Q230068281364",136,2024-05-02 00:00:00.000,2025-05-01 00:00:00.000,136,ref:ZZLkpNqfLevel:ZZNqfLevel:4;ref:ZZLkpLearnershipType:ZZLearnershipType:4;ref:ZZLkpQualityAssuranceBody:ZZQualityAssuranceBody:8
*,290,Y,Marketing,"23Q230081451394",141,2024-05-01 00:00:00.000,2025-05-01 00:00:00.000,141,ref:ZZLkpNqfLevel:ZZNqfLevel:4;ref:ZZLkpLearnershipType:ZZLearnershipType:4;ref:ZZLkpQualityAssuranceBody:ZZQualityAssuranceBody:8
*,291,Y,NC:Bookkeeping,"01Q010027261203",120,2024-04-01 00:00:00.000,2025-04-30 00:00:00.000,120,ref:ZZLkpNqfLevel:ZZNqfLevel:3;ZZQualification:ZZQualification_ID:176;ref:ZZLkpLearnershipType:ZZLearnershipType:4;ref:ZZLkpQualityAssuranceBody:ZZQualityAssuranceBody:8
*,292,Y,FETC: Bookkeeping,"01Q01002828130/4",130,2024-04-01 00:00:00.000,2025-04-01 00:00:00.000,130,ref:ZZLkpNqfLevel:ZZNqfLevel:4;ZZQualification:ZZQualification_ID:177;ref:ZZLkpLearnershipType:ZZLearnershipType:4;ref:ZZLkpQualityAssuranceBody:ZZQualityAssuranceBody:8
*,293,Y,FETC: Business Administration,"23Q230032541404",140,2024-04-01 00:00:00.000,2026-06-30 00:00:00.000,140,ref:ZZLkpNqfLevel:ZZNqfLevel:4;ZZQualification:ZZQualification_ID:178;ref:ZZLkpLearnershipType:ZZLearnershipType:4;ref:ZZLkpQualityAssuranceBody:ZZQualityAssuranceBody:8
*,294,Y,NC:business administration,"23Q230026461303",120,2024-04-01 00:00:00.000,2026-07-30 00:00:00.000,120,ref:ZZLkpNqfLevel:ZZNqfLevel:3;ZZQualification:ZZQualification_ID:175;ref:ZZLkpLearnershipType:ZZLearnershipType:4;ref:ZZLkpQualityAssuranceBody:ZZQualityAssuranceBody:8
*,295,Y,business administration,"23Q00225391592",130,2024-05-01 00:00:00.000,2025-05-01 00:00:00.000,130,ref:ZZLkpNqfLevel:ZZNqfLevel:2;ZZQualification:ZZQualification_ID:171;ref:ZZLkpLearnershipType:ZZLearnershipType:4;ref:ZZLkpQualityAssuranceBody:ZZQualityAssuranceBody:8
*,296,Y,National Certificate: Project Management,"23Q230070231205",140,2024-04-01 00:00:00.000,2025-04-01 00:00:00.000,143,ref:ZZLkpNqfLevel:ZZNqfLevel:4;ZZQualification:ZZQualification_ID:180;ref:ZZLkpLearnershipType:ZZLearnershipType:4;ref:ZZLkpQualityAssuranceBody:ZZQualityAssuranceBody:8
*,297,Y,TestLearnership,"1Test234567890",120,2024-04-08 00:00:00.000,2025-06-18 00:00:00.000,8,ref:ZZLkpNqfLevel:ZZNqfLevel:6;ZZQualification:ZZQualification_ID:181;ref:ZZLkpLearnershipType:ZZLearnershipType:1;ref:ZZLkpQualityAssuranceBody:ZZQualityAssuranceBody:8
*,298,Y,Human Resource Management and Support,"21Q210014331404",140,2024-06-19 00:00:00.000,2025-06-19 00:00:00.000,140,ref:ZZLkpNqfLevel:ZZNqfLevel:4;ZZQualification:ZZQualification_ID:183;ref:ZZLkpLearnershipType:ZZLearnershipType:4;ref:ZZLkpQualityAssuranceBody:ZZQualityAssuranceBody:8
*,299,Y,National Certificate -Animal production,"30Q300002421404",140,2024-06-18 00:00:00.000,2025-06-30 00:00:00.000,140,ref:ZZLkpNqfLevel:ZZNqfLevel:4;ZZQualification:ZZQualification_ID:184;ref:ZZLkpLearnershipType:ZZLearnershipType:4;ref:ZZLkpQualityAssuranceBody:ZZQualityAssuranceBody:8
*,300,Y,Procurement in the Supply Chain,"26Q260081151505",154,2024-06-18 00:00:00.000,2025-07-30 00:00:00.000,154,ref:ZZLkpNqfLevel:ZZNqfLevel:5;ZZQualification:ZZQualification_ID:185;ref:ZZLkpLearnershipType:ZZLearnershipType:4;ref:ZZLkpQualityAssuranceBody:ZZQualityAssuranceBody:8
*,301,Y,National Certificate: Management: Stores and Warehousing,"17Q170262221213",120,2024-06-18 00:00:00.000,2025-06-30 00:00:00.000,120,ref:ZZLkpNqfLevel:ZZNqfLevel:4;ZZQualification:ZZQualification_ID:186;ref:ZZLkpLearnershipType:ZZLearnershipType:4;ref:ZZLkpQualityAssuranceBody:ZZQualityAssuranceBody:8
*,302,Y,test21062024,test21062024,120,2024-06-17 00:00:00.000,2026-06-21 00:00:00.000,0,ref:ZZLkpNqfLevel:ZZNqfLevel:6;ZZQualification:ZZQualification_ID:181;ref:ZZLkpLearnershipType:ZZLearnershipType:3;ref:ZZLkpQualityAssuranceBody:ZZQualityAssuranceBody:57
*,303,Y,National Certificate: Information Technology: End User Computing,"12Q120020401303",120,2024-06-27 00:00:00.000,2025-06-27 00:00:00.000,120,ref:ZZLkpNqfLevel:ZZNqfLevel:3;ZZQualification:ZZQualification_ID:189;ref:ZZLkpLearnershipType:ZZLearnershipType:4;ref:ZZLkpQualityAssuranceBody:ZZQualityAssuranceBody:8
*,304,Y,Payroll Administration,"23Q23008324205",120,2024-07-01 00:00:00.000,2025-06-30 00:00:00.000,120,ref:ZZLkpNqfLevel:ZZNqfLevel:4;ZZQualification:ZZQualification_ID:190;ref:ZZLkpLearnershipType:ZZLearnershipType:4;ref:ZZLkpQualityAssuranceBody:ZZQualityAssuranceBody:8
*,305,Y,FETC: New Venture Creation,"23Q230079271494",149,2024-07-01 00:00:00.000,2025-06-30 00:00:00.000,11,ref:ZZLkpNqfLevel:ZZNqfLevel:4;ZZQualification:ZZQualification_ID:191;ref:ZZLkpLearnershipType:ZZLearnershipType:4;ref:ZZLkpQualityAssuranceBody:ZZQualityAssuranceBody:8
*,306,Y,National Certificate: Craft Production,"15Q150038421412",141,2024-07-01 00:00:00.000,2025-05-30 00:00:00.000,141,ref:ZZLkpNqfLevel:ZZNqfLevel:2;ZZQualification:ZZQualification_ID:192;ref:ZZLkpLearnershipType:ZZLearnershipType:4;ref:ZZLkpQualityAssuranceBody:ZZQualityAssuranceBody:8
*,307,Y,Occupational Certificate Maintenance Planner,"32Q32003119265",261,2018-07-01 00:00:00.000,2025-12-30 00:00:00.000,261,ref:ZZLkpNqfLevel:ZZNqfLevel:5;ZZQualification:ZZQualification_ID:194;ref:ZZLkpLearnershipType:ZZLearnershipType:4;ref:ZZLkpQualityAssuranceBody:ZZQualityAssuranceBody:8
*,308,Y,Occupation Certificate: Early Childhood Development Practitioner,"32Q320045171314",131,2018-07-01 00:00:00.000,2025-12-30 00:00:00.000,131,ref:ZZLkpNqfLevel:ZZNqfLevel:4;ZZQualification:ZZQualification_ID:195;ref:ZZLkpLearnershipType:ZZLearnershipType:4;ref:ZZLkpQualityAssuranceBody:ZZQualityAssuranceBody:8
*,309,Y,"Occupational Certificate: Safety, Health and quality Practitioner","32Q320063202565",256,2018-07-01 00:00:00.000,2025-12-30 00:00:00.000,256,ref:ZZLkpNqfLevel:ZZNqfLevel:5;ZZQualification:ZZQualification_ID:196;ref:ZZLkpLearnershipType:ZZLearnershipType:4;ref:ZZLkpQualityAssuranceBody:ZZQualityAssuranceBody:8
*,310,Y,Training & Development Practitioner,"32Q320041211905",190,2018-07-01 00:00:00.000,2025-12-30 00:00:00.000,190,ref:ZZLkpNqfLevel:ZZNqfLevel:5;ZZQualification:ZZQualification_ID:198;ref:ZZLkpLearnershipType:ZZLearnershipType:4;ref:ZZLkpQualityAssuranceBody:ZZQualityAssuranceBody:8
*,311,Y,Occupational Certificate: Design Thinking Innovation Lead,"32Q320172201604",160,2022-02-03 00:00:00.000,2025-12-31 00:00:00.000,160,ref:ZZLkpNqfLevel:ZZNqfLevel:4;ZZQualification:ZZQualification_ID:199;ref:ZZLkpLearnershipType:ZZLearnershipType:4;ref:ZZLkpQualityAssuranceBody:ZZQualityAssuranceBody:8
*,312,Y,National Certificate: Information Technology: Systems Support,"12Q120014001205",147,2024-07-01 00:00:00.000,2026-06-30 00:00:00.000,147,ref:ZZLkpNqfLevel:ZZNqfLevel:5;ZZQualification:ZZQualification_ID:200;ref:ZZLkpLearnershipType:ZZLearnershipType:4;ref:ZZLkpQualityAssuranceBody:ZZQualityAssuranceBody:57
*,313,Y,"National Certificate: Occupationally Directed Education, Training and Development Practices","07Q070031361456",145,2024-10-16 00:00:00.000,2026-10-16 00:00:00.000,145,ref:ZZLkpNqfLevel:ZZNqfLevel:6;ZZQualification:ZZQualification_ID:201;ref:ZZLkpLearnershipType:ZZLearnershipType:4;ref:ZZLkpQualityAssuranceBody:ZZQualityAssuranceBody:57
*,314,Y,National Certificate: Interactive Media,"15Q150039231305",130,2024-06-30 00:00:00.000,2026-06-30 00:00:00.000,130,ref:ZZLkpNqfLevel:ZZNqfLevel:5;ZZQualification:ZZQualification_ID:202;ref:ZZLkpLearnershipType:ZZLearnershipType:4;ref:ZZLkpQualityAssuranceBody:ZZQualityAssuranceBody:8
*,315,Y,National Certificate: Business Advising Operations,"23Q230116161386",138,2024-10-16 00:00:00.000,2026-10-16 00:00:00.000,138,ref:ZZLkpNqfLevel:ZZNqfLevel:6;ZZQualification:ZZQualification_ID:204;ref:ZZLkpLearnershipType:ZZLearnershipType:4;ref:ZZLkpQualityAssuranceBody:ZZQualityAssuranceBody:8
*,316,Y,Further Education and Training Certificate: Early Childhood Development,"07Q070030261404",140,2024-07-30 00:00:00.000,2026-10-16 00:00:00.000,140,ref:ZZLkpNqfLevel:ZZNqfLevel:4;ZZQualification:ZZQualification_ID:188;ref:ZZLkpLearnershipType:ZZLearnershipType:4;ref:ZZLkpQualityAssuranceBody:ZZQualityAssuranceBody:8
*,317,Y,National Certificate: Community Development,"14Q140018271204",120,2024-07-01 00:00:00.000,2026-06-30 00:00:00.000,120,ref:ZZLkpNqfLevel:ZZNqfLevel:3;ZZQualification:ZZQualification_ID:187;ref:ZZLkpLearnershipType:ZZLearnershipType:4;ref:ZZLkpQualityAssuranceBody:ZZQualityAssuranceBody:57
*,318,Y,National Diploma: Early Childhood Development,"07Q070017212405",240,2024-07-01 00:00:00.000,2026-10-16 00:00:00.000,240,ref:ZZLkpNqfLevel:ZZNqfLevel:5;ZZQualification:ZZQualification_ID:205;ref:ZZLkpLearnershipType:ZZLearnershipType:4;ref:ZZLkpQualityAssuranceBody:ZZQualityAssuranceBody:57
*,319,Y,General Education and Training Certificate: Poultry Production,"30Q300004312241",134,2024-10-16 00:00:00.000,2026-10-16 00:00:00.000,134,ref:ZZLkpNqfLevel:ZZNqfLevel:1;ZZQualification:ZZQualification_ID:206;ref:ZZLkpLearnershipType:ZZLearnershipType:4;ref:ZZLkpQualityAssuranceBody:ZZQualityAssuranceBody:8
*,320,Y,National Certificate: Mixed Farming Systems,"20Q200016461202",120,2024-10-16 00:00:00.000,2026-10-16 00:00:00.000,120,ref:ZZLkpNqfLevel:ZZNqfLevel:2;ZZQualification:ZZQualification_ID:207;ref:ZZLkpLearnershipType:ZZLearnershipType:4;ref:ZZLkpQualityAssuranceBody:ZZQualityAssuranceBody:8
*,321,Y,Occupational Certificate: Project Manager,"23Q230065282405",240,2018-07-01 00:00:00.000,2025-12-30 00:00:00.000,240,ref:ZZLkpNqfLevel:ZZNqfLevel:5;ZZQualification:ZZQualification_ID:208;ref:ZZLkpLearnershipType:ZZLearnershipType:4;ref:ZZLkpQualityAssuranceBody:ZZQualityAssuranceBody:8
*,322,Y,Further Education and Training Certificate: Information Technology: Technical Support,"12Q120035301634",163,2018-07-01 00:00:00.000,2027-06-30 00:00:00.000,163,ref:ZZLkpNqfLevel:ZZNqfLevel:4;ZZQualification:ZZQualification_ID:209;ref:ZZLkpLearnershipType:ZZLearnershipType:4;ref:ZZLkpQualityAssuranceBody:ZZQualityAssuranceBody:8
*,323,Y,National Certificate: Contact Centre and Business Process Outsourcing Support,"23Q230087261243",124,2021-07-01 00:00:00.000,2025-07-30 00:00:00.000,124,ref:ZZLkpNqfLevel:ZZNqfLevel:3;ZZQualification:ZZQualification_ID:210;ref:ZZLkpLearnershipType:ZZLearnershipType:4;ref:ZZLkpQualityAssuranceBody:ZZQualityAssuranceBody:57
*,324,Y,National Certificate: Information Technology: End User Computing,"12Q121002041303",130,2021-07-01 00:00:00.000,2027-06-30 00:00:00.000,130,ref:ZZLkpNqfLevel:ZZNqfLevel:3;ZZQualification:ZZQualification_ID:189;ref:ZZLkpLearnershipType:ZZLearnershipType:4;ref:ZZLkpQualityAssuranceBody:ZZQualityAssuranceBody:8
*,325,Y,"4IR LEARNERSHIP","4IR",120,2024-11-27 00:00:00.000,2025-11-27 00:00:00.000,0,ref:ZZLkpNqfLevel:ZZNqfLevel:6;ref:ZZLkpLearnershipType:ZZLearnershipType:4;ref:ZZLkpQualityAssuranceBody:ZZQualityAssuranceBody:8
*,326,Y,National Certificate: New Venture Creation,"23Q230065381382",138,2026-06-30 00:00:00.000,2029-07-01 00:00:00.000,138,ref:ZZLkpNqfLevel:ZZNqfLevel:2;ZZQualification:ZZQualification_ID:100;ref:ZZLkpLearnershipType:ZZLearnershipType:4;ref:ZZLkpQualityAssuranceBody:ZZQualityAssuranceBody:8
*,327,Y,National Certificate: Environmental Management,"07Q070026241215",134,2024-12-04 00:00:00.000,2026-06-30 00:00:00.000,134,ref:ZZLkpNqfLevel:ZZNqfLevel:5;ZZQualification:ZZQualification_ID:212;ref:ZZLkpLearnershipType:ZZLearnershipType:4;ref:ZZLkpQualityAssuranceBody:ZZQualityAssuranceBody:8
*,328,Y,National Certificate: Hygiene and Cleaning Supervision,"23Q230045351203",120,2018-07-01 00:00:00.000,2026-06-30 00:00:00.000,120,ref:ZZLkpNqfLevel:ZZNqfLevel:3;ZZQualification:ZZQualification_ID:213;ref:ZZLkpLearnershipType:ZZLearnershipType:4;ref:ZZLkpQualityAssuranceBody:ZZQualityAssuranceBody:8
*,329,Y,Occupational Certificate: Internet-of-Things Developer,"32Q320184201414",141,2022-06-21 00:00:00.000,2025-12-31 00:00:00.000,141,ref:ZZLkpNqfLevel:ZZNqfLevel:4;ZZQualification:ZZQualification_ID:214;ref:ZZLkpLearnershipType:ZZLearnershipType:4;ref:ZZLkpQualityAssuranceBody:ZZQualityAssuranceBody:8
*,330,Y,QAtest,"16Q2025030",120,2025-01-01 00:00:00.000,2027-12-31 00:00:00.000,10,ref:ZZLkpNqfLevel:ZZNqfLevel:5;ZZQualification:ZZQualification_ID:215;ref:ZZLkpLearnershipType:ZZLearnershipType:3;ref:ZZLkpQualityAssuranceBody:ZZQualityAssuranceBody:8
*,331,Y,Occupational Certificate: Data Science Practitioner,"32Q320170251855",185,2022-02-02 00:00:00.000,2025-12-31 00:00:00.000,185,ref:ZZLkpNqfLevel:ZZNqfLevel:5;ZZQualification:ZZQualification_ID:217;ref:ZZLkpLearnershipType:ZZLearnershipType:4;ZZLkpOfoOccupationTree:ZZLkpOfoOccupationTree_ID:2163;ref:ZZLkpQualityAssuranceBody:ZZQualityAssuranceBody:8
*,332,Y,Occupational Certificate: Cloud Administrator,"118699",149,2022-02-03 00:00:00.000,2025-12-31 00:00:00.000,149,ref:ZZLkpNqfLevel:ZZNqfLevel:4;ZZQualification:ZZQualification_ID:216;ref:ZZLkpLearnershipType:ZZLearnershipType:4;ZZLkpOfoOccupationTree:ZZLkpOfoOccupationTree_ID:485;ref:ZZLkpQualityAssuranceBody:ZZQualityAssuranceBody:8
*,333,Y,National Certificate: Specialist Hygiene and Cleaning Services,"23Q230044381202",120,2018-07-01 00:00:00.000,2026-06-30 00:00:00.000,120,ref:ZZLkpNqfLevel:ZZNqfLevel:2;ZZQualification:ZZQualification_ID:221;ref:ZZLkpLearnershipType:ZZLearnershipType:4;ZZLkpOfoOccupationTree:ZZLkpOfoOccupationTree_ID:2159;ref:ZZLkpQualityAssuranceBody:ZZQualityAssuranceBody:8
*,334,Y,AI Software Developer,"32Q320159262095",209,2022-02-03 00:00:00.000,2026-12-31 00:00:00.000,209,ref:ZZLkpNqfLevel:ZZNqfLevel:5;ZZQualification:ZZQualification_ID:222;ref:ZZLkpLearnershipType:ZZLearnershipType:4;ZZLkpOfoOccupationTree:ZZLkpOfoOccupationTree_ID:2415;ref:ZZLkpQualityAssuranceBody:ZZQualityAssuranceBody:8
