"AD_Org_ID[Name]","ZZQctoLearnership_ID[ZZLearnershipCode]","ZZQCTOModule_ID[ZZModuleCode]","ZZModuleType","IsActive","ZZMigrationCode/K"
*,"16Q20231213",QModule1,Core,N,6
*,"16Q202503",QModule1,Core,Y,445
*,"16Q20231213",QMod3,Core,Y,1
*,"16Q20231214",QMod3,Core,Y,2
*,"16Q11012024",QMod3,Core,Y,7
*,"16Q12012024",QMod3,Core,Y,10
*,"16Q20240116",QMod3,Core,Y,12
*,"28062024TEST",QMod3,Core,Y,375
*,"16Q202503",QMod3,Core,Y,444
*,"16Q20231213",QMod4,Elective,N,3
*,"16Q20231214",QMod4,Elective,Y,4
*,"16Q20231213",QMod4,Elective,Y,5
*,"16Q11012024",QMod4,Elective,N,8
*,"16Q11012024",QMod4,Core,Y,9
*,"16Q12012024",QMod4,Elective,Y,11
*,"32Q320008173954","651302000-KM-01",Core,Y,13
*,"32Q320008173954","651302000-KM-01",Core,Y,29
*,"32Q320008173954","651302000-KM-02",Core,Y,14
*,"32Q320008173954","651302000-KM-02",Core,Y,30
*,"32Q320008173954","651302000-KM-03",Core,Y,15
*,"32Q320008173954","651302000-KM-03",Core,Y,31
*,"32Q320008173954","651302000-KM-04",Core,Y,16
*,"32Q320008173954","651302000-KM-04",Core,Y,32
*,"32Q320008173954","651302000-KM-05",Core,Y,17
*,"32Q320008173954","651302000-KM-05",Core,Y,33
*,"32Q320008173954","651302000-KM-06",Core,Y,18
*,"32Q320008173954","651302000-KM-06",Core,Y,34
*,"32Q320008173954","651302000-PM-01",Core,Y,19
*,"32Q320008173954","651302000-PM-01",Core,Y,35
*,"32Q320008173954","651302000-PM-02",Core,Y,20
*,"32Q320008173954","651302000-PM-02",Core,Y,36
*,"32Q320008173954","651302000-PM-03",Core,Y,21
*,"32Q320008173954","651302000-PM-03",Core,Y,37
*,"32Q320008173954","651302000-PM-04",Core,Y,22
*,"32Q320008173954","651302000-PM-04",Core,Y,38
*,"32Q320008173954","651302000-PM-05",Core,Y,23
*,"32Q320008173954","651302000-PM-05",Core,Y,39
*,"32Q320008173954","651302000-WM-01",Core,Y,24
*,"32Q320008173954","651302000-WM-01",Core,Y,40
*,"32Q320008173954","651302000-WM-02",Core,Y,25
*,"32Q320008173954","651302000-WM-02",Core,Y,41
*,"32Q320008173954","651302000-WM-03",Core,Y,26
*,"32Q320008173954","651302000-WM-03",Core,Y,42
*,"32Q320008173954","651302000-WM-04",Core,Y,27
*,"32Q320008173954","651302000-WM-04",Core,Y,43
*,"32Q320008173954","651302000-WM-05",Core,Y,28
*,"32Q320008173954","651302000-WM-05",Core,Y,44
*,"32Q320006223604","671101000-KM-01",Core,Y,45
*,"32Q320006223604","671101000-KM-02",Core,Y,46
*,"32Q320006223604","671101000-KM-03",Core,Y,47
*,"32Q320006223604","671101000-KM-04",Core,Y,48
*,"32Q320006223604","671101000-KM-05",Core,Y,49
*,"32Q320006223604","671101000-KM-06",Core,Y,50
*,"32Q320006223604","671101000-KM-07",Core,Y,51
*,"32Q320006223604","671101000-KM-08",Core,Y,52
*,"32Q320006223604","671101000-KM-9",Core,Y,53
*,"32Q320006223604","671101000-PM-01",Core,Y,54
*,"32Q320006223604","671101000-PS-02",Core,Y,55
*,"32Q320006223604","671101000-PS-03",Core,Y,56
*,"32Q320006223604","671101000-PS-04",Core,Y,57
*,"32Q320006223604","671101000-PS-05",Core,Y,58
*,"32Q320006223604","671101000-PS-06",Core,Y,59
*,"32Q320006223604","671101000-PS-07",Core,Y,60
*,"32Q320006223604","671101000-PS-08",Core,Y,61
*,"32Q320006223604","671101000-WM-01",Core,Y,62
*,"32Q320006223604","671101000-WM-02",Core,Y,63
*,"32Q320006223604","671101000-WM-03",Core,Y,64
*,"32Q320006223604","671101000-WM-04",Core,Y,65
*,"32Q320006223604","671101000-WM-05",Core,Y,66
*,"32Q320014336974","671202000-KM-01",Core,Y,67
*,"32Q320014336974","671202000-KM-02",Core,Y,68
*,"32Q320014336974","671202000-KM-03",Core,Y,69
*,"32Q320014336974","671202000-KM-04",Core,Y,70
*,"32Q320014336974","671202000-KM-05",Core,Y,71
*,"32Q320014336974","671202000-KM-06",Core,Y,72
*,"32Q320014336974","671202000-KM-07",Core,Y,73
*,"32Q320014336974","671202000-KM-08",Core,Y,74
*,"32Q320014336974","671202000-KM-09",Core,Y,75
*,"32Q320014336974","671202000-KM-10",Core,Y,76
*,"32Q320014336974","671202000-KM-11",Core,Y,77
*,"32Q320014336974","671202000-PM-01",Core,Y,78
*,"32Q320014336974","671202000-PM-02",Core,Y,79
*,"32Q320014336974","671202000-PM-03",Core,Y,80
*,"32Q320014336974","671202000-PM-04",Core,Y,81
*,"32Q320014336974","671202000-PM-05",Core,Y,82
*,"32Q320014336974","671202000-PM-06",Core,Y,83
*,"32Q320014336974","671202000-PM-07",Core,Y,84
*,"32Q320014336974","671202000-PM-08",Core,Y,85
*,"32Q320014336974","671202000-PM-09",Core,Y,86
*,"32Q320014336974","671202000-PM-10",Core,Y,87
*,"32Q320014336974","671202000-PM-11",Core,Y,88
*,"32Q320014336974","671202000-PM-12",Core,Y,89
*,"32Q320014336974","671202000-PM-13",Core,Y,90
*,"32Q320014336974","671202000-PM-14",Core,Y,91
*,"32Q320014336974","671202000-PM-15",Core,Y,92
*,"32Q320014336974","671202000-PM-16",Core,Y,93
*,"32Q320014336974","671202000-PM-17",Core,Y,94
*,"32Q320014336974","671202000-WM-01",Core,Y,95
*,"32Q320014336974","671202000-WM-02",Core,Y,96
*,"32Q320014336974","671202000-WM-03",Core,Y,97
*,"32Q320014336974","671202000-WM-04",Core,Y,98
*,"32Q320014336974","671202000-WM-05",Core,Y,99
*,"32Q320007335404","653306-000-01-KM-01",Core,Y,100
*,"32Q320007335404","653306-000-01-KM-02",Core,Y,101
*,"32Q320007335404","653306-000-01-KM-03",Core,Y,102
*,"32Q320007335404","653306-000-01-KM-04",Core,Y,103
*,"32Q320007335404","653306-000-01-KM-05",Core,Y,104
*,"32Q320007335404","653306-000-01-KM-06",Core,Y,105
*,"32Q320007335404","653306-000-01-KM-07",Core,Y,106
*,"32Q320007335404","653306-000-01-KM-08",Core,Y,107
*,"32Q320007335404","653306-000-01-PM-01",Core,Y,108
*,"32Q320007335404","653306-000-01-PM-02",Core,Y,109
*,"32Q320007335404","653306-000-01-PM-03",Core,Y,110
*,"32Q320007335404","653306-000-01-PM-04",Core,Y,111
*,"32Q320007335404","653306-000-01-PM-05",Core,Y,112
*,"32Q320007335404","653306-000-01-PM-06",Core,Y,113
*,"32Q320007335404","653306-000-01-PM-07",Core,Y,114
*,"32Q320007335404","653306-000-01-PM-08",Core,Y,115
*,"32Q320007335404","653306-000-01-PM-09",Core,Y,116
*,"32Q320007335404","653306-000-01-PM-10",Core,Y,117
*,"32Q320007335404","653306-000-01-PM-11",Core,Y,118
*,"32Q320007335404","653306-000-01-PM-12",Core,Y,119
*,"32Q320007335404","653306-000-01-PM-13",Core,Y,120
*,"32Q320007335404","653306-000-01-PM-14",Core,Y,121
*,"32Q320007335404","653306-000-01-PM-15",Core,Y,122
*,"32Q320007335404","653306-000-01-PM-16",Core,Y,123
*,"32Q320007335404","653306-000-01-PM-17",Core,Y,124
*,"32Q320007335404","653306-000-01-PM-18",Core,Y,125
*,"32Q320007335404","653306-000-01-WM-01",Core,Y,126
*,"32Q320007335404","653306-000-01-WM-02",Core,Y,127
*,"32Q320007335404","653306-000-01-WM-03",Core,Y,128
*,"32Q320007335404","653306-000-01-WM-04",Core,Y,129
*,"32Q320007335404","653306-000-01-WM-05",Core,Y,130
*,"32Q320007335404","653306-000-01-WM-07",Core,Y,131
*,"32Q320007335404","653306-000-01-WM-08",Core,Y,132
*,"32Q320007335404","653306-000-01-WM-09",Core,Y,133
*,"32Q320007335404","653306-000-01-WM-10",Core,Y,134
*,"32Q320007335404","653306-000-01-WM-11",Core,Y,135
*,"32Q320007335404","653306-000-01-WM-12",Core,Y,136
*,"32Q320007335404","653306-000-01-WM-13",Core,Y,137
*,"32Q320007335404","653306-000-01-WM-14",Core,Y,138
*,"32Q320007335404","653306-000-01-WM-06",Core,Y,139
*,"16Q160176005754","661301-KM-01-KT01",Core,Y,140
*,"16Q160176005754","661301-KM-02",Core,Y,141
*,"16Q160176005754","661301-KM-03",Core,Y,142
*,"16Q160176005754","661301-KM-04",Core,Y,143
*,"16Q160176005754","661301-PM-01",Core,Y,144
*,"16Q160176005754","661301-PM-02",Core,Y,145
*,"16Q160176005754","661301-PM-03",Core,Y,146
*,"16Q160176005754","661301-PM-04",Core,Y,147
*,"16Q160176005754","661301-PM-05",Core,Y,148
*,"16Q160176005754","661301-PM-06",Core,Y,149
*,"16Q160176005754","661301-PM-07",Core,Y,150
*,"16Q160176005754","661301-PM-08",Core,Y,151
*,"16Q160176005754","661301-PM-09",Core,Y,152
*,"16Q160176005754","661301-PM-10",Core,Y,153
*,"16Q160176005754","661301-WM-01",Core,Y,154
*,"16Q160176005754","661301-WM-02",Core,Y,155
*,"16Q160176005754","661301-WM-03",Core,Y,156
*,"16Q160176005754","661301-WM-04",Core,Y,157
*,"16Q160176005754","661301-WM-05",Core,Y,158
*,"16Q160176005754","661301-WM-06",Core,Y,159
*,"16Q160176005754","661301-WM-07",Core,Y,160
*,"16Q160176005754","661301-WM-08",Core,Y,161
*,"16Q160176005754","661301-WM-09",Core,Y,162
*,"16Q118092","661302-000-00-00-KM-01",Core,Y,163
*,"16Q118092","661302-000-00-00-KM-02",Core,Y,164
*,"16Q118092","661302-000-00-00-KM-03",Core,Y,165
*,"16Q118092","661302-000-00-00-PM-01",Core,Y,166
*,"16Q118092","661302-000-00-00-PM-02",Core,Y,167
*,"16Q118092","661302-000-00-00-PM-03",Core,Y,168
*,"16Q118092","661302-000-00-00-PM-04",Core,Y,169
*,"16Q118092","661302-000-00-00-PM-05",Core,Y,170
*,"16Q118092","661302-000-00-00-PM-06",Core,Y,171
*,"16Q118092","661302-000-00-00-PM-07",Core,Y,172
*,"16Q118092","661302-000-00-00-PM-08",Core,Y,173
*,"16Q118092","661302-000-00-00-WM-01",Core,Y,174
*,"16Q118092","661302-000-00-00-WM-02",Core,Y,175
*,"16Q118092","661302-000-00-00-WM-03",Core,Y,176
*,"16Q118092","661302-000-00-00-WM-04",Core,Y,177
*,"16Q118092","661302-000-00-00WM-05",Core,Y,178
*,"16Q118092","661302-000-00-00-WM-06",Core,Y,179
*,"16Q94701","672105000-KM-01",Core,Y,180
*,"16Q94701","672105000-KM-02",Core,Y,181
*,"16Q94701","672105000-KM-03",Core,Y,182
*,"16Q94701","672105000-KM-04",Core,Y,183
*,"16Q94701","672105000-KM-05",Core,Y,184
*,"16Q94701","672105000-KM-06",Core,Y,185
*,"16Q94701","672105000-KM-07",Core,Y,186
*,"16Q94701","672105000-KM-08",Core,Y,187
*,"16Q94701","672105000-KM-09",Core,Y,188
*,"16Q94701","672105000-KM-10",Core,Y,189
*,"16Q94701","672105000-KM-11",Core,Y,190
*,"16Q94701","672105000-KM-12",Core,Y,191
*,"16Q94701","672105000-KM-13",Core,Y,192
*,"16Q94701","672105000-KM-14",Core,Y,193
*,"16Q94701","672105000-KM-15",Core,Y,194
*,"32Q320009225484","652302000-KM-01",Core,Y,228
*,"16Q94701","672105000-KM-16",Core,Y,195
*,"16Q94701","672105000-KM-17",Core,Y,196
*,"32Q320009225484","652302000-KM-02",Core,Y,229
*,"16Q94701","672105000-KM-18",Core,Y,197
*,"16Q94701","672105000-KM-19",Core,Y,198
*,"16Q94701","672105000-PM-01",Core,Y,199
*,"16Q94701","672105000-PM-02",Core,Y,200
*,"32Q320009225484","652302000-KM-03",Core,Y,230
*,"16Q94701","672105000-PM-03",Core,Y,201
*,"16Q94701","672105000-PM-04",Core,Y,202
*,"16Q94701","672105000-PM-05",Core,Y,203
*,"32Q320009225484","652302000-PS-01",Core,Y,231
*,"16Q94701","672105000-PM-06",Core,Y,204
*,"16Q94701","672105000-PM-07",Core,Y,205
*,"32Q320009225484","652302000-PS-02",Core,Y,232
*,"16Q94701","672105000-WM-01",Core,Y,206
*,"32Q320009225484","652302000-PS-03",Core,Y,233
*,"16Q94701","672105000-WM-02",Core,Y,207
*,"16Q94701","672105000-WM-03",Core,Y,208
*,"16Q94701","672105000-WM-04",Core,Y,209
*,"32Q320009225484","652302000-PS-04",Core,Y,234
*,"16Q94701","672105000-WM-05",Core,Y,210
*,"32Q320009225484","652302000-PS-05",Core,Y,235
*,"32Q320009225484","652302000-PS-06",Core,Y,236
*,"32Q320009225484","652302000-PS-07",Core,Y,237
*,"32Q320009225484","652302000-PS-08",Core,Y,238
*,"32Q320009225484","652302000-PS-09",Core,Y,239
*,"32Q320009225484","652302000-PS-10",Core,Y,240
*,"32Q320009225484","652302000-PS-11",Core,Y,241
*,"32Q320009225484","652302000-WM-01",Core,Y,242
*,"32Q320009225484","652302000-WM-02",Core,Y,243
*,"32Q320009225484","652302000-WM-03",Core,Y,244
*,"32Q320009225484","652302000-WM-04",Core,Y,245
*,"32Q320009225484","652302000-WM-05",Core,Y,246
*,"32Q320013174104","653303000-KM-02",Core,Y,212
*,"32Q320009225484","652302000-WM-06",Core,Y,247
*,"32Q320013174104","653303000-PS-01",Core,Y,213
*,"32Q320013174104","653303000-PS-02",Core,Y,214
*,"32Q320009225484","652302000-WM-07",Core,Y,248
*,"32Q320013174104","653303000-PS-03",Core,Y,215
*,"32Q320009225484","652302000-WM-08",Core,Y,249
*,"32Q320013174104","653303000-PS-04",Core,Y,216
*,"32Q320013174104","653303000-PS-05",Core,Y,217
*,"32Q320013174104","653303000-PS-06",Core,Y,218
*,"32Q320013174104","653303000-PS-07",Core,Y,219
*,"32Q320013174104","653303000-PS-08",Core,Y,220
*,"32Q320013174104","653303000-WM-01",Core,Y,221
*,"32Q320013174104","653303000-WM-02",Core,Y,222
*,"32Q320013174104","653303000-WM-03",Core,Y,223
*,"32Q320013174104","653303000-WM-04",Core,Y,224
*,"32Q320013174104","653303000-WM-05",Core,Y,225
*,"32Q320013174104","653303000-WM-06",Core,Y,226
*,"32Q320013174104","653303000-WM-07",Core,Y,227
*,"32Q320013174104","653303000-KM-01",Core,Y,211
*,"16Q94100","651202000-KM-01",Core,Y,250
*,"16Q94100","651202000-KM-02",Core,Y,251
*,"16Q94100","651202000-KM-03",Core,Y,252
*,"16Q94100","651202000-KM-04",Core,Y,253
*,"16Q94100","651202000-KM-05",Core,Y,254
*,"16Q94100","651202000-KM-06",Core,Y,255
*,"16Q94100","651202000-KM-07",Core,Y,256
*,"16Q94100","651202000-KM-08",Core,Y,257
*,"16Q94100","651202000-KM-09",Core,Y,258
*,"16Q94100","651202000-KM-10",Core,Y,259
*,"16Q94100","651202000-KM-11",Core,Y,260
*,"16Q94100","651202000-KM-12",Core,Y,261
*,"16Q94100","651202000-KM-13",Core,Y,262
*,"16Q94100","651202000-KM-14",Core,Y,263
*,"16Q94100","651202000-KM-15",Core,Y,264
*,"16Q94100","651202000-KM-16",Core,Y,265
*,"16Q94100","651202000-PM-01",Core,Y,266
*,"16Q94100","651202000-PM-02",Core,Y,267
*,"16Q94100","651202000-PM-03",Core,Y,268
*,"16Q94100","651202000-PM-04",Core,Y,269
*,"16Q94100","651202000-PM-05",Core,Y,270
*,"16Q94100","651202-PM-06",Core,Y,281
*,"16Q94100","651202000-PM-07",Core,Y,271
*,"16Q94100","651202000-PM-08",Core,Y,272
*,"16Q94100","651202000-PM-09",Core,Y,273
*,"16Q94100","651202000-PM-10",Core,Y,274
*,"16Q94100","651202000-PM-11",Core,Y,275
*,"16Q94100","651202000-WM-01",Core,Y,276
*,"16Q94100","651202000-WM-02",Core,Y,277
*,"16Q94100","651202000-WM-03",Core,Y,278
*,"16Q94100","651202000-WM-04",Core,Y,279
*,"16Q94100","651202000-WM-05",Core,Y,280
*,"16Q94100","651202-WM-06",Core,Y,282
*,"16Q97582","653307000-KM-01",Core,Y,283
*,"16Q97582","653307000-KM-02",Core,Y,284
*,"16Q97582","653307000-KM-03",Core,Y,285
*,"16Q97582","653307000-KM-04",Core,Y,286
*,"16Q97582","653307000-KM-05",Core,Y,287
*,"16Q97582","653307000-KM-06",Core,Y,288
*,"16Q97582","653307000-KM-07",Core,Y,289
*,"16Q97582","653307000-KM-08",Core,Y,290
*,"16Q97582","653307000-PM-01",Core,Y,291
*,"16Q97582","653307000-PM-02",Core,Y,292
*,"16Q97582","653307000-PM-03",Core,Y,293
*,"16Q97582","653307000-PM-04",Core,Y,294
*,"16Q97582","653307000-PM-05",Core,Y,295
*,"16Q97582","653307000-PM-06",Core,Y,296
*,"16Q97582","653307000-PM-07",Core,Y,297
*,"16Q97582","653307000-PM-08",Core,Y,298
*,"16Q97582","653307000-PM-09",Core,Y,299
*,"16Q97582","653307000-PM-10",Core,Y,300
*,"16Q97582","653307000-PM-11",Core,Y,301
*,"16Q97582","653307000-WM-01",Core,Y,302
*,"16Q97582","653307000-WM-03",Core,Y,303
*,"16Q97582","653307000-WM-04",Core,Y,304
*,"16Q97582","653307000-WM-05",Core,Y,305
*,"16Q97582","653307000-WM-06",Core,Y,306
*,"16Q97582","653307000-WM-07",Core,Y,307
*,"16Q97582","653307000-WM-08",Core,Y,308
*,"16Q97582","653307000-WM-09",Core,Y,309
*,"16Q97582","653307000-WM-10",Core,Y,310
*,"16Q97582","653307000-WM-11",Core,Y,311
*,"16Q97582","653307000-WM-12",Core,Y,312
*,"16Q97582","653307000-WM-02",Core,Y,313
*,"32Q320005425594","651501-000-00-00-KM-01",Core,Y,337
*,"32Q320005425594","651501-000-00-00-KM-02",Core,Y,338
*,"32Q320005425594","651501-000-00-00-KM-03",Core,Y,339
*,"32Q320005425594","651501-000-00-00-KM-04",Core,Y,340
*,"32Q320005425594","651501-000-00-00-KM-05",Core,Y,341
*,"32Q320005425594","651501-000-00-00-KM-06",Core,Y,342
*,"32Q320005425594","651501-000-00-00-KM-07",Core,Y,343
*,"32Q320005425594","651501-000-00-00-KM-08",Core,Y,344
*,"32Q320005425594","651501-000-00-00-KM-09",Core,Y,345
*,"32Q320005425594","651501-000-00-00-KM-10",Core,Y,346
*,"32Q320005425594","651501-000-00-00-KM-11",Core,Y,347
*,"32Q320005425594","651501-000-00-00-KM-12",Core,Y,348
*,"32Q320005425594","651501-000-00-00-KM-13",Core,Y,349
*,"32Q320005425594","651501-000-00-00-KM-14",Core,Y,350
*,"32Q320005425594","651501-000-00-00-KM-15",Core,Y,351
*,"32Q320005425594","651501-000-00-00-PM-01",Core,Y,352
*,"32Q320005425594","651501-000-00-00-PM-02",Core,Y,353
*,"32Q320005425594","651501-000-00-00-PM-03",Core,Y,354
*,"32Q320005425594","651501-000-00-00-PM-04",Core,Y,355
*,"32Q320005425594","651501-000-00-00-PM-05",Core,Y,356
*,"32Q320005425594","651501-000-00-00-PM-06",Core,Y,357
*,"32Q320005425594","651501-000-00-00-PM-07",Core,Y,358
*,"32Q320005425594","651501-000-00-00-PM-08",Core,Y,359
*,"32Q320005425594","651501-000-00-00-PM-09",Core,Y,360
*,"32Q320005425594","651501-000-00-00-PM-10",Core,Y,361
*,"32Q320005425594","651501-000-00-00-PM-11",Core,Y,362
*,"32Q320005425594","651501-000-00-00-PM-12",Core,Y,363
*,"32Q320005425594","651501-000-00-00-PM-13",Core,Y,364
*,"32Q320005425594","651501-000-00-00-PM-14",Core,Y,365
*,"32Q320005425594","651501-000-00-00-PM-15",Core,Y,366
*,"16Q97388","671208001-KM-01",Core,Y,314
*,"16Q97388","671208001-KM-02",Core,Y,315
*,"16Q97388","671208001-KM-03",Core,Y,316
*,"16Q97388","671208001-KM-04",Core,Y,317
*,"16Q97388","671208001-KM-05",Core,Y,318
*,"16Q97388","671208001-KM-06",Core,Y,319
*,"16Q97388","671208001-KM-07",Core,Y,320
*,"16Q97388","671208001-KM-08",Core,Y,321
*,"16Q97388","671208001-KM-09",Core,Y,322
*,"16Q97388","671208001-KM-10",Core,Y,323
*,"16Q97388","671208001-KM-11",Core,Y,324
*,"16Q97388","671208001-KM-12",Core,Y,325
*,"16Q97388","671208001-PM-01",Core,Y,326
*,"16Q97388","671208001-PM-02",Core,Y,327
*,"16Q97388","671208001-PM-03",Core,Y,328
*,"16Q97388","671208001-PM-04",Core,Y,329
*,"16Q97388","671208001-PM-05",Core,Y,330
*,"16Q97388","671208001-PM-06",Core,Y,331
*,"16Q97388","671208001-PM-07",Core,Y,332
*,"16Q97388","671208001-PM-08",Core,Y,333
*,"16Q97388","671208001-WM-01",Core,Y,334
*,"16Q97388","671208001-WM-02",Core,Y,335
*,"16Q97388","671208001-WM-03",Core,Y,336
*,"32Q320005425594","651501-000-00-00-WM-06",Core,Y,367
*,"32Q320005425594","651501-000-00-00-WM-08",Core,Y,368
*,"32Q320005425594","651501-000-00-00-WM-10",Core,Y,369
*,"32Q320005425594","651501-000-00-00-WM-11",Core,Y,370
*,"32Q320005425594","651501-000-00-00-WM-01",Core,Y,371
*,"32Q320005425594","651501-000-00-00-WM-02",Core,Y,372
*,"32Q320005425594","651501-000-00-00-WM-03",Core,Y,373
*,"32Q320005425594","651501-000-00-00-WM-04",Core,Y,374
*,"16Q160170001373","311701003-KM-01",Core,Y,376
*,"16Q160170001373","311701003-KM-02",Core,Y,377
*,"16Q160170001373","311701003-KM-03",Core,Y,378
*,"16Q160170001373","311701003-KM-04",Core,Y,379
*,"16Q160170001373","311701003-PM-01",Core,Y,380
*,"16Q160170001373","311701003-PM-02",Core,Y,381
*,"16Q160170001373","311701003-PM-03",Core,Y,382
*,"16Q160170001373","311701003-WM-01",Core,Y,383
*,"16Q160170001373","311701003-WM-02",Core,Y,384
*,"16Q160191002144","311701004-KM-01",Core,Y,385
*,"16Q160191002144","311701004-KM-02",Core,Y,386
*,"16Q160191002144","311701004-KM-03",Core,Y,387
*,"16Q160191002144","311701004-KM-04",Core,Y,388
*,"16Q160191002144","311701004-KM-05",Core,Y,389
*,"16Q160191002144","311701004-PM-01",Core,Y,390
*,"16Q160191002144","311701004-PM-02",Core,Y,391
*,"16Q160191002144","311701004-PM-03",Core,Y,392
*,"16Q160191002144","311701004-PM-04",Core,Y,393
*,"16Q160191002144","311701004-PM-05",Core,Y,394
*,"16Q160191002144","311701004-PM-06",Core,Y,395
*,"16Q160191002144","311701004-PM-07",Core,Y,396
*,"16Q160191002144","311701004-WM-01",Core,Y,397
*,"16Q160191002144","311701004-WM-02",Core,Y,398
*,"16Q160191002144","311701004-WM-03",Core,Y,399
*,"16Q160191002144","311701004-WM-04",Core,Y,400
*,"16Q160191002144","311701004-WM-05",Core,Y,401
*,"16Q160191002144","311701004-WM-06",Core,Y,402
*,"16Q160191002144","311701004-WM-07",Core,Y,403
*,"16Q160191002144","311701004-WM-08",Core,Y,404
*,"16Q160191002144","311701004-WM-09",Core,Y,405
*,"32Q320050145404","311704001-KM-01",Core,Y,406
*,"32Q320050145404","311704001-KM-02",Core,Y,407
*,"32Q320050145404","311704001-KM-03",Core,Y,408
*,"32Q320050145404","311704001-KM-05",Core,Y,409
*,"32Q320050145404","311704001-PM-01",Core,Y,411
*,"32Q320050145404","311704001-PM-02",Core,Y,412
*,"32Q320050145404","311704001-PM-03",Core,Y,413
*,"32Q320050145404","311704001-PM-04",Core,Y,414
*,"32Q320050145404","311704001-PM-05",Core,Y,415
*,"32Q320050145404","311704001-PM-06",Core,Y,416
*,"32Q320050145404","311704001-WM-01",Core,Y,417
*,"32Q320050145404","311704001-WM-02",Core,Y,418
*,"32Q320050145404","311704001-KM-04",Core,Y,410
*,"32Q320048113264","311704003-KM-01",Core,Y,419
*,"32Q320048113264","311704003-KM-02",Core,Y,420
*,"32Q320048113264","311704003-KM-03",Core,Y,421
*,"32Q320048113264","311704003-KM-04",Core,Y,422
*,"32Q320048113264","311704003-KM-05",Core,Y,423
*,"32Q320048113264","311704003-KM-06",Core,Y,424
*,"32Q320048113264","311704003-PM-01",Core,Y,425
*,"32Q320048113264","311704003-PM-02",Core,Y,426
*,"32Q320048113264","311704003-PM-03",Core,Y,427
*,"32Q320048113264","311704003-WM-01",Core,Y,428
*,"32Q320048113264","311704003-WM-02",Core,Y,429
*,"32Q320049145684","311704002-KM-01",Core,Y,430
*,"32Q320049145684","311704002-KM-02",Core,Y,431
*,"32Q320049145684","311704002-KM-03",Core,Y,432
*,"32Q320049145684","311704002-KM-04",Core,Y,433
*,"32Q320049145684","311704002-KM-05",Core,Y,434
*,"32Q320049145684","311704002-KM-06",Core,Y,435
*,"32Q320049145684","311704002-PM-01",Core,Y,436
*,"32Q320049145684","311704002-PM-02",Core,Y,437
*,"32Q320049145684","311704002-PM-03",Core,Y,438
*,"32Q320049145684","311704002-PM-04",Core,Y,439
*,"32Q320049145684","311704002-PM-05",Core,Y,440
*,"32Q320049145684","311704002-PM-06",Core,Y,441
*,"32Q320049145684","311704002-WM-01",Core,Y,442
*,"32Q320049145684","311704002-WM-02",Core,Y,443
