"AD_Org_ID[Name]","ZZLearnershipTitle","ZZLearnershipCode","ZZQCTOLearnershipType","ZZQualification_ID[ZZSaqaQualificationCode]","ZZNqfLevel","ZZCredits","Registrationstartdate","Registrationenddate","ZZLastEnrolmentDate","ZZLastAchievementDate","ZZMinimumElectiveCredits","IsActive","ZZArtisanLearnership","ZZMigrationCode/K","ZZMigrateValues"
*,Non Artisan Learnership,"16Q20231213",Qualification,"23624","4",120,2023-12-14 00:00:00.000,2026-12-14 00:00:00.000,2029-11-30 00:00:00.000,2032-11-29 00:00:00.000,20,Y,N,1,
*,QCTO Artisan Learnership,"16Q20231214",Qualification,"23625","4",120,2023-12-14 00:00:00.000,2026-12-14 00:00:00.000,2029-11-30 00:00:00.000,2032-11-29 00:00:00.000,20,Y,Y,2,
*,QCTO Artisan learnership 2,"16Q11012024",Qualification,"23625","4",120,2024-01-01 00:00:00.000,2027-01-11 00:00:00.000,2029-11-30 00:00:00.000,2032-11-29 00:00:00.000,10,Y,Y,3,
*,QCTO learnership2,"16Q12012024",Qualification,"23624","4",120,2024-01-01 00:00:00.000,2027-01-11 00:00:00.000,2029-11-30 00:00:00.000,2032-11-29 00:00:00.000,20,Y,N,4,
*,QCTO non art learnership,"16Q20240116",Qualification,"23624","4",120,2024-01-02 00:00:00.000,2028-01-16 00:00:00.000,2029-11-30 00:00:00.000,2032-11-29 00:00:00.000,20,Y,N,5,
*,Occupational Certificate: Boilermaker,"32Q320008173954",Qualification,"23628","4",395,2018-07-01 00:00:00.000,2024-06-30 00:00:00.000,2024-06-30 00:00:00.000,2027-06-30 00:00:00.000,0,N,Y,6,
*,Occupational Certificate: Boilermaker,"32Q320008173954",Qualification,"21844","4",395,2018-07-01 00:00:00.000,2024-06-30 00:00:00.000,2024-06-30 00:00:00.000,2027-06-30 00:00:00.000,0,Y,Y,7,
*,Occupational Certificate: Electrician,"32Q320006223604",Qualification,"21846","4",360,2018-07-01 00:00:00.000,2024-06-30 00:00:00.000,2024-06-30 00:00:00.000,2027-06-30 00:00:00.000,0,Y,Y,8,
*,Occupational Certificate: Millwright,"32Q320014336974",Qualification,"21814","4",697,2018-07-01 00:00:00.000,2024-06-30 00:00:00.000,2024-06-30 00:00:00.000,2027-06-30 00:00:00.000,0,Y,Y,9,
*,Occupational Certificate: Diesel Mechanic,"32Q320007335404",Qualification,"21845","4",544,2020-07-30 00:00:00.000,2025-07-30 00:00:00.000,2026-07-30 00:00:00.000,2029-07-30 00:00:00.000,0,Y,Y,10,
*,Occupational Certificate: Goldsmith,"16Q160176005754",Qualification,"21812","4",575,2018-07-01 00:00:00.000,2024-06-30 00:00:00.000,2024-06-30 00:00:00.000,2027-06-30 00:00:00.000,0,Y,Y,11,
*,Occupational Certificate: Diamond and Gemstone Setter,"16Q118092",Qualification,"21815","4",540,2021-03-25 00:00:00.000,2026-03-25 00:00:00.000,2027-03-25 00:00:00.000,2030-03-25 00:00:00.000,0,Y,Y,12,
*,Occupational Certificate: Instrument Mechanician,"16Q94701",Qualification,"21843","5",469,2018-07-01 00:00:00.000,2024-06-30 00:00:00.000,2024-06-30 00:00:00.000,2027-06-30 00:00:00.000,0,Y,Y,13,
*,Occupational Certificate: Mechanical Fitter,"32Q320013174104",Qualification,"21842","4",410,2018-07-01 00:00:00.000,2024-06-30 00:00:00.000,2024-06-30 00:00:00.000,2027-06-30 00:00:00.000,0,Y,Y,14,
*,Occupational Certificate: Fitter and Turner,"32Q320009225484",Qualification,"49045","4",548,2018-07-01 00:00:00.000,2024-06-30 00:00:00.000,2024-06-30 00:00:00.000,2027-06-30 00:00:00.000,0,Y,Y,15,
*,Occupational Certificate: Welder,"16Q94100",Qualification,"48804","4",373,2018-07-01 00:00:00.000,2024-06-30 00:00:00.000,2024-06-30 00:00:00.000,2027-06-30 00:00:00.000,0,Y,Y,16,
*,Occupational Certificate: Heavy Equipment Mechanic,"16Q97582",Qualification,"50063","4",540,2018-07-01 00:00:00.000,2024-06-30 00:00:00.000,2024-06-30 00:00:00.000,2027-06-30 00:00:00.000,0,Y,Y,17,
*,Occupational Certificate: Automotive Electrician,"16Q97388",Qualification,"58248","4",362,2018-07-01 00:00:00.000,2023-06-30 00:00:00.000,2024-06-30 00:00:00.000,2027-06-30 00:00:00.000,0,Y,Y,18,
*,Occupational Certificate: Rigger,"32Q320005425594",Qualification,"48696 ","4",559,2018-09-12 00:00:00.000,2023-09-12 00:00:00.000,2024-09-12 00:00:00.000,2027-09-12 00:00:00.000,0,Y,Y,19,
*,QCTOtestLearn,"1Q23456789000",Qualification,"35927","7",120,2024-04-08 00:00:00.000,2024-04-08 00:00:00.000,2030-04-07 00:00:00.000,2033-04-06 00:00:00.000,8,Y,N,20,
*,Occupational Certificate: Transportation Electrician (Automotive Electrician),"16Q117042",Qualification,"21811","4",554,2020-05-28 00:00:00.000,2020-05-28 00:00:00.000,2026-05-28 00:00:00.000,2029-05-27 00:00:00.000,0,Y,Y,21,
*,"28062024TEST","28062024TEST",Qualification,"23627","6",120,2024-01-01 00:00:00.000,2024-01-01 00:00:00.000,2029-12-31 00:00:00.000,2032-12-30 00:00:00.000,20,Y,N,22,
*,Mining Technician ( Mine Ventilation Observer),"16Q160170001373",Qualification,"35926","3",137,2018-07-01 00:00:00.000,2018-07-01 00:00:00.000,2026-12-30 00:00:00.000,2029-12-30 00:00:00.000,0,Y,Y,23,
*,Mining Technician (Mine Ventilation Officer),"16Q160191002144",Qualification,"48914","4",214,2018-07-01 00:00:00.000,2018-07-01 00:00:00.000,2026-06-30 00:00:00.000,2029-06-29 00:00:00.000,0,Y,N,24,
*,Occupational Certificate_Geological Technician_Underground Mining Geological Technician,"32Q320050145404",Qualification,"22860","4",540,2018-07-01 00:00:00.000,2018-07-01 00:00:00.000,2026-12-30 00:00:00.000,2029-12-30 00:00:00.000,0,Y,N,25,
*,Occupational Certificate: Geological Technician (Marine Mining Geological Technician),"32Q320048113264",Qualification,"22858","4",326,2018-07-01 00:00:00.000,2018-07-01 00:00:00.000,2026-12-30 00:00:00.000,2029-12-30 00:00:00.000,0,Y,N,26,
*,Occupational Certificate: Geological Technician (Surface Mining Geological Technician),"32Q320049145684",Qualification,"48912","4",568,2018-07-01 00:00:00.000,2018-07-01 00:00:00.000,2026-12-30 00:00:00.000,2029-12-30 00:00:00.000,0,Y,N,27,
*,QCTOtestLearn,"16Q202503",Qualification,"22490","4",120,2025-01-01 00:00:00.000,2025-01-01 00:00:00.000,2030-12-31 00:00:00.000,2033-12-30 00:00:00.000,10,Y,N,28,
