"AD_Org_ID[Name]","ZZMigrationCode/K","IsActive","ZZModuleType","ZZMigrateValues"
*,1,Y,Core,ZZQCTOLearnership:ZZQCTOLearnership_ID:1;ZZQCTOModule:ZZQCTOModule_ID:3;ref:ZZLkpModuleType:ZZModuleType:1
*,2,Y,Core,ZZQCTOLearnership:ZZQCTOLearnership_ID:2;ZZQCTOModule:ZZQCTOModule_ID:3;ref:ZZLkpModuleType:ZZModuleType:1
*,3,N,Elective,ZZQCTOLearnership:ZZQCTOLearnership_ID:1;ZZQCTOModule:ZZQCTOModule_ID:4;ref:ZZLkpModuleType:ZZModuleType:2
*,4,Y,Elective,ZZQCTOLearnership:ZZQCTOLearnership_ID:2;ZZQCTOModule:ZZQCTOModule_ID:4;ref:ZZLkpModuleType:ZZModuleType:2
*,5,Y,Elective,ZZQCTOLearnership:ZZQCTOLearnership_ID:1;ZZQCTOModule:ZZQCTOModule_ID:4;ref:ZZLkpModuleType:ZZModuleType:2
*,6,N,Core,ZZQCTOLearnership:ZZQCTOLearnership_ID:1;ZZQCTOModule:ZZQCTOModule_ID:1;ref:ZZLkpModuleType:ZZModuleType:1
*,7,Y,Core,ZZQCTOLearnership:ZZQCTOLearnership_ID:3;ZZQCTOModule:ZZQCTOModule_ID:3;ref:ZZLkpModuleType:ZZModuleType:1
*,8,N,Elective,ZZQCTOLearnership:ZZQCTOLearnership_ID:3;ZZQCTOModule:ZZQCTOModule_ID:4;ref:ZZLkpModuleType:ZZModuleType:2
*,9,Y,Core,ZZQCTOLearnership:ZZQCTOLearnership_ID:3;ZZQCTOModule:ZZQCTOModule_ID:4;ref:ZZLkpModuleType:ZZModuleType:1
*,10,Y,Core,ZZQCTOLearnership:ZZQCTOLearnership_ID:4;ZZQCTOModule:ZZQCTOModule_ID:3;ref:ZZLkpModuleType:ZZModuleType:1
*,11,Y,Elective,ZZQCTOLearnership:ZZQCTOLearnership_ID:4;ZZQCTOModule:ZZQCTOModule_ID:4;ref:ZZLkpModuleType:ZZModuleType:2
*,12,Y,Core,ZZQCTOLearnership:ZZQCTOLearnership_ID:5;ZZQCTOModule:ZZQCTOModule_ID:3;ref:ZZLkpModuleType:ZZModuleType:1
*,13,Y,Core,ZZQCTOLearnership:ZZQCTOLearnership_ID:6;ZZQCTOModule:ZZQCTOModule_ID:6;ref:ZZLkpModuleType:ZZModuleType:1
*,14,Y,Core,ZZQCTOLearnership:ZZQCTOLearnership_ID:6;ZZQCTOModule:ZZQCTOModule_ID:7;ref:ZZLkpModuleType:ZZModuleType:1
*,15,Y,Core,ZZQCTOLearnership:ZZQCTOLearnership_ID:6;ZZQCTOModule:ZZQCTOModule_ID:8;ref:ZZLkpModuleType:ZZModuleType:1
*,16,Y,Core,ZZQCTOLearnership:ZZQCTOLearnership_ID:6;ZZQCTOModule:ZZQCTOModule_ID:9;ref:ZZLkpModuleType:ZZModuleType:1
*,17,Y,Core,ZZQCTOLearnership:ZZQCTOLearnership_ID:6;ZZQCTOModule:ZZQCTOModule_ID:10;ref:ZZLkpModuleType:ZZModuleType:1
*,18,Y,Core,ZZQCTOLearnership:ZZQCTOLearnership_ID:6;ZZQCTOModule:ZZQCTOModule_ID:11;ref:ZZLkpModuleType:ZZModuleType:1
*,19,Y,Core,ZZQCTOLearnership:ZZQCTOLearnership_ID:6;ZZQCTOModule:ZZQCTOModule_ID:12;ref:ZZLkpModuleType:ZZModuleType:1
*,20,Y,Core,ZZQCTOLearnership:ZZQCTOLearnership_ID:6;ZZQCTOModule:ZZQCTOModule_ID:13;ref:ZZLkpModuleType:ZZModuleType:1
*,21,Y,Core,ZZQCTOLearnership:ZZQCTOLearnership_ID:6;ZZQCTOModule:ZZQCTOModule_ID:14;ref:ZZLkpModuleType:ZZModuleType:1
*,22,Y,Core,ZZQCTOLearnership:ZZQCTOLearnership_ID:6;ZZQCTOModule:ZZQCTOModule_ID:15;ref:ZZLkpModuleType:ZZModuleType:1
*,23,Y,Core,ZZQCTOLearnership:ZZQCTOLearnership_ID:6;ZZQCTOModule:ZZQCTOModule_ID:16;ref:ZZLkpModuleType:ZZModuleType:1
*,24,Y,Core,ZZQCTOLearnership:ZZQCTOLearnership_ID:6;ZZQCTOModule:ZZQCTOModule_ID:17;ref:ZZLkpModuleType:ZZModuleType:1
*,25,Y,Core,ZZQCTOLearnership:ZZQCTOLearnership_ID:6;ZZQCTOModule:ZZQCTOModule_ID:18;ref:ZZLkpModuleType:ZZModuleType:1
*,26,Y,Core,ZZQCTOLearnership:ZZQCTOLearnership_ID:6;ZZQCTOModule:ZZQCTOModule_ID:19;ref:ZZLkpModuleType:ZZModuleType:1
*,27,Y,Core,ZZQCTOLearnership:ZZQCTOLearnership_ID:6;ZZQCTOModule:ZZQCTOModule_ID:20;ref:ZZLkpModuleType:ZZModuleType:1
*,28,Y,Core,ZZQCTOLearnership:ZZQCTOLearnership_ID:6;ZZQCTOModule:ZZQCTOModule_ID:21;ref:ZZLkpModuleType:ZZModuleType:1
*,29,Y,Core,ZZQCTOLearnership:ZZQCTOLearnership_ID:7;ZZQCTOModule:ZZQCTOModule_ID:6;ref:ZZLkpModuleType:ZZModuleType:1
*,30,Y,Core,ZZQCTOLearnership:ZZQCTOLearnership_ID:7;ZZQCTOModule:ZZQCTOModule_ID:7;ref:ZZLkpModuleType:ZZModuleType:1
*,31,Y,Core,ZZQCTOLearnership:ZZQCTOLearnership_ID:7;ZZQCTOModule:ZZQCTOModule_ID:8;ref:ZZLkpModuleType:ZZModuleType:1
*,32,Y,Core,ZZQCTOLearnership:ZZQCTOLearnership_ID:7;ZZQCTOModule:ZZQCTOModule_ID:9;ref:ZZLkpModuleType:ZZModuleType:1
*,33,Y,Core,ZZQCTOLearnership:ZZQCTOLearnership_ID:7;ZZQCTOModule:ZZQCTOModule_ID:10;ref:ZZLkpModuleType:ZZModuleType:1
*,34,Y,Core,ZZQCTOLearnership:ZZQCTOLearnership_ID:7;ZZQCTOModule:ZZQCTOModule_ID:11;ref:ZZLkpModuleType:ZZModuleType:1
*,35,Y,Core,ZZQCTOLearnership:ZZQCTOLearnership_ID:7;ZZQCTOModule:ZZQCTOModule_ID:12;ref:ZZLkpModuleType:ZZModuleType:1
*,36,Y,Core,ZZQCTOLearnership:ZZQCTOLearnership_ID:7;ZZQCTOModule:ZZQCTOModule_ID:13;ref:ZZLkpModuleType:ZZModuleType:1
*,37,Y,Core,ZZQCTOLearnership:ZZQCTOLearnership_ID:7;ZZQCTOModule:ZZQCTOModule_ID:14;ref:ZZLkpModuleType:ZZModuleType:1
*,38,Y,Core,ZZQCTOLearnership:ZZQCTOLearnership_ID:7;ZZQCTOModule:ZZQCTOModule_ID:15;ref:ZZLkpModuleType:ZZModuleType:1
*,39,Y,Core,ZZQCTOLearnership:ZZQCTOLearnership_ID:7;ZZQCTOModule:ZZQCTOModule_ID:16;ref:ZZLkpModuleType:ZZModuleType:1
*,40,Y,Core,ZZQCTOLearnership:ZZQCTOLearnership_ID:7;ZZQCTOModule:ZZQCTOModule_ID:17;ref:ZZLkpModuleType:ZZModuleType:1
*,41,Y,Core,ZZQCTOLearnership:ZZQCTOLearnership_ID:7;ZZQCTOModule:ZZQCTOModule_ID:18;ref:ZZLkpModuleType:ZZModuleType:1
*,42,Y,Core,ZZQCTOLearnership:ZZQCTOLearnership_ID:7;ZZQCTOModule:ZZQCTOModule_ID:19;ref:ZZLkpModuleType:ZZModuleType:1
*,43,Y,Core,ZZQCTOLearnership:ZZQCTOLearnership_ID:7;ZZQCTOModule:ZZQCTOModule_ID:20;ref:ZZLkpModuleType:ZZModuleType:1
*,44,Y,Core,ZZQCTOLearnership:ZZQCTOLearnership_ID:7;ZZQCTOModule:ZZQCTOModule_ID:21;ref:ZZLkpModuleType:ZZModuleType:1
*,45,Y,Core,ZZQCTOLearnership:ZZQCTOLearnership_ID:8;ZZQCTOModule:ZZQCTOModule_ID:43;ref:ZZLkpModuleType:ZZModuleType:1
*,46,Y,Core,ZZQCTOLearnership:ZZQCTOLearnership_ID:8;ZZQCTOModule:ZZQCTOModule_ID:44;ref:ZZLkpModuleType:ZZModuleType:1
*,47,Y,Core,ZZQCTOLearnership:ZZQCTOLearnership_ID:8;ZZQCTOModule:ZZQCTOModule_ID:45;ref:ZZLkpModuleType:ZZModuleType:1
*,48,Y,Core,ZZQCTOLearnership:ZZQCTOLearnership_ID:8;ZZQCTOModule:ZZQCTOModule_ID:46;ref:ZZLkpModuleType:ZZModuleType:1
*,49,Y,Core,ZZQCTOLearnership:ZZQCTOLearnership_ID:8;ZZQCTOModule:ZZQCTOModule_ID:47;ref:ZZLkpModuleType:ZZModuleType:1
*,50,Y,Core,ZZQCTOLearnership:ZZQCTOLearnership_ID:8;ZZQCTOModule:ZZQCTOModule_ID:48;ref:ZZLkpModuleType:ZZModuleType:1
*,51,Y,Core,ZZQCTOLearnership:ZZQCTOLearnership_ID:8;ZZQCTOModule:ZZQCTOModule_ID:49;ref:ZZLkpModuleType:ZZModuleType:1
*,52,Y,Core,ZZQCTOLearnership:ZZQCTOLearnership_ID:8;ZZQCTOModule:ZZQCTOModule_ID:50;ref:ZZLkpModuleType:ZZModuleType:1
*,53,Y,Core,ZZQCTOLearnership:ZZQCTOLearnership_ID:8;ZZQCTOModule:ZZQCTOModule_ID:51;ref:ZZLkpModuleType:ZZModuleType:1
*,54,Y,Core,ZZQCTOLearnership:ZZQCTOLearnership_ID:8;ZZQCTOModule:ZZQCTOModule_ID:52;ref:ZZLkpModuleType:ZZModuleType:1
*,55,Y,Core,ZZQCTOLearnership:ZZQCTOLearnership_ID:8;ZZQCTOModule:ZZQCTOModule_ID:53;ref:ZZLkpModuleType:ZZModuleType:1
*,56,Y,Core,ZZQCTOLearnership:ZZQCTOLearnership_ID:8;ZZQCTOModule:ZZQCTOModule_ID:54;ref:ZZLkpModuleType:ZZModuleType:1
*,57,Y,Core,ZZQCTOLearnership:ZZQCTOLearnership_ID:8;ZZQCTOModule:ZZQCTOModule_ID:55;ref:ZZLkpModuleType:ZZModuleType:1
*,58,Y,Core,ZZQCTOLearnership:ZZQCTOLearnership_ID:8;ZZQCTOModule:ZZQCTOModule_ID:56;ref:ZZLkpModuleType:ZZModuleType:1
*,59,Y,Core,ZZQCTOLearnership:ZZQCTOLearnership_ID:8;ZZQCTOModule:ZZQCTOModule_ID:57;ref:ZZLkpModuleType:ZZModuleType:1
*,60,Y,Core,ZZQCTOLearnership:ZZQCTOLearnership_ID:8;ZZQCTOModule:ZZQCTOModule_ID:58;ref:ZZLkpModuleType:ZZModuleType:1
*,61,Y,Core,ZZQCTOLearnership:ZZQCTOLearnership_ID:8;ZZQCTOModule:ZZQCTOModule_ID:59;ref:ZZLkpModuleType:ZZModuleType:1
*,62,Y,Core,ZZQCTOLearnership:ZZQCTOLearnership_ID:8;ZZQCTOModule:ZZQCTOModule_ID:60;ref:ZZLkpModuleType:ZZModuleType:1
*,63,Y,Core,ZZQCTOLearnership:ZZQCTOLearnership_ID:8;ZZQCTOModule:ZZQCTOModule_ID:61;ref:ZZLkpModuleType:ZZModuleType:1
*,64,Y,Core,ZZQCTOLearnership:ZZQCTOLearnership_ID:8;ZZQCTOModule:ZZQCTOModule_ID:62;ref:ZZLkpModuleType:ZZModuleType:1
*,65,Y,Core,ZZQCTOLearnership:ZZQCTOLearnership_ID:8;ZZQCTOModule:ZZQCTOModule_ID:63;ref:ZZLkpModuleType:ZZModuleType:1
*,66,Y,Core,ZZQCTOLearnership:ZZQCTOLearnership_ID:8;ZZQCTOModule:ZZQCTOModule_ID:64;ref:ZZLkpModuleType:ZZModuleType:1
*,67,Y,Core,ZZQCTOLearnership:ZZQCTOLearnership_ID:9;ZZQCTOModule:ZZQCTOModule_ID:65;ref:ZZLkpModuleType:ZZModuleType:1
*,68,Y,Core,ZZQCTOLearnership:ZZQCTOLearnership_ID:9;ZZQCTOModule:ZZQCTOModule_ID:66;ref:ZZLkpModuleType:ZZModuleType:1
*,69,Y,Core,ZZQCTOLearnership:ZZQCTOLearnership_ID:9;ZZQCTOModule:ZZQCTOModule_ID:67;ref:ZZLkpModuleType:ZZModuleType:1
*,70,Y,Core,ZZQCTOLearnership:ZZQCTOLearnership_ID:9;ZZQCTOModule:ZZQCTOModule_ID:68;ref:ZZLkpModuleType:ZZModuleType:1
*,71,Y,Core,ZZQCTOLearnership:ZZQCTOLearnership_ID:9;ZZQCTOModule:ZZQCTOModule_ID:69;ref:ZZLkpModuleType:ZZModuleType:1
*,72,Y,Core,ZZQCTOLearnership:ZZQCTOLearnership_ID:9;ZZQCTOModule:ZZQCTOModule_ID:70;ref:ZZLkpModuleType:ZZModuleType:1
*,73,Y,Core,ZZQCTOLearnership:ZZQCTOLearnership_ID:9;ZZQCTOModule:ZZQCTOModule_ID:71;ref:ZZLkpModuleType:ZZModuleType:1
*,74,Y,Core,ZZQCTOLearnership:ZZQCTOLearnership_ID:9;ZZQCTOModule:ZZQCTOModule_ID:72;ref:ZZLkpModuleType:ZZModuleType:1
*,75,Y,Core,ZZQCTOLearnership:ZZQCTOLearnership_ID:9;ZZQCTOModule:ZZQCTOModule_ID:73;ref:ZZLkpModuleType:ZZModuleType:1
*,76,Y,Core,ZZQCTOLearnership:ZZQCTOLearnership_ID:9;ZZQCTOModule:ZZQCTOModule_ID:74;ref:ZZLkpModuleType:ZZModuleType:1
*,77,Y,Core,ZZQCTOLearnership:ZZQCTOLearnership_ID:9;ZZQCTOModule:ZZQCTOModule_ID:75;ref:ZZLkpModuleType:ZZModuleType:1
*,78,Y,Core,ZZQCTOLearnership:ZZQCTOLearnership_ID:9;ZZQCTOModule:ZZQCTOModule_ID:76;ref:ZZLkpModuleType:ZZModuleType:1
*,79,Y,Core,ZZQCTOLearnership:ZZQCTOLearnership_ID:9;ZZQCTOModule:ZZQCTOModule_ID:77;ref:ZZLkpModuleType:ZZModuleType:1
*,80,Y,Core,ZZQCTOLearnership:ZZQCTOLearnership_ID:9;ZZQCTOModule:ZZQCTOModule_ID:78;ref:ZZLkpModuleType:ZZModuleType:1
*,81,Y,Core,ZZQCTOLearnership:ZZQCTOLearnership_ID:9;ZZQCTOModule:ZZQCTOModule_ID:79;ref:ZZLkpModuleType:ZZModuleType:1
*,82,Y,Core,ZZQCTOLearnership:ZZQCTOLearnership_ID:9;ZZQCTOModule:ZZQCTOModule_ID:80;ref:ZZLkpModuleType:ZZModuleType:1
*,83,Y,Core,ZZQCTOLearnership:ZZQCTOLearnership_ID:9;ZZQCTOModule:ZZQCTOModule_ID:81;ref:ZZLkpModuleType:ZZModuleType:1
*,84,Y,Core,ZZQCTOLearnership:ZZQCTOLearnership_ID:9;ZZQCTOModule:ZZQCTOModule_ID:82;ref:ZZLkpModuleType:ZZModuleType:1
*,85,Y,Core,ZZQCTOLearnership:ZZQCTOLearnership_ID:9;ZZQCTOModule:ZZQCTOModule_ID:83;ref:ZZLkpModuleType:ZZModuleType:1
*,86,Y,Core,ZZQCTOLearnership:ZZQCTOLearnership_ID:9;ZZQCTOModule:ZZQCTOModule_ID:84;ref:ZZLkpModuleType:ZZModuleType:1
*,87,Y,Core,ZZQCTOLearnership:ZZQCTOLearnership_ID:9;ZZQCTOModule:ZZQCTOModule_ID:85;ref:ZZLkpModuleType:ZZModuleType:1
*,88,Y,Core,ZZQCTOLearnership:ZZQCTOLearnership_ID:9;ZZQCTOModule:ZZQCTOModule_ID:86;ref:ZZLkpModuleType:ZZModuleType:1
*,89,Y,Core,ZZQCTOLearnership:ZZQCTOLearnership_ID:9;ZZQCTOModule:ZZQCTOModule_ID:87;ref:ZZLkpModuleType:ZZModuleType:1
*,90,Y,Core,ZZQCTOLearnership:ZZQCTOLearnership_ID:9;ZZQCTOModule:ZZQCTOModule_ID:88;ref:ZZLkpModuleType:ZZModuleType:1
*,91,Y,Core,ZZQCTOLearnership:ZZQCTOLearnership_ID:9;ZZQCTOModule:ZZQCTOModule_ID:89;ref:ZZLkpModuleType:ZZModuleType:1
*,92,Y,Core,ZZQCTOLearnership:ZZQCTOLearnership_ID:9;ZZQCTOModule:ZZQCTOModule_ID:90;ref:ZZLkpModuleType:ZZModuleType:1
*,93,Y,Core,ZZQCTOLearnership:ZZQCTOLearnership_ID:9;ZZQCTOModule:ZZQCTOModule_ID:91;ref:ZZLkpModuleType:ZZModuleType:1
*,94,Y,Core,ZZQCTOLearnership:ZZQCTOLearnership_ID:9;ZZQCTOModule:ZZQCTOModule_ID:92;ref:ZZLkpModuleType:ZZModuleType:1
*,95,Y,Core,ZZQCTOLearnership:ZZQCTOLearnership_ID:9;ZZQCTOModule:ZZQCTOModule_ID:93;ref:ZZLkpModuleType:ZZModuleType:1
*,96,Y,Core,ZZQCTOLearnership:ZZQCTOLearnership_ID:9;ZZQCTOModule:ZZQCTOModule_ID:94;ref:ZZLkpModuleType:ZZModuleType:1
*,97,Y,Core,ZZQCTOLearnership:ZZQCTOLearnership_ID:9;ZZQCTOModule:ZZQCTOModule_ID:95;ref:ZZLkpModuleType:ZZModuleType:1
*,98,Y,Core,ZZQCTOLearnership:ZZQCTOLearnership_ID:9;ZZQCTOModule:ZZQCTOModule_ID:96;ref:ZZLkpModuleType:ZZModuleType:1
*,99,Y,Core,ZZQCTOLearnership:ZZQCTOLearnership_ID:9;ZZQCTOModule:ZZQCTOModule_ID:97;ref:ZZLkpModuleType:ZZModuleType:1
*,100,Y,Core,ZZQCTOLearnership:ZZQCTOLearnership_ID:10;ZZQCTOModule:ZZQCTOModule_ID:98;ref:ZZLkpModuleType:ZZModuleType:1
*,101,Y,Core,ZZQCTOLearnership:ZZQCTOLearnership_ID:10;ZZQCTOModule:ZZQCTOModule_ID:99;ref:ZZLkpModuleType:ZZModuleType:1
*,102,Y,Core,ZZQCTOLearnership:ZZQCTOLearnership_ID:10;ZZQCTOModule:ZZQCTOModule_ID:100;ref:ZZLkpModuleType:ZZModuleType:1
*,103,Y,Core,ZZQCTOLearnership:ZZQCTOLearnership_ID:10;ZZQCTOModule:ZZQCTOModule_ID:101;ref:ZZLkpModuleType:ZZModuleType:1
*,104,Y,Core,ZZQCTOLearnership:ZZQCTOLearnership_ID:10;ZZQCTOModule:ZZQCTOModule_ID:102;ref:ZZLkpModuleType:ZZModuleType:1
*,105,Y,Core,ZZQCTOLearnership:ZZQCTOLearnership_ID:10;ZZQCTOModule:ZZQCTOModule_ID:103;ref:ZZLkpModuleType:ZZModuleType:1
*,106,Y,Core,ZZQCTOLearnership:ZZQCTOLearnership_ID:10;ZZQCTOModule:ZZQCTOModule_ID:104;ref:ZZLkpModuleType:ZZModuleType:1
*,107,Y,Core,ZZQCTOLearnership:ZZQCTOLearnership_ID:10;ZZQCTOModule:ZZQCTOModule_ID:105;ref:ZZLkpModuleType:ZZModuleType:1
*,108,Y,Core,ZZQCTOLearnership:ZZQCTOLearnership_ID:10;ZZQCTOModule:ZZQCTOModule_ID:106;ref:ZZLkpModuleType:ZZModuleType:1
*,109,Y,Core,ZZQCTOLearnership:ZZQCTOLearnership_ID:10;ZZQCTOModule:ZZQCTOModule_ID:107;ref:ZZLkpModuleType:ZZModuleType:1
*,110,Y,Core,ZZQCTOLearnership:ZZQCTOLearnership_ID:10;ZZQCTOModule:ZZQCTOModule_ID:108;ref:ZZLkpModuleType:ZZModuleType:1
*,111,Y,Core,ZZQCTOLearnership:ZZQCTOLearnership_ID:10;ZZQCTOModule:ZZQCTOModule_ID:109;ref:ZZLkpModuleType:ZZModuleType:1
*,112,Y,Core,ZZQCTOLearnership:ZZQCTOLearnership_ID:10;ZZQCTOModule:ZZQCTOModule_ID:110;ref:ZZLkpModuleType:ZZModuleType:1
*,113,Y,Core,ZZQCTOLearnership:ZZQCTOLearnership_ID:10;ZZQCTOModule:ZZQCTOModule_ID:111;ref:ZZLkpModuleType:ZZModuleType:1
*,114,Y,Core,ZZQCTOLearnership:ZZQCTOLearnership_ID:10;ZZQCTOModule:ZZQCTOModule_ID:112;ref:ZZLkpModuleType:ZZModuleType:1
*,115,Y,Core,ZZQCTOLearnership:ZZQCTOLearnership_ID:10;ZZQCTOModule:ZZQCTOModule_ID:113;ref:ZZLkpModuleType:ZZModuleType:1
*,116,Y,Core,ZZQCTOLearnership:ZZQCTOLearnership_ID:10;ZZQCTOModule:ZZQCTOModule_ID:114;ref:ZZLkpModuleType:ZZModuleType:1
*,117,Y,Core,ZZQCTOLearnership:ZZQCTOLearnership_ID:10;ZZQCTOModule:ZZQCTOModule_ID:115;ref:ZZLkpModuleType:ZZModuleType:1
*,118,Y,Core,ZZQCTOLearnership:ZZQCTOLearnership_ID:10;ZZQCTOModule:ZZQCTOModule_ID:116;ref:ZZLkpModuleType:ZZModuleType:1
*,119,Y,Core,ZZQCTOLearnership:ZZQCTOLearnership_ID:10;ZZQCTOModule:ZZQCTOModule_ID:117;ref:ZZLkpModuleType:ZZModuleType:1
*,120,Y,Core,ZZQCTOLearnership:ZZQCTOLearnership_ID:10;ZZQCTOModule:ZZQCTOModule_ID:118;ref:ZZLkpModuleType:ZZModuleType:1
*,121,Y,Core,ZZQCTOLearnership:ZZQCTOLearnership_ID:10;ZZQCTOModule:ZZQCTOModule_ID:119;ref:ZZLkpModuleType:ZZModuleType:1
*,122,Y,Core,ZZQCTOLearnership:ZZQCTOLearnership_ID:10;ZZQCTOModule:ZZQCTOModule_ID:120;ref:ZZLkpModuleType:ZZModuleType:1
*,123,Y,Core,ZZQCTOLearnership:ZZQCTOLearnership_ID:10;ZZQCTOModule:ZZQCTOModule_ID:121;ref:ZZLkpModuleType:ZZModuleType:1
*,124,Y,Core,ZZQCTOLearnership:ZZQCTOLearnership_ID:10;ZZQCTOModule:ZZQCTOModule_ID:122;ref:ZZLkpModuleType:ZZModuleType:1
*,125,Y,Core,ZZQCTOLearnership:ZZQCTOLearnership_ID:10;ZZQCTOModule:ZZQCTOModule_ID:123;ref:ZZLkpModuleType:ZZModuleType:1
*,126,Y,Core,ZZQCTOLearnership:ZZQCTOLearnership_ID:10;ZZQCTOModule:ZZQCTOModule_ID:124;ref:ZZLkpModuleType:ZZModuleType:1
*,127,Y,Core,ZZQCTOLearnership:ZZQCTOLearnership_ID:10;ZZQCTOModule:ZZQCTOModule_ID:125;ref:ZZLkpModuleType:ZZModuleType:1
*,128,Y,Core,ZZQCTOLearnership:ZZQCTOLearnership_ID:10;ZZQCTOModule:ZZQCTOModule_ID:126;ref:ZZLkpModuleType:ZZModuleType:1
*,129,Y,Core,ZZQCTOLearnership:ZZQCTOLearnership_ID:10;ZZQCTOModule:ZZQCTOModule_ID:127;ref:ZZLkpModuleType:ZZModuleType:1
*,130,Y,Core,ZZQCTOLearnership:ZZQCTOLearnership_ID:10;ZZQCTOModule:ZZQCTOModule_ID:128;ref:ZZLkpModuleType:ZZModuleType:1
*,131,Y,Core,ZZQCTOLearnership:ZZQCTOLearnership_ID:10;ZZQCTOModule:ZZQCTOModule_ID:130;ref:ZZLkpModuleType:ZZModuleType:1
*,132,Y,Core,ZZQCTOLearnership:ZZQCTOLearnership_ID:10;ZZQCTOModule:ZZQCTOModule_ID:131;ref:ZZLkpModuleType:ZZModuleType:1
*,133,Y,Core,ZZQCTOLearnership:ZZQCTOLearnership_ID:10;ZZQCTOModule:ZZQCTOModule_ID:132;ref:ZZLkpModuleType:ZZModuleType:1
*,134,Y,Core,ZZQCTOLearnership:ZZQCTOLearnership_ID:10;ZZQCTOModule:ZZQCTOModule_ID:133;ref:ZZLkpModuleType:ZZModuleType:1
*,135,Y,Core,ZZQCTOLearnership:ZZQCTOLearnership_ID:10;ZZQCTOModule:ZZQCTOModule_ID:134;ref:ZZLkpModuleType:ZZModuleType:1
*,136,Y,Core,ZZQCTOLearnership:ZZQCTOLearnership_ID:10;ZZQCTOModule:ZZQCTOModule_ID:135;ref:ZZLkpModuleType:ZZModuleType:1
*,137,Y,Core,ZZQCTOLearnership:ZZQCTOLearnership_ID:10;ZZQCTOModule:ZZQCTOModule_ID:136;ref:ZZLkpModuleType:ZZModuleType:1
*,138,Y,Core,ZZQCTOLearnership:ZZQCTOLearnership_ID:10;ZZQCTOModule:ZZQCTOModule_ID:137;ref:ZZLkpModuleType:ZZModuleType:1
*,139,Y,Core,ZZQCTOLearnership:ZZQCTOLearnership_ID:10;ZZQCTOModule:ZZQCTOModule_ID:138;ref:ZZLkpModuleType:ZZModuleType:1
*,140,Y,Core,ZZQCTOLearnership:ZZQCTOLearnership_ID:11;ZZQCTOModule:ZZQCTOModule_ID:139;ref:ZZLkpModuleType:ZZModuleType:1
*,141,Y,Core,ZZQCTOLearnership:ZZQCTOLearnership_ID:11;ZZQCTOModule:ZZQCTOModule_ID:140;ref:ZZLkpModuleType:ZZModuleType:1
*,142,Y,Core,ZZQCTOLearnership:ZZQCTOLearnership_ID:11;ZZQCTOModule:ZZQCTOModule_ID:141;ref:ZZLkpModuleType:ZZModuleType:1
*,143,Y,Core,ZZQCTOLearnership:ZZQCTOLearnership_ID:11;ZZQCTOModule:ZZQCTOModule_ID:142;ref:ZZLkpModuleType:ZZModuleType:1
*,144,Y,Core,ZZQCTOLearnership:ZZQCTOLearnership_ID:11;ZZQCTOModule:ZZQCTOModule_ID:143;ref:ZZLkpModuleType:ZZModuleType:1
*,145,Y,Core,ZZQCTOLearnership:ZZQCTOLearnership_ID:11;ZZQCTOModule:ZZQCTOModule_ID:144;ref:ZZLkpModuleType:ZZModuleType:1
*,146,Y,Core,ZZQCTOLearnership:ZZQCTOLearnership_ID:11;ZZQCTOModule:ZZQCTOModule_ID:145;ref:ZZLkpModuleType:ZZModuleType:1
*,147,Y,Core,ZZQCTOLearnership:ZZQCTOLearnership_ID:11;ZZQCTOModule:ZZQCTOModule_ID:146;ref:ZZLkpModuleType:ZZModuleType:1
*,148,Y,Core,ZZQCTOLearnership:ZZQCTOLearnership_ID:11;ZZQCTOModule:ZZQCTOModule_ID:147;ref:ZZLkpModuleType:ZZModuleType:1
*,149,Y,Core,ZZQCTOLearnership:ZZQCTOLearnership_ID:11;ZZQCTOModule:ZZQCTOModule_ID:148;ref:ZZLkpModuleType:ZZModuleType:1
*,150,Y,Core,ZZQCTOLearnership:ZZQCTOLearnership_ID:11;ZZQCTOModule:ZZQCTOModule_ID:149;ref:ZZLkpModuleType:ZZModuleType:1
*,151,Y,Core,ZZQCTOLearnership:ZZQCTOLearnership_ID:11;ZZQCTOModule:ZZQCTOModule_ID:150;ref:ZZLkpModuleType:ZZModuleType:1
*,152,Y,Core,ZZQCTOLearnership:ZZQCTOLearnership_ID:11;ZZQCTOModule:ZZQCTOModule_ID:151;ref:ZZLkpModuleType:ZZModuleType:1
*,153,Y,Core,ZZQCTOLearnership:ZZQCTOLearnership_ID:11;ZZQCTOModule:ZZQCTOModule_ID:152;ref:ZZLkpModuleType:ZZModuleType:1
*,154,Y,Core,ZZQCTOLearnership:ZZQCTOLearnership_ID:11;ZZQCTOModule:ZZQCTOModule_ID:153;ref:ZZLkpModuleType:ZZModuleType:1
*,155,Y,Core,ZZQCTOLearnership:ZZQCTOLearnership_ID:11;ZZQCTOModule:ZZQCTOModule_ID:154;ref:ZZLkpModuleType:ZZModuleType:1
*,156,Y,Core,ZZQCTOLearnership:ZZQCTOLearnership_ID:11;ZZQCTOModule:ZZQCTOModule_ID:155;ref:ZZLkpModuleType:ZZModuleType:1
*,157,Y,Core,ZZQCTOLearnership:ZZQCTOLearnership_ID:11;ZZQCTOModule:ZZQCTOModule_ID:156;ref:ZZLkpModuleType:ZZModuleType:1
*,158,Y,Core,ZZQCTOLearnership:ZZQCTOLearnership_ID:11;ZZQCTOModule:ZZQCTOModule_ID:157;ref:ZZLkpModuleType:ZZModuleType:1
*,159,Y,Core,ZZQCTOLearnership:ZZQCTOLearnership_ID:11;ZZQCTOModule:ZZQCTOModule_ID:158;ref:ZZLkpModuleType:ZZModuleType:1
*,160,Y,Core,ZZQCTOLearnership:ZZQCTOLearnership_ID:11;ZZQCTOModule:ZZQCTOModule_ID:159;ref:ZZLkpModuleType:ZZModuleType:1
*,161,Y,Core,ZZQCTOLearnership:ZZQCTOLearnership_ID:11;ZZQCTOModule:ZZQCTOModule_ID:160;ref:ZZLkpModuleType:ZZModuleType:1
*,162,Y,Core,ZZQCTOLearnership:ZZQCTOLearnership_ID:11;ZZQCTOModule:ZZQCTOModule_ID:161;ref:ZZLkpModuleType:ZZModuleType:1
*,163,Y,Core,ZZQCTOLearnership:ZZQCTOLearnership_ID:12;ZZQCTOModule:ZZQCTOModule_ID:162;ref:ZZLkpModuleType:ZZModuleType:1
*,164,Y,Core,ZZQCTOLearnership:ZZQCTOLearnership_ID:12;ZZQCTOModule:ZZQCTOModule_ID:163;ref:ZZLkpModuleType:ZZModuleType:1
*,165,Y,Core,ZZQCTOLearnership:ZZQCTOLearnership_ID:12;ZZQCTOModule:ZZQCTOModule_ID:164;ref:ZZLkpModuleType:ZZModuleType:1
*,166,Y,Core,ZZQCTOLearnership:ZZQCTOLearnership_ID:12;ZZQCTOModule:ZZQCTOModule_ID:165;ref:ZZLkpModuleType:ZZModuleType:1
*,167,Y,Core,ZZQCTOLearnership:ZZQCTOLearnership_ID:12;ZZQCTOModule:ZZQCTOModule_ID:166;ref:ZZLkpModuleType:ZZModuleType:1
*,168,Y,Core,ZZQCTOLearnership:ZZQCTOLearnership_ID:12;ZZQCTOModule:ZZQCTOModule_ID:167;ref:ZZLkpModuleType:ZZModuleType:1
*,169,Y,Core,ZZQCTOLearnership:ZZQCTOLearnership_ID:12;ZZQCTOModule:ZZQCTOModule_ID:168;ref:ZZLkpModuleType:ZZModuleType:1
*,170,Y,Core,ZZQCTOLearnership:ZZQCTOLearnership_ID:12;ZZQCTOModule:ZZQCTOModule_ID:169;ref:ZZLkpModuleType:ZZModuleType:1
*,171,Y,Core,ZZQCTOLearnership:ZZQCTOLearnership_ID:12;ZZQCTOModule:ZZQCTOModule_ID:170;ref:ZZLkpModuleType:ZZModuleType:1
*,172,Y,Core,ZZQCTOLearnership:ZZQCTOLearnership_ID:12;ZZQCTOModule:ZZQCTOModule_ID:171;ref:ZZLkpModuleType:ZZModuleType:1
*,173,Y,Core,ZZQCTOLearnership:ZZQCTOLearnership_ID:12;ZZQCTOModule:ZZQCTOModule_ID:172;ref:ZZLkpModuleType:ZZModuleType:1
*,174,Y,Core,ZZQCTOLearnership:ZZQCTOLearnership_ID:12;ZZQCTOModule:ZZQCTOModule_ID:173;ref:ZZLkpModuleType:ZZModuleType:1
*,175,Y,Core,ZZQCTOLearnership:ZZQCTOLearnership_ID:12;ZZQCTOModule:ZZQCTOModule_ID:174;ref:ZZLkpModuleType:ZZModuleType:1
*,176,Y,Core,ZZQCTOLearnership:ZZQCTOLearnership_ID:12;ZZQCTOModule:ZZQCTOModule_ID:175;ref:ZZLkpModuleType:ZZModuleType:1
*,177,Y,Core,ZZQCTOLearnership:ZZQCTOLearnership_ID:12;ZZQCTOModule:ZZQCTOModule_ID:176;ref:ZZLkpModuleType:ZZModuleType:1
*,178,Y,Core,ZZQCTOLearnership:ZZQCTOLearnership_ID:12;ZZQCTOModule:ZZQCTOModule_ID:177;ref:ZZLkpModuleType:ZZModuleType:1
*,179,Y,Core,ZZQCTOLearnership:ZZQCTOLearnership_ID:12;ZZQCTOModule:ZZQCTOModule_ID:178;ref:ZZLkpModuleType:ZZModuleType:1
*,180,Y,Core,ZZQCTOLearnership:ZZQCTOLearnership_ID:13;ZZQCTOModule:ZZQCTOModule_ID:179;ref:ZZLkpModuleType:ZZModuleType:1
*,181,Y,Core,ZZQCTOLearnership:ZZQCTOLearnership_ID:13;ZZQCTOModule:ZZQCTOModule_ID:180;ref:ZZLkpModuleType:ZZModuleType:1
*,182,Y,Core,ZZQCTOLearnership:ZZQCTOLearnership_ID:13;ZZQCTOModule:ZZQCTOModule_ID:181;ref:ZZLkpModuleType:ZZModuleType:1
*,183,Y,Core,ZZQCTOLearnership:ZZQCTOLearnership_ID:13;ZZQCTOModule:ZZQCTOModule_ID:182;ref:ZZLkpModuleType:ZZModuleType:1
*,184,Y,Core,ZZQCTOLearnership:ZZQCTOLearnership_ID:13;ZZQCTOModule:ZZQCTOModule_ID:183;ref:ZZLkpModuleType:ZZModuleType:1
*,185,Y,Core,ZZQCTOLearnership:ZZQCTOLearnership_ID:13;ZZQCTOModule:ZZQCTOModule_ID:184;ref:ZZLkpModuleType:ZZModuleType:1
*,186,Y,Core,ZZQCTOLearnership:ZZQCTOLearnership_ID:13;ZZQCTOModule:ZZQCTOModule_ID:185;ref:ZZLkpModuleType:ZZModuleType:1
*,187,Y,Core,ZZQCTOLearnership:ZZQCTOLearnership_ID:13;ZZQCTOModule:ZZQCTOModule_ID:186;ref:ZZLkpModuleType:ZZModuleType:1
*,188,Y,Core,ZZQCTOLearnership:ZZQCTOLearnership_ID:13;ZZQCTOModule:ZZQCTOModule_ID:187;ref:ZZLkpModuleType:ZZModuleType:1
*,189,Y,Core,ZZQCTOLearnership:ZZQCTOLearnership_ID:13;ZZQCTOModule:ZZQCTOModule_ID:188;ref:ZZLkpModuleType:ZZModuleType:1
*,190,Y,Core,ZZQCTOLearnership:ZZQCTOLearnership_ID:13;ZZQCTOModule:ZZQCTOModule_ID:189;ref:ZZLkpModuleType:ZZModuleType:1
*,191,Y,Core,ZZQCTOLearnership:ZZQCTOLearnership_ID:13;ZZQCTOModule:ZZQCTOModule_ID:190;ref:ZZLkpModuleType:ZZModuleType:1
*,192,Y,Core,ZZQCTOLearnership:ZZQCTOLearnership_ID:13;ZZQCTOModule:ZZQCTOModule_ID:191;ref:ZZLkpModuleType:ZZModuleType:1
*,193,Y,Core,ZZQCTOLearnership:ZZQCTOLearnership_ID:13;ZZQCTOModule:ZZQCTOModule_ID:192;ref:ZZLkpModuleType:ZZModuleType:1
*,194,Y,Core,ZZQCTOLearnership:ZZQCTOLearnership_ID:13;ZZQCTOModule:ZZQCTOModule_ID:193;ref:ZZLkpModuleType:ZZModuleType:1
*,195,Y,Core,ZZQCTOLearnership:ZZQCTOLearnership_ID:13;ZZQCTOModule:ZZQCTOModule_ID:195;ref:ZZLkpModuleType:ZZModuleType:1
*,196,Y,Core,ZZQCTOLearnership:ZZQCTOLearnership_ID:13;ZZQCTOModule:ZZQCTOModule_ID:196;ref:ZZLkpModuleType:ZZModuleType:1
*,197,Y,Core,ZZQCTOLearnership:ZZQCTOLearnership_ID:13;ZZQCTOModule:ZZQCTOModule_ID:198;ref:ZZLkpModuleType:ZZModuleType:1
*,198,Y,Core,ZZQCTOLearnership:ZZQCTOLearnership_ID:13;ZZQCTOModule:ZZQCTOModule_ID:199;ref:ZZLkpModuleType:ZZModuleType:1
*,199,Y,Core,ZZQCTOLearnership:ZZQCTOLearnership_ID:13;ZZQCTOModule:ZZQCTOModule_ID:200;ref:ZZLkpModuleType:ZZModuleType:1
*,200,Y,Core,ZZQCTOLearnership:ZZQCTOLearnership_ID:13;ZZQCTOModule:ZZQCTOModule_ID:201;ref:ZZLkpModuleType:ZZModuleType:1
*,201,Y,Core,ZZQCTOLearnership:ZZQCTOLearnership_ID:13;ZZQCTOModule:ZZQCTOModule_ID:203;ref:ZZLkpModuleType:ZZModuleType:1
*,202,Y,Core,ZZQCTOLearnership:ZZQCTOLearnership_ID:13;ZZQCTOModule:ZZQCTOModule_ID:204;ref:ZZLkpModuleType:ZZModuleType:1
*,203,Y,Core,ZZQCTOLearnership:ZZQCTOLearnership_ID:13;ZZQCTOModule:ZZQCTOModule_ID:205;ref:ZZLkpModuleType:ZZModuleType:1
*,204,Y,Core,ZZQCTOLearnership:ZZQCTOLearnership_ID:13;ZZQCTOModule:ZZQCTOModule_ID:207;ref:ZZLkpModuleType:ZZModuleType:1
*,205,Y,Core,ZZQCTOLearnership:ZZQCTOLearnership_ID:13;ZZQCTOModule:ZZQCTOModule_ID:208;ref:ZZLkpModuleType:ZZModuleType:1
*,206,Y,Core,ZZQCTOLearnership:ZZQCTOLearnership_ID:13;ZZQCTOModule:ZZQCTOModule_ID:210;ref:ZZLkpModuleType:ZZModuleType:1
*,207,Y,Core,ZZQCTOLearnership:ZZQCTOLearnership_ID:13;ZZQCTOModule:ZZQCTOModule_ID:212;ref:ZZLkpModuleType:ZZModuleType:1
*,208,Y,Core,ZZQCTOLearnership:ZZQCTOLearnership_ID:13;ZZQCTOModule:ZZQCTOModule_ID:213;ref:ZZLkpModuleType:ZZModuleType:1
*,209,Y,Core,ZZQCTOLearnership:ZZQCTOLearnership_ID:13;ZZQCTOModule:ZZQCTOModule_ID:214;ref:ZZLkpModuleType:ZZModuleType:1
*,210,Y,Core,ZZQCTOLearnership:ZZQCTOLearnership_ID:13;ZZQCTOModule:ZZQCTOModule_ID:216;ref:ZZLkpModuleType:ZZModuleType:1
*,211,Y,Core,ZZQCTOLearnership:ZZQCTOLearnership_ID:14;ZZQCTOModule:ZZQCTOModule_ID:249;ref:ZZLkpModuleType:ZZModuleType:1
*,212,Y,Core,ZZQCTOLearnership:ZZQCTOLearnership_ID:14;ZZQCTOModule:ZZQCTOModule_ID:230;ref:ZZLkpModuleType:ZZModuleType:1
*,213,Y,Core,ZZQCTOLearnership:ZZQCTOLearnership_ID:14;ZZQCTOModule:ZZQCTOModule_ID:232;ref:ZZLkpModuleType:ZZModuleType:1
*,214,Y,Core,ZZQCTOLearnership:ZZQCTOLearnership_ID:14;ZZQCTOModule:ZZQCTOModule_ID:233;ref:ZZLkpModuleType:ZZModuleType:1
*,215,Y,Core,ZZQCTOLearnership:ZZQCTOLearnership_ID:14;ZZQCTOModule:ZZQCTOModule_ID:235;ref:ZZLkpModuleType:ZZModuleType:1
*,216,Y,Core,ZZQCTOLearnership:ZZQCTOLearnership_ID:14;ZZQCTOModule:ZZQCTOModule_ID:237;ref:ZZLkpModuleType:ZZModuleType:1
*,217,Y,Core,ZZQCTOLearnership:ZZQCTOLearnership_ID:14;ZZQCTOModule:ZZQCTOModule_ID:238;ref:ZZLkpModuleType:ZZModuleType:1
*,218,Y,Core,ZZQCTOLearnership:ZZQCTOLearnership_ID:14;ZZQCTOModule:ZZQCTOModule_ID:239;ref:ZZLkpModuleType:ZZModuleType:1
*,219,Y,Core,ZZQCTOLearnership:ZZQCTOLearnership_ID:14;ZZQCTOModule:ZZQCTOModule_ID:240;ref:ZZLkpModuleType:ZZModuleType:1
*,220,Y,Core,ZZQCTOLearnership:ZZQCTOLearnership_ID:14;ZZQCTOModule:ZZQCTOModule_ID:241;ref:ZZLkpModuleType:ZZModuleType:1
*,221,Y,Core,ZZQCTOLearnership:ZZQCTOLearnership_ID:14;ZZQCTOModule:ZZQCTOModule_ID:242;ref:ZZLkpModuleType:ZZModuleType:1
*,222,Y,Core,ZZQCTOLearnership:ZZQCTOLearnership_ID:14;ZZQCTOModule:ZZQCTOModule_ID:243;ref:ZZLkpModuleType:ZZModuleType:1
*,223,Y,Core,ZZQCTOLearnership:ZZQCTOLearnership_ID:14;ZZQCTOModule:ZZQCTOModule_ID:244;ref:ZZLkpModuleType:ZZModuleType:1
*,224,Y,Core,ZZQCTOLearnership:ZZQCTOLearnership_ID:14;ZZQCTOModule:ZZQCTOModule_ID:245;ref:ZZLkpModuleType:ZZModuleType:1
*,225,Y,Core,ZZQCTOLearnership:ZZQCTOLearnership_ID:14;ZZQCTOModule:ZZQCTOModule_ID:246;ref:ZZLkpModuleType:ZZModuleType:1
*,226,Y,Core,ZZQCTOLearnership:ZZQCTOLearnership_ID:14;ZZQCTOModule:ZZQCTOModule_ID:247;ref:ZZLkpModuleType:ZZModuleType:1
*,227,Y,Core,ZZQCTOLearnership:ZZQCTOLearnership_ID:14;ZZQCTOModule:ZZQCTOModule_ID:248;ref:ZZLkpModuleType:ZZModuleType:1
*,228,Y,Core,ZZQCTOLearnership:ZZQCTOLearnership_ID:15;ZZQCTOModule:ZZQCTOModule_ID:194;ref:ZZLkpModuleType:ZZModuleType:1
*,229,Y,Core,ZZQCTOLearnership:ZZQCTOLearnership_ID:15;ZZQCTOModule:ZZQCTOModule_ID:197;ref:ZZLkpModuleType:ZZModuleType:1
*,230,Y,Core,ZZQCTOLearnership:ZZQCTOLearnership_ID:15;ZZQCTOModule:ZZQCTOModule_ID:202;ref:ZZLkpModuleType:ZZModuleType:1
*,231,Y,Core,ZZQCTOLearnership:ZZQCTOLearnership_ID:15;ZZQCTOModule:ZZQCTOModule_ID:206;ref:ZZLkpModuleType:ZZModuleType:1
*,232,Y,Core,ZZQCTOLearnership:ZZQCTOLearnership_ID:15;ZZQCTOModule:ZZQCTOModule_ID:209;ref:ZZLkpModuleType:ZZModuleType:1
*,233,Y,Core,ZZQCTOLearnership:ZZQCTOLearnership_ID:15;ZZQCTOModule:ZZQCTOModule_ID:211;ref:ZZLkpModuleType:ZZModuleType:1
*,234,Y,Core,ZZQCTOLearnership:ZZQCTOLearnership_ID:15;ZZQCTOModule:ZZQCTOModule_ID:215;ref:ZZLkpModuleType:ZZModuleType:1
*,235,Y,Core,ZZQCTOLearnership:ZZQCTOLearnership_ID:15;ZZQCTOModule:ZZQCTOModule_ID:217;ref:ZZLkpModuleType:ZZModuleType:1
*,236,Y,Core,ZZQCTOLearnership:ZZQCTOLearnership_ID:15;ZZQCTOModule:ZZQCTOModule_ID:218;ref:ZZLkpModuleType:ZZModuleType:1
*,237,Y,Core,ZZQCTOLearnership:ZZQCTOLearnership_ID:15;ZZQCTOModule:ZZQCTOModule_ID:219;ref:ZZLkpModuleType:ZZModuleType:1
*,238,Y,Core,ZZQCTOLearnership:ZZQCTOLearnership_ID:15;ZZQCTOModule:ZZQCTOModule_ID:220;ref:ZZLkpModuleType:ZZModuleType:1
*,239,Y,Core,ZZQCTOLearnership:ZZQCTOLearnership_ID:15;ZZQCTOModule:ZZQCTOModule_ID:221;ref:ZZLkpModuleType:ZZModuleType:1
*,240,Y,Core,ZZQCTOLearnership:ZZQCTOLearnership_ID:15;ZZQCTOModule:ZZQCTOModule_ID:222;ref:ZZLkpModuleType:ZZModuleType:1
*,241,Y,Core,ZZQCTOLearnership:ZZQCTOLearnership_ID:15;ZZQCTOModule:ZZQCTOModule_ID:223;ref:ZZLkpModuleType:ZZModuleType:1
*,242,Y,Core,ZZQCTOLearnership:ZZQCTOLearnership_ID:15;ZZQCTOModule:ZZQCTOModule_ID:224;ref:ZZLkpModuleType:ZZModuleType:1
*,243,Y,Core,ZZQCTOLearnership:ZZQCTOLearnership_ID:15;ZZQCTOModule:ZZQCTOModule_ID:225;ref:ZZLkpModuleType:ZZModuleType:1
*,244,Y,Core,ZZQCTOLearnership:ZZQCTOLearnership_ID:15;ZZQCTOModule:ZZQCTOModule_ID:226;ref:ZZLkpModuleType:ZZModuleType:1
*,245,Y,Core,ZZQCTOLearnership:ZZQCTOLearnership_ID:15;ZZQCTOModule:ZZQCTOModule_ID:227;ref:ZZLkpModuleType:ZZModuleType:1
*,246,Y,Core,ZZQCTOLearnership:ZZQCTOLearnership_ID:15;ZZQCTOModule:ZZQCTOModule_ID:228;ref:ZZLkpModuleType:ZZModuleType:1
*,247,Y,Core,ZZQCTOLearnership:ZZQCTOLearnership_ID:15;ZZQCTOModule:ZZQCTOModule_ID:231;ref:ZZLkpModuleType:ZZModuleType:1
*,248,Y,Core,ZZQCTOLearnership:ZZQCTOLearnership_ID:15;ZZQCTOModule:ZZQCTOModule_ID:234;ref:ZZLkpModuleType:ZZModuleType:1
*,249,Y,Core,ZZQCTOLearnership:ZZQCTOLearnership_ID:15;ZZQCTOModule:ZZQCTOModule_ID:236;ref:ZZLkpModuleType:ZZModuleType:1
*,250,Y,Core,ZZQCTOLearnership:ZZQCTOLearnership_ID:16;ZZQCTOModule:ZZQCTOModule_ID:250;ref:ZZLkpModuleType:ZZModuleType:1
*,251,Y,Core,ZZQCTOLearnership:ZZQCTOLearnership_ID:16;ZZQCTOModule:ZZQCTOModule_ID:251;ref:ZZLkpModuleType:ZZModuleType:1
*,252,Y,Core,ZZQCTOLearnership:ZZQCTOLearnership_ID:16;ZZQCTOModule:ZZQCTOModule_ID:252;ref:ZZLkpModuleType:ZZModuleType:1
*,253,Y,Core,ZZQCTOLearnership:ZZQCTOLearnership_ID:16;ZZQCTOModule:ZZQCTOModule_ID:253;ref:ZZLkpModuleType:ZZModuleType:1
*,254,Y,Core,ZZQCTOLearnership:ZZQCTOLearnership_ID:16;ZZQCTOModule:ZZQCTOModule_ID:254;ref:ZZLkpModuleType:ZZModuleType:1
*,255,Y,Core,ZZQCTOLearnership:ZZQCTOLearnership_ID:16;ZZQCTOModule:ZZQCTOModule_ID:255;ref:ZZLkpModuleType:ZZModuleType:1
*,256,Y,Core,ZZQCTOLearnership:ZZQCTOLearnership_ID:16;ZZQCTOModule:ZZQCTOModule_ID:256;ref:ZZLkpModuleType:ZZModuleType:1
*,257,Y,Core,ZZQCTOLearnership:ZZQCTOLearnership_ID:16;ZZQCTOModule:ZZQCTOModule_ID:257;ref:ZZLkpModuleType:ZZModuleType:1
*,258,Y,Core,ZZQCTOLearnership:ZZQCTOLearnership_ID:16;ZZQCTOModule:ZZQCTOModule_ID:258;ref:ZZLkpModuleType:ZZModuleType:1
*,259,Y,Core,ZZQCTOLearnership:ZZQCTOLearnership_ID:16;ZZQCTOModule:ZZQCTOModule_ID:259;ref:ZZLkpModuleType:ZZModuleType:1
*,260,Y,Core,ZZQCTOLearnership:ZZQCTOLearnership_ID:16;ZZQCTOModule:ZZQCTOModule_ID:260;ref:ZZLkpModuleType:ZZModuleType:1
*,261,Y,Core,ZZQCTOLearnership:ZZQCTOLearnership_ID:16;ZZQCTOModule:ZZQCTOModule_ID:261;ref:ZZLkpModuleType:ZZModuleType:1
*,262,Y,Core,ZZQCTOLearnership:ZZQCTOLearnership_ID:16;ZZQCTOModule:ZZQCTOModule_ID:262;ref:ZZLkpModuleType:ZZModuleType:1
*,263,Y,Core,ZZQCTOLearnership:ZZQCTOLearnership_ID:16;ZZQCTOModule:ZZQCTOModule_ID:263;ref:ZZLkpModuleType:ZZModuleType:1
*,264,Y,Core,ZZQCTOLearnership:ZZQCTOLearnership_ID:16;ZZQCTOModule:ZZQCTOModule_ID:264;ref:ZZLkpModuleType:ZZModuleType:1
*,265,Y,Core,ZZQCTOLearnership:ZZQCTOLearnership_ID:16;ZZQCTOModule:ZZQCTOModule_ID:265;ref:ZZLkpModuleType:ZZModuleType:1
*,266,Y,Core,ZZQCTOLearnership:ZZQCTOLearnership_ID:16;ZZQCTOModule:ZZQCTOModule_ID:266;ref:ZZLkpModuleType:ZZModuleType:1
*,267,Y,Core,ZZQCTOLearnership:ZZQCTOLearnership_ID:16;ZZQCTOModule:ZZQCTOModule_ID:267;ref:ZZLkpModuleType:ZZModuleType:1
*,268,Y,Core,ZZQCTOLearnership:ZZQCTOLearnership_ID:16;ZZQCTOModule:ZZQCTOModule_ID:268;ref:ZZLkpModuleType:ZZModuleType:1
*,269,Y,Core,ZZQCTOLearnership:ZZQCTOLearnership_ID:16;ZZQCTOModule:ZZQCTOModule_ID:269;ref:ZZLkpModuleType:ZZModuleType:1
*,270,Y,Core,ZZQCTOLearnership:ZZQCTOLearnership_ID:16;ZZQCTOModule:ZZQCTOModule_ID:270;ref:ZZLkpModuleType:ZZModuleType:1
*,271,Y,Core,ZZQCTOLearnership:ZZQCTOLearnership_ID:16;ZZQCTOModule:ZZQCTOModule_ID:272;ref:ZZLkpModuleType:ZZModuleType:1
*,272,Y,Core,ZZQCTOLearnership:ZZQCTOLearnership_ID:16;ZZQCTOModule:ZZQCTOModule_ID:273;ref:ZZLkpModuleType:ZZModuleType:1
*,273,Y,Core,ZZQCTOLearnership:ZZQCTOLearnership_ID:16;ZZQCTOModule:ZZQCTOModule_ID:274;ref:ZZLkpModuleType:ZZModuleType:1
*,274,Y,Core,ZZQCTOLearnership:ZZQCTOLearnership_ID:16;ZZQCTOModule:ZZQCTOModule_ID:275;ref:ZZLkpModuleType:ZZModuleType:1
*,275,Y,Core,ZZQCTOLearnership:ZZQCTOLearnership_ID:16;ZZQCTOModule:ZZQCTOModule_ID:276;ref:ZZLkpModuleType:ZZModuleType:1
*,276,Y,Core,ZZQCTOLearnership:ZZQCTOLearnership_ID:16;ZZQCTOModule:ZZQCTOModule_ID:277;ref:ZZLkpModuleType:ZZModuleType:1
*,277,Y,Core,ZZQCTOLearnership:ZZQCTOLearnership_ID:16;ZZQCTOModule:ZZQCTOModule_ID:278;ref:ZZLkpModuleType:ZZModuleType:1
*,278,Y,Core,ZZQCTOLearnership:ZZQCTOLearnership_ID:16;ZZQCTOModule:ZZQCTOModule_ID:279;ref:ZZLkpModuleType:ZZModuleType:1
*,279,Y,Core,ZZQCTOLearnership:ZZQCTOLearnership_ID:16;ZZQCTOModule:ZZQCTOModule_ID:280;ref:ZZLkpModuleType:ZZModuleType:1
*,280,Y,Core,ZZQCTOLearnership:ZZQCTOLearnership_ID:16;ZZQCTOModule:ZZQCTOModule_ID:281;ref:ZZLkpModuleType:ZZModuleType:1
*,281,Y,Core,ZZQCTOLearnership:ZZQCTOLearnership_ID:16;ZZQCTOModule:ZZQCTOModule_ID:271;ref:ZZLkpModuleType:ZZModuleType:1
*,282,Y,Core,ZZQCTOLearnership:ZZQCTOLearnership_ID:16;ZZQCTOModule:ZZQCTOModule_ID:282;ref:ZZLkpModuleType:ZZModuleType:1
*,283,Y,Core,ZZQCTOLearnership:ZZQCTOLearnership_ID:17;ZZQCTOModule:ZZQCTOModule_ID:283;ref:ZZLkpModuleType:ZZModuleType:1
*,284,Y,Core,ZZQCTOLearnership:ZZQCTOLearnership_ID:17;ZZQCTOModule:ZZQCTOModule_ID:284;ref:ZZLkpModuleType:ZZModuleType:1
*,285,Y,Core,ZZQCTOLearnership:ZZQCTOLearnership_ID:17;ZZQCTOModule:ZZQCTOModule_ID:285;ref:ZZLkpModuleType:ZZModuleType:1
*,286,Y,Core,ZZQCTOLearnership:ZZQCTOLearnership_ID:17;ZZQCTOModule:ZZQCTOModule_ID:286;ref:ZZLkpModuleType:ZZModuleType:1
*,287,Y,Core,ZZQCTOLearnership:ZZQCTOLearnership_ID:17;ZZQCTOModule:ZZQCTOModule_ID:287;ref:ZZLkpModuleType:ZZModuleType:1
*,288,Y,Core,ZZQCTOLearnership:ZZQCTOLearnership_ID:17;ZZQCTOModule:ZZQCTOModule_ID:288;ref:ZZLkpModuleType:ZZModuleType:1
*,289,Y,Core,ZZQCTOLearnership:ZZQCTOLearnership_ID:17;ZZQCTOModule:ZZQCTOModule_ID:289;ref:ZZLkpModuleType:ZZModuleType:1
*,290,Y,Core,ZZQCTOLearnership:ZZQCTOLearnership_ID:17;ZZQCTOModule:ZZQCTOModule_ID:290;ref:ZZLkpModuleType:ZZModuleType:1
*,291,Y,Core,ZZQCTOLearnership:ZZQCTOLearnership_ID:17;ZZQCTOModule:ZZQCTOModule_ID:291;ref:ZZLkpModuleType:ZZModuleType:1
*,292,Y,Core,ZZQCTOLearnership:ZZQCTOLearnership_ID:17;ZZQCTOModule:ZZQCTOModule_ID:292;ref:ZZLkpModuleType:ZZModuleType:1
*,293,Y,Core,ZZQCTOLearnership:ZZQCTOLearnership_ID:17;ZZQCTOModule:ZZQCTOModule_ID:293;ref:ZZLkpModuleType:ZZModuleType:1
*,294,Y,Core,ZZQCTOLearnership:ZZQCTOLearnership_ID:17;ZZQCTOModule:ZZQCTOModule_ID:294;ref:ZZLkpModuleType:ZZModuleType:1
*,295,Y,Core,ZZQCTOLearnership:ZZQCTOLearnership_ID:17;ZZQCTOModule:ZZQCTOModule_ID:295;ref:ZZLkpModuleType:ZZModuleType:1
*,296,Y,Core,ZZQCTOLearnership:ZZQCTOLearnership_ID:17;ZZQCTOModule:ZZQCTOModule_ID:296;ref:ZZLkpModuleType:ZZModuleType:1
*,297,Y,Core,ZZQCTOLearnership:ZZQCTOLearnership_ID:17;ZZQCTOModule:ZZQCTOModule_ID:297;ref:ZZLkpModuleType:ZZModuleType:1
*,298,Y,Core,ZZQCTOLearnership:ZZQCTOLearnership_ID:17;ZZQCTOModule:ZZQCTOModule_ID:298;ref:ZZLkpModuleType:ZZModuleType:1
*,299,Y,Core,ZZQCTOLearnership:ZZQCTOLearnership_ID:17;ZZQCTOModule:ZZQCTOModule_ID:299;ref:ZZLkpModuleType:ZZModuleType:1
*,300,Y,Core,ZZQCTOLearnership:ZZQCTOLearnership_ID:17;ZZQCTOModule:ZZQCTOModule_ID:300;ref:ZZLkpModuleType:ZZModuleType:1
*,301,Y,Core,ZZQCTOLearnership:ZZQCTOLearnership_ID:17;ZZQCTOModule:ZZQCTOModule_ID:301;ref:ZZLkpModuleType:ZZModuleType:1
*,302,Y,Core,ZZQCTOLearnership:ZZQCTOLearnership_ID:17;ZZQCTOModule:ZZQCTOModule_ID:302;ref:ZZLkpModuleType:ZZModuleType:1
*,303,Y,Core,ZZQCTOLearnership:ZZQCTOLearnership_ID:17;ZZQCTOModule:ZZQCTOModule_ID:303;ref:ZZLkpModuleType:ZZModuleType:1
*,304,Y,Core,ZZQCTOLearnership:ZZQCTOLearnership_ID:17;ZZQCTOModule:ZZQCTOModule_ID:304;ref:ZZLkpModuleType:ZZModuleType:1
*,305,Y,Core,ZZQCTOLearnership:ZZQCTOLearnership_ID:17;ZZQCTOModule:ZZQCTOModule_ID:305;ref:ZZLkpModuleType:ZZModuleType:1
*,306,Y,Core,ZZQCTOLearnership:ZZQCTOLearnership_ID:17;ZZQCTOModule:ZZQCTOModule_ID:306;ref:ZZLkpModuleType:ZZModuleType:1
*,307,Y,Core,ZZQCTOLearnership:ZZQCTOLearnership_ID:17;ZZQCTOModule:ZZQCTOModule_ID:307;ref:ZZLkpModuleType:ZZModuleType:1
*,308,Y,Core,ZZQCTOLearnership:ZZQCTOLearnership_ID:17;ZZQCTOModule:ZZQCTOModule_ID:308;ref:ZZLkpModuleType:ZZModuleType:1
*,309,Y,Core,ZZQCTOLearnership:ZZQCTOLearnership_ID:17;ZZQCTOModule:ZZQCTOModule_ID:309;ref:ZZLkpModuleType:ZZModuleType:1
*,310,Y,Core,ZZQCTOLearnership:ZZQCTOLearnership_ID:17;ZZQCTOModule:ZZQCTOModule_ID:310;ref:ZZLkpModuleType:ZZModuleType:1
*,311,Y,Core,ZZQCTOLearnership:ZZQCTOLearnership_ID:17;ZZQCTOModule:ZZQCTOModule_ID:311;ref:ZZLkpModuleType:ZZModuleType:1
*,312,Y,Core,ZZQCTOLearnership:ZZQCTOLearnership_ID:17;ZZQCTOModule:ZZQCTOModule_ID:312;ref:ZZLkpModuleType:ZZModuleType:1
*,313,Y,Core,ZZQCTOLearnership:ZZQCTOLearnership_ID:17;ZZQCTOModule:ZZQCTOModule_ID:313;ref:ZZLkpModuleType:ZZModuleType:1
*,314,Y,Core,ZZQCTOLearnership:ZZQCTOLearnership_ID:18;ZZQCTOModule:ZZQCTOModule_ID:344;ref:ZZLkpModuleType:ZZModuleType:1
*,315,Y,Core,ZZQCTOLearnership:ZZQCTOLearnership_ID:18;ZZQCTOModule:ZZQCTOModule_ID:345;ref:ZZLkpModuleType:ZZModuleType:1
*,316,Y,Core,ZZQCTOLearnership:ZZQCTOLearnership_ID:18;ZZQCTOModule:ZZQCTOModule_ID:346;ref:ZZLkpModuleType:ZZModuleType:1
*,317,Y,Core,ZZQCTOLearnership:ZZQCTOLearnership_ID:18;ZZQCTOModule:ZZQCTOModule_ID:347;ref:ZZLkpModuleType:ZZModuleType:1
*,318,Y,Core,ZZQCTOLearnership:ZZQCTOLearnership_ID:18;ZZQCTOModule:ZZQCTOModule_ID:348;ref:ZZLkpModuleType:ZZModuleType:1
*,319,Y,Core,ZZQCTOLearnership:ZZQCTOLearnership_ID:18;ZZQCTOModule:ZZQCTOModule_ID:349;ref:ZZLkpModuleType:ZZModuleType:1
*,320,Y,Core,ZZQCTOLearnership:ZZQCTOLearnership_ID:18;ZZQCTOModule:ZZQCTOModule_ID:350;ref:ZZLkpModuleType:ZZModuleType:1
*,321,Y,Core,ZZQCTOLearnership:ZZQCTOLearnership_ID:18;ZZQCTOModule:ZZQCTOModule_ID:351;ref:ZZLkpModuleType:ZZModuleType:1
*,322,Y,Core,ZZQCTOLearnership:ZZQCTOLearnership_ID:18;ZZQCTOModule:ZZQCTOModule_ID:352;ref:ZZLkpModuleType:ZZModuleType:1
*,323,Y,Core,ZZQCTOLearnership:ZZQCTOLearnership_ID:18;ZZQCTOModule:ZZQCTOModule_ID:353;ref:ZZLkpModuleType:ZZModuleType:1
*,324,Y,Core,ZZQCTOLearnership:ZZQCTOLearnership_ID:18;ZZQCTOModule:ZZQCTOModule_ID:354;ref:ZZLkpModuleType:ZZModuleType:1
*,325,Y,Core,ZZQCTOLearnership:ZZQCTOLearnership_ID:18;ZZQCTOModule:ZZQCTOModule_ID:355;ref:ZZLkpModuleType:ZZModuleType:1
*,326,Y,Core,ZZQCTOLearnership:ZZQCTOLearnership_ID:18;ZZQCTOModule:ZZQCTOModule_ID:356;ref:ZZLkpModuleType:ZZModuleType:1
*,327,Y,Core,ZZQCTOLearnership:ZZQCTOLearnership_ID:18;ZZQCTOModule:ZZQCTOModule_ID:357;ref:ZZLkpModuleType:ZZModuleType:1
*,328,Y,Core,ZZQCTOLearnership:ZZQCTOLearnership_ID:18;ZZQCTOModule:ZZQCTOModule_ID:358;ref:ZZLkpModuleType:ZZModuleType:1
*,329,Y,Core,ZZQCTOLearnership:ZZQCTOLearnership_ID:18;ZZQCTOModule:ZZQCTOModule_ID:359;ref:ZZLkpModuleType:ZZModuleType:1
*,330,Y,Core,ZZQCTOLearnership:ZZQCTOLearnership_ID:18;ZZQCTOModule:ZZQCTOModule_ID:360;ref:ZZLkpModuleType:ZZModuleType:1
*,331,Y,Core,ZZQCTOLearnership:ZZQCTOLearnership_ID:18;ZZQCTOModule:ZZQCTOModule_ID:361;ref:ZZLkpModuleType:ZZModuleType:1
*,332,Y,Core,ZZQCTOLearnership:ZZQCTOLearnership_ID:18;ZZQCTOModule:ZZQCTOModule_ID:362;ref:ZZLkpModuleType:ZZModuleType:1
*,333,Y,Core,ZZQCTOLearnership:ZZQCTOLearnership_ID:18;ZZQCTOModule:ZZQCTOModule_ID:363;ref:ZZLkpModuleType:ZZModuleType:1
*,334,Y,Core,ZZQCTOLearnership:ZZQCTOLearnership_ID:18;ZZQCTOModule:ZZQCTOModule_ID:364;ref:ZZLkpModuleType:ZZModuleType:1
*,335,Y,Core,ZZQCTOLearnership:ZZQCTOLearnership_ID:18;ZZQCTOModule:ZZQCTOModule_ID:365;ref:ZZLkpModuleType:ZZModuleType:1
*,336,Y,Core,ZZQCTOLearnership:ZZQCTOLearnership_ID:18;ZZQCTOModule:ZZQCTOModule_ID:366;ref:ZZLkpModuleType:ZZModuleType:1
*,337,Y,Core,ZZQCTOLearnership:ZZQCTOLearnership_ID:19;ZZQCTOModule:ZZQCTOModule_ID:314;ref:ZZLkpModuleType:ZZModuleType:1
*,338,Y,Core,ZZQCTOLearnership:ZZQCTOLearnership_ID:19;ZZQCTOModule:ZZQCTOModule_ID:315;ref:ZZLkpModuleType:ZZModuleType:1
*,339,Y,Core,ZZQCTOLearnership:ZZQCTOLearnership_ID:19;ZZQCTOModule:ZZQCTOModule_ID:316;ref:ZZLkpModuleType:ZZModuleType:1
*,340,Y,Core,ZZQCTOLearnership:ZZQCTOLearnership_ID:19;ZZQCTOModule:ZZQCTOModule_ID:317;ref:ZZLkpModuleType:ZZModuleType:1
*,341,Y,Core,ZZQCTOLearnership:ZZQCTOLearnership_ID:19;ZZQCTOModule:ZZQCTOModule_ID:318;ref:ZZLkpModuleType:ZZModuleType:1
*,342,Y,Core,ZZQCTOLearnership:ZZQCTOLearnership_ID:19;ZZQCTOModule:ZZQCTOModule_ID:319;ref:ZZLkpModuleType:ZZModuleType:1
*,343,Y,Core,ZZQCTOLearnership:ZZQCTOLearnership_ID:19;ZZQCTOModule:ZZQCTOModule_ID:320;ref:ZZLkpModuleType:ZZModuleType:1
*,344,Y,Core,ZZQCTOLearnership:ZZQCTOLearnership_ID:19;ZZQCTOModule:ZZQCTOModule_ID:321;ref:ZZLkpModuleType:ZZModuleType:1
*,345,Y,Core,ZZQCTOLearnership:ZZQCTOLearnership_ID:19;ZZQCTOModule:ZZQCTOModule_ID:322;ref:ZZLkpModuleType:ZZModuleType:1
*,346,Y,Core,ZZQCTOLearnership:ZZQCTOLearnership_ID:19;ZZQCTOModule:ZZQCTOModule_ID:323;ref:ZZLkpModuleType:ZZModuleType:1
*,347,Y,Core,ZZQCTOLearnership:ZZQCTOLearnership_ID:19;ZZQCTOModule:ZZQCTOModule_ID:324;ref:ZZLkpModuleType:ZZModuleType:1
*,348,Y,Core,ZZQCTOLearnership:ZZQCTOLearnership_ID:19;ZZQCTOModule:ZZQCTOModule_ID:325;ref:ZZLkpModuleType:ZZModuleType:1
*,349,Y,Core,ZZQCTOLearnership:ZZQCTOLearnership_ID:19;ZZQCTOModule:ZZQCTOModule_ID:326;ref:ZZLkpModuleType:ZZModuleType:1
*,350,Y,Core,ZZQCTOLearnership:ZZQCTOLearnership_ID:19;ZZQCTOModule:ZZQCTOModule_ID:327;ref:ZZLkpModuleType:ZZModuleType:1
*,351,Y,Core,ZZQCTOLearnership:ZZQCTOLearnership_ID:19;ZZQCTOModule:ZZQCTOModule_ID:328;ref:ZZLkpModuleType:ZZModuleType:1
*,352,Y,Core,ZZQCTOLearnership:ZZQCTOLearnership_ID:19;ZZQCTOModule:ZZQCTOModule_ID:329;ref:ZZLkpModuleType:ZZModuleType:1
*,353,Y,Core,ZZQCTOLearnership:ZZQCTOLearnership_ID:19;ZZQCTOModule:ZZQCTOModule_ID:330;ref:ZZLkpModuleType:ZZModuleType:1
*,354,Y,Core,ZZQCTOLearnership:ZZQCTOLearnership_ID:19;ZZQCTOModule:ZZQCTOModule_ID:331;ref:ZZLkpModuleType:ZZModuleType:1
*,355,Y,Core,ZZQCTOLearnership:ZZQCTOLearnership_ID:19;ZZQCTOModule:ZZQCTOModule_ID:332;ref:ZZLkpModuleType:ZZModuleType:1
*,356,Y,Core,ZZQCTOLearnership:ZZQCTOLearnership_ID:19;ZZQCTOModule:ZZQCTOModule_ID:333;ref:ZZLkpModuleType:ZZModuleType:1
*,357,Y,Core,ZZQCTOLearnership:ZZQCTOLearnership_ID:19;ZZQCTOModule:ZZQCTOModule_ID:334;ref:ZZLkpModuleType:ZZModuleType:1
*,358,Y,Core,ZZQCTOLearnership:ZZQCTOLearnership_ID:19;ZZQCTOModule:ZZQCTOModule_ID:335;ref:ZZLkpModuleType:ZZModuleType:1
*,359,Y,Core,ZZQCTOLearnership:ZZQCTOLearnership_ID:19;ZZQCTOModule:ZZQCTOModule_ID:336;ref:ZZLkpModuleType:ZZModuleType:1
*,360,Y,Core,ZZQCTOLearnership:ZZQCTOLearnership_ID:19;ZZQCTOModule:ZZQCTOModule_ID:337;ref:ZZLkpModuleType:ZZModuleType:1
*,361,Y,Core,ZZQCTOLearnership:ZZQCTOLearnership_ID:19;ZZQCTOModule:ZZQCTOModule_ID:338;ref:ZZLkpModuleType:ZZModuleType:1
*,362,Y,Core,ZZQCTOLearnership:ZZQCTOLearnership_ID:19;ZZQCTOModule:ZZQCTOModule_ID:339;ref:ZZLkpModuleType:ZZModuleType:1
*,363,Y,Core,ZZQCTOLearnership:ZZQCTOLearnership_ID:19;ZZQCTOModule:ZZQCTOModule_ID:340;ref:ZZLkpModuleType:ZZModuleType:1
*,364,Y,Core,ZZQCTOLearnership:ZZQCTOLearnership_ID:19;ZZQCTOModule:ZZQCTOModule_ID:341;ref:ZZLkpModuleType:ZZModuleType:1
*,365,Y,Core,ZZQCTOLearnership:ZZQCTOLearnership_ID:19;ZZQCTOModule:ZZQCTOModule_ID:342;ref:ZZLkpModuleType:ZZModuleType:1
*,366,Y,Core,ZZQCTOLearnership:ZZQCTOLearnership_ID:19;ZZQCTOModule:ZZQCTOModule_ID:343;ref:ZZLkpModuleType:ZZModuleType:1
*,367,Y,Core,ZZQCTOLearnership:ZZQCTOLearnership_ID:19;ZZQCTOModule:ZZQCTOModule_ID:367;ref:ZZLkpModuleType:ZZModuleType:1
*,368,Y,Core,ZZQCTOLearnership:ZZQCTOLearnership_ID:19;ZZQCTOModule:ZZQCTOModule_ID:368;ref:ZZLkpModuleType:ZZModuleType:1
*,369,Y,Core,ZZQCTOLearnership:ZZQCTOLearnership_ID:19;ZZQCTOModule:ZZQCTOModule_ID:369;ref:ZZLkpModuleType:ZZModuleType:1
*,370,Y,Core,ZZQCTOLearnership:ZZQCTOLearnership_ID:19;ZZQCTOModule:ZZQCTOModule_ID:370;ref:ZZLkpModuleType:ZZModuleType:1
*,371,Y,Core,ZZQCTOLearnership:ZZQCTOLearnership_ID:19;ZZQCTOModule:ZZQCTOModule_ID:371;ref:ZZLkpModuleType:ZZModuleType:1
*,372,Y,Core,ZZQCTOLearnership:ZZQCTOLearnership_ID:19;ZZQCTOModule:ZZQCTOModule_ID:372;ref:ZZLkpModuleType:ZZModuleType:1
*,373,Y,Core,ZZQCTOLearnership:ZZQCTOLearnership_ID:19;ZZQCTOModule:ZZQCTOModule_ID:373;ref:ZZLkpModuleType:ZZModuleType:1
*,374,Y,Core,ZZQCTOLearnership:ZZQCTOLearnership_ID:19;ZZQCTOModule:ZZQCTOModule_ID:374;ref:ZZLkpModuleType:ZZModuleType:1
*,375,Y,Core,ZZQCTOLearnership:ZZQCTOLearnership_ID:22;ZZQCTOModule:ZZQCTOModule_ID:3;ref:ZZLkpModuleType:ZZModuleType:1
*,376,Y,Core,ZZQCTOLearnership:ZZQCTOLearnership_ID:23;ZZQCTOModule:ZZQCTOModule_ID:419;ref:ZZLkpModuleType:ZZModuleType:1
*,377,Y,Core,ZZQCTOLearnership:ZZQCTOLearnership_ID:23;ZZQCTOModule:ZZQCTOModule_ID:420;ref:ZZLkpModuleType:ZZModuleType:1
*,378,Y,Core,ZZQCTOLearnership:ZZQCTOLearnership_ID:23;ZZQCTOModule:ZZQCTOModule_ID:421;ref:ZZLkpModuleType:ZZModuleType:1
*,379,Y,Core,ZZQCTOLearnership:ZZQCTOLearnership_ID:23;ZZQCTOModule:ZZQCTOModule_ID:422;ref:ZZLkpModuleType:ZZModuleType:1
*,380,Y,Core,ZZQCTOLearnership:ZZQCTOLearnership_ID:23;ZZQCTOModule:ZZQCTOModule_ID:423;ref:ZZLkpModuleType:ZZModuleType:1
*,381,Y,Core,ZZQCTOLearnership:ZZQCTOLearnership_ID:23;ZZQCTOModule:ZZQCTOModule_ID:424;ref:ZZLkpModuleType:ZZModuleType:1
*,382,Y,Core,ZZQCTOLearnership:ZZQCTOLearnership_ID:23;ZZQCTOModule:ZZQCTOModule_ID:425;ref:ZZLkpModuleType:ZZModuleType:1
*,383,Y,Core,ZZQCTOLearnership:ZZQCTOLearnership_ID:23;ZZQCTOModule:ZZQCTOModule_ID:426;ref:ZZLkpModuleType:ZZModuleType:1
*,384,Y,Core,ZZQCTOLearnership:ZZQCTOLearnership_ID:23;ZZQCTOModule:ZZQCTOModule_ID:427;ref:ZZLkpModuleType:ZZModuleType:1
*,385,Y,Core,ZZQCTOLearnership:ZZQCTOLearnership_ID:24;ZZQCTOModule:ZZQCTOModule_ID:428;ref:ZZLkpModuleType:ZZModuleType:1
*,386,Y,Core,ZZQCTOLearnership:ZZQCTOLearnership_ID:24;ZZQCTOModule:ZZQCTOModule_ID:429;ref:ZZLkpModuleType:ZZModuleType:1
*,387,Y,Core,ZZQCTOLearnership:ZZQCTOLearnership_ID:24;ZZQCTOModule:ZZQCTOModule_ID:430;ref:ZZLkpModuleType:ZZModuleType:1
*,388,Y,Core,ZZQCTOLearnership:ZZQCTOLearnership_ID:24;ZZQCTOModule:ZZQCTOModule_ID:431;ref:ZZLkpModuleType:ZZModuleType:1
*,389,Y,Core,ZZQCTOLearnership:ZZQCTOLearnership_ID:24;ZZQCTOModule:ZZQCTOModule_ID:432;ref:ZZLkpModuleType:ZZModuleType:1
*,390,Y,Core,ZZQCTOLearnership:ZZQCTOLearnership_ID:24;ZZQCTOModule:ZZQCTOModule_ID:433;ref:ZZLkpModuleType:ZZModuleType:1
*,391,Y,Core,ZZQCTOLearnership:ZZQCTOLearnership_ID:24;ZZQCTOModule:ZZQCTOModule_ID:434;ref:ZZLkpModuleType:ZZModuleType:1
*,392,Y,Core,ZZQCTOLearnership:ZZQCTOLearnership_ID:24;ZZQCTOModule:ZZQCTOModule_ID:435;ref:ZZLkpModuleType:ZZModuleType:1
*,393,Y,Core,ZZQCTOLearnership:ZZQCTOLearnership_ID:24;ZZQCTOModule:ZZQCTOModule_ID:436;ref:ZZLkpModuleType:ZZModuleType:1
*,394,Y,Core,ZZQCTOLearnership:ZZQCTOLearnership_ID:24;ZZQCTOModule:ZZQCTOModule_ID:437;ref:ZZLkpModuleType:ZZModuleType:1
*,395,Y,Core,ZZQCTOLearnership:ZZQCTOLearnership_ID:24;ZZQCTOModule:ZZQCTOModule_ID:438;ref:ZZLkpModuleType:ZZModuleType:1
*,396,Y,Core,ZZQCTOLearnership:ZZQCTOLearnership_ID:24;ZZQCTOModule:ZZQCTOModule_ID:439;ref:ZZLkpModuleType:ZZModuleType:1
*,397,Y,Core,ZZQCTOLearnership:ZZQCTOLearnership_ID:24;ZZQCTOModule:ZZQCTOModule_ID:440;ref:ZZLkpModuleType:ZZModuleType:1
*,398,Y,Core,ZZQCTOLearnership:ZZQCTOLearnership_ID:24;ZZQCTOModule:ZZQCTOModule_ID:441;ref:ZZLkpModuleType:ZZModuleType:1
*,399,Y,Core,ZZQCTOLearnership:ZZQCTOLearnership_ID:24;ZZQCTOModule:ZZQCTOModule_ID:442;ref:ZZLkpModuleType:ZZModuleType:1
*,400,Y,Core,ZZQCTOLearnership:ZZQCTOLearnership_ID:24;ZZQCTOModule:ZZQCTOModule_ID:443;ref:ZZLkpModuleType:ZZModuleType:1
*,401,Y,Core,ZZQCTOLearnership:ZZQCTOLearnership_ID:24;ZZQCTOModule:ZZQCTOModule_ID:444;ref:ZZLkpModuleType:ZZModuleType:1
*,402,Y,Core,ZZQCTOLearnership:ZZQCTOLearnership_ID:24;ZZQCTOModule:ZZQCTOModule_ID:445;ref:ZZLkpModuleType:ZZModuleType:1
*,403,Y,Core,ZZQCTOLearnership:ZZQCTOLearnership_ID:24;ZZQCTOModule:ZZQCTOModule_ID:446;ref:ZZLkpModuleType:ZZModuleType:1
*,404,Y,Core,ZZQCTOLearnership:ZZQCTOLearnership_ID:24;ZZQCTOModule:ZZQCTOModule_ID:447;ref:ZZLkpModuleType:ZZModuleType:1
*,405,Y,Core,ZZQCTOLearnership:ZZQCTOLearnership_ID:24;ZZQCTOModule:ZZQCTOModule_ID:448;ref:ZZLkpModuleType:ZZModuleType:1
*,406,Y,Core,ZZQCTOLearnership:ZZQCTOLearnership_ID:25;ZZQCTOModule:ZZQCTOModule_ID:449;ref:ZZLkpModuleType:ZZModuleType:1
*,407,Y,Core,ZZQCTOLearnership:ZZQCTOLearnership_ID:25;ZZQCTOModule:ZZQCTOModule_ID:450;ref:ZZLkpModuleType:ZZModuleType:1
*,408,Y,Core,ZZQCTOLearnership:ZZQCTOLearnership_ID:25;ZZQCTOModule:ZZQCTOModule_ID:451;ref:ZZLkpModuleType:ZZModuleType:1
*,409,Y,Core,ZZQCTOLearnership:ZZQCTOLearnership_ID:25;ZZQCTOModule:ZZQCTOModule_ID:453;ref:ZZLkpModuleType:ZZModuleType:1
*,410,Y,Core,ZZQCTOLearnership:ZZQCTOLearnership_ID:25;ZZQCTOModule:ZZQCTOModule_ID:463;ref:ZZLkpModuleType:ZZModuleType:1
*,411,Y,Core,ZZQCTOLearnership:ZZQCTOLearnership_ID:25;ZZQCTOModule:ZZQCTOModule_ID:455;ref:ZZLkpModuleType:ZZModuleType:1
*,412,Y,Core,ZZQCTOLearnership:ZZQCTOLearnership_ID:25;ZZQCTOModule:ZZQCTOModule_ID:456;ref:ZZLkpModuleType:ZZModuleType:1
*,413,Y,Core,ZZQCTOLearnership:ZZQCTOLearnership_ID:25;ZZQCTOModule:ZZQCTOModule_ID:457;ref:ZZLkpModuleType:ZZModuleType:1
*,414,Y,Core,ZZQCTOLearnership:ZZQCTOLearnership_ID:25;ZZQCTOModule:ZZQCTOModule_ID:458;ref:ZZLkpModuleType:ZZModuleType:1
*,415,Y,Core,ZZQCTOLearnership:ZZQCTOLearnership_ID:25;ZZQCTOModule:ZZQCTOModule_ID:459;ref:ZZLkpModuleType:ZZModuleType:1
*,416,Y,Core,ZZQCTOLearnership:ZZQCTOLearnership_ID:25;ZZQCTOModule:ZZQCTOModule_ID:460;ref:ZZLkpModuleType:ZZModuleType:1
*,417,Y,Core,ZZQCTOLearnership:ZZQCTOLearnership_ID:25;ZZQCTOModule:ZZQCTOModule_ID:461;ref:ZZLkpModuleType:ZZModuleType:1
*,418,Y,Core,ZZQCTOLearnership:ZZQCTOLearnership_ID:25;ZZQCTOModule:ZZQCTOModule_ID:462;ref:ZZLkpModuleType:ZZModuleType:1
*,419,Y,Core,ZZQCTOLearnership:ZZQCTOLearnership_ID:26;ZZQCTOModule:ZZQCTOModule_ID:464;ref:ZZLkpModuleType:ZZModuleType:1
*,420,Y,Core,ZZQCTOLearnership:ZZQCTOLearnership_ID:26;ZZQCTOModule:ZZQCTOModule_ID:465;ref:ZZLkpModuleType:ZZModuleType:1
*,421,Y,Core,ZZQCTOLearnership:ZZQCTOLearnership_ID:26;ZZQCTOModule:ZZQCTOModule_ID:466;ref:ZZLkpModuleType:ZZModuleType:1
*,422,Y,Core,ZZQCTOLearnership:ZZQCTOLearnership_ID:26;ZZQCTOModule:ZZQCTOModule_ID:467;ref:ZZLkpModuleType:ZZModuleType:1
*,423,Y,Core,ZZQCTOLearnership:ZZQCTOLearnership_ID:26;ZZQCTOModule:ZZQCTOModule_ID:468;ref:ZZLkpModuleType:ZZModuleType:1
*,424,Y,Core,ZZQCTOLearnership:ZZQCTOLearnership_ID:26;ZZQCTOModule:ZZQCTOModule_ID:469;ref:ZZLkpModuleType:ZZModuleType:1
*,425,Y,Core,ZZQCTOLearnership:ZZQCTOLearnership_ID:26;ZZQCTOModule:ZZQCTOModule_ID:470;ref:ZZLkpModuleType:ZZModuleType:1
*,426,Y,Core,ZZQCTOLearnership:ZZQCTOLearnership_ID:26;ZZQCTOModule:ZZQCTOModule_ID:471;ref:ZZLkpModuleType:ZZModuleType:1
*,427,Y,Core,ZZQCTOLearnership:ZZQCTOLearnership_ID:26;ZZQCTOModule:ZZQCTOModule_ID:472;ref:ZZLkpModuleType:ZZModuleType:1
*,428,Y,Core,ZZQCTOLearnership:ZZQCTOLearnership_ID:26;ZZQCTOModule:ZZQCTOModule_ID:473;ref:ZZLkpModuleType:ZZModuleType:1
*,429,Y,Core,ZZQCTOLearnership:ZZQCTOLearnership_ID:26;ZZQCTOModule:ZZQCTOModule_ID:474;ref:ZZLkpModuleType:ZZModuleType:1
*,430,Y,Core,ZZQCTOLearnership:ZZQCTOLearnership_ID:27;ZZQCTOModule:ZZQCTOModule_ID:475;ref:ZZLkpModuleType:ZZModuleType:1
*,431,Y,Core,ZZQCTOLearnership:ZZQCTOLearnership_ID:27;ZZQCTOModule:ZZQCTOModule_ID:476;ref:ZZLkpModuleType:ZZModuleType:1
*,432,Y,Core,ZZQCTOLearnership:ZZQCTOLearnership_ID:27;ZZQCTOModule:ZZQCTOModule_ID:477;ref:ZZLkpModuleType:ZZModuleType:1
*,433,Y,Core,ZZQCTOLearnership:ZZQCTOLearnership_ID:27;ZZQCTOModule:ZZQCTOModule_ID:478;ref:ZZLkpModuleType:ZZModuleType:1
*,434,Y,Core,ZZQCTOLearnership:ZZQCTOLearnership_ID:27;ZZQCTOModule:ZZQCTOModule_ID:479;ref:ZZLkpModuleType:ZZModuleType:1
*,435,Y,Core,ZZQCTOLearnership:ZZQCTOLearnership_ID:27;ZZQCTOModule:ZZQCTOModule_ID:480;ref:ZZLkpModuleType:ZZModuleType:1
*,436,Y,Core,ZZQCTOLearnership:ZZQCTOLearnership_ID:27;ZZQCTOModule:ZZQCTOModule_ID:481;ref:ZZLkpModuleType:ZZModuleType:1
*,437,Y,Core,ZZQCTOLearnership:ZZQCTOLearnership_ID:27;ZZQCTOModule:ZZQCTOModule_ID:482;ref:ZZLkpModuleType:ZZModuleType:1
*,438,Y,Core,ZZQCTOLearnership:ZZQCTOLearnership_ID:27;ZZQCTOModule:ZZQCTOModule_ID:483;ref:ZZLkpModuleType:ZZModuleType:1
*,439,Y,Core,ZZQCTOLearnership:ZZQCTOLearnership_ID:27;ZZQCTOModule:ZZQCTOModule_ID:484;ref:ZZLkpModuleType:ZZModuleType:1
*,440,Y,Core,ZZQCTOLearnership:ZZQCTOLearnership_ID:27;ZZQCTOModule:ZZQCTOModule_ID:485;ref:ZZLkpModuleType:ZZModuleType:1
*,441,Y,Core,ZZQCTOLearnership:ZZQCTOLearnership_ID:27;ZZQCTOModule:ZZQCTOModule_ID:486;ref:ZZLkpModuleType:ZZModuleType:1
*,442,Y,Core,ZZQCTOLearnership:ZZQCTOLearnership_ID:27;ZZQCTOModule:ZZQCTOModule_ID:487;ref:ZZLkpModuleType:ZZModuleType:1
*,443,Y,Core,ZZQCTOLearnership:ZZQCTOLearnership_ID:27;ZZQCTOModule:ZZQCTOModule_ID:488;ref:ZZLkpModuleType:ZZModuleType:1
*,444,Y,Core,ZZQCTOLearnership:ZZQCTOLearnership_ID:28;ZZQCTOModule:ZZQCTOModule_ID:3;ref:ZZLkpModuleType:ZZModuleType:1
*,445,Y,Core,ZZQCTOLearnership:ZZQCTOLearnership_ID:28;ZZQCTOModule:ZZQCTOModule_ID:1;ref:ZZLkpModuleType:ZZModuleType:1
