"AD_Org_ID[Name]","ZZMigrationCode/K","IsActive","ZZMigrateValues"
*,1,Y,ZZQCTOSkillsProgramme:ZZQCTOSkillsProgramme_ID:1;ZZQCTOModule:ZZQCTOModule_ID:1;ref:ZZLkpModuleType:ZZModuleType:1
*,2,Y,ZZQCTOSkillsProgramme:ZZQCTOSkillsProgramme_ID:1;ZZQCTOModule:ZZQCTOModule_ID:2;ref:ZZLkpModuleType:ZZModuleType:2
*,3,Y,ZZQCTOSkillsProgramme:ZZQCTOSkillsProgramme_ID:2;ZZQCTOModule:ZZQCTOModule_ID:3;ref:ZZLkpModuleType:ZZModuleType:1
*,4,N,ZZQCTOSkillsProgramme:ZZQCTOSkillsProgramme_ID:2;ZZQCTOModule:ZZQCTOModule_ID:4;ref:ZZLkpModuleType:ZZModuleType:1
*,5,N,ZZQCTOSkillsProgramme:ZZQCTOSkillsProgramme_ID:2;ZZQCTOModule:ZZQCTOModule_ID:1;ref:ZZLkpModuleType:ZZModuleType:1
*,6,N,ZZQCTOSkillsProgramme:ZZQCTOSkillsProgramme_ID:2;ZZQCTOModule:ZZQCTOModule_ID:2;ref:ZZLkpModuleType:ZZModuleType:1
*,7,N,ZZQCTOSkillsProgramme:ZZQCTOSkillsProgramme_ID:2;ZZQCTOModule:ZZQCTOModule_ID:4;ref:ZZLkpModuleType:ZZModuleType:2
*,8,N,ZZQCTOSkillsProgramme:ZZQCTOSkillsProgramme_ID:2;ZZQCTOModule:ZZQCTOModule_ID:1;ref:ZZLkpModuleType:ZZModuleType:2
*,9,Y,ZZQCTOSkillsProgramme:ZZQCTOSkillsProgramme_ID:2;ZZQCTOModule:ZZQCTOModule_ID:2;ref:ZZLkpModuleType:ZZModuleType:2
*,10,Y,ZZQCTOSkillsProgramme:ZZQCTOSkillsProgramme_ID:3;ZZQCTOModule:ZZQCTOModule_ID:4;ref:ZZLkpModuleType:ZZModuleType:1
*,11,Y,ZZQCTOSkillsProgramme:ZZQCTOSkillsProgramme_ID:4;ZZQCTOModule:ZZQCTOModule_ID:508;ref:ZZLkpModuleType:ZZModuleType:1
*,12,Y,ZZQCTOSkillsProgramme:ZZQCTOSkillsProgramme_ID:4;ZZQCTOModule:ZZQCTOModule_ID:509;ref:ZZLkpModuleType:ZZModuleType:1
*,13,Y,ZZQCTOSkillsProgramme:ZZQCTOSkillsProgramme_ID:4;ZZQCTOModule:ZZQCTOModule_ID:510;ref:ZZLkpModuleType:ZZModuleType:1
*,14,Y,ZZQCTOSkillsProgramme:ZZQCTOSkillsProgramme_ID:4;ZZQCTOModule:ZZQCTOModule_ID:511;ref:ZZLkpModuleType:ZZModuleType:1
*,15,Y,ZZQCTOSkillsProgramme:ZZQCTOSkillsProgramme_ID:4;ZZQCTOModule:ZZQCTOModule_ID:512;ref:ZZLkpModuleType:ZZModuleType:1
*,16,Y,ZZQCTOSkillsProgramme:ZZQCTOSkillsProgramme_ID:4;ZZQCTOModule:ZZQCTOModule_ID:513;ref:ZZLkpModuleType:ZZModuleType:1
*,17,Y,ZZQCTOSkillsProgramme:ZZQCTOSkillsProgramme_ID:4;ZZQCTOModule:ZZQCTOModule_ID:514;ref:ZZLkpModuleType:ZZModuleType:1
*,18,Y,ZZQCTOSkillsProgramme:ZZQCTOSkillsProgramme_ID:4;ZZQCTOModule:ZZQCTOModule_ID:515;ref:ZZLkpModuleType:ZZModuleType:1
*,19,Y,ZZQCTOSkillsProgramme:ZZQCTOSkillsProgramme_ID:4;ZZQCTOModule:ZZQCTOModule_ID:516;ref:ZZLkpModuleType:ZZModuleType:1
*,20,Y,ZZQCTOSkillsProgramme:ZZQCTOSkillsProgramme_ID:4;ZZQCTOModule:ZZQCTOModule_ID:517;ref:ZZLkpModuleType:ZZModuleType:1
*,21,Y,ZZQCTOSkillsProgramme:ZZQCTOSkillsProgramme_ID:4;ZZQCTOModule:ZZQCTOModule_ID:568;ref:ZZLkpModuleType:ZZModuleType:1
*,22,Y,ZZQCTOSkillsProgramme:ZZQCTOSkillsProgramme_ID:4;ZZQCTOModule:ZZQCTOModule_ID:567;ref:ZZLkpModuleType:ZZModuleType:1
*,23,Y,ZZQCTOSkillsProgramme:ZZQCTOSkillsProgramme_ID:5;ZZQCTOModule:ZZQCTOModule_ID:571;ref:ZZLkpModuleType:ZZModuleType:1
*,24,Y,ZZQCTOSkillsProgramme:ZZQCTOSkillsProgramme_ID:5;ZZQCTOModule:ZZQCTOModule_ID:572;ref:ZZLkpModuleType:ZZModuleType:1
*,25,Y,ZZQCTOSkillsProgramme:ZZQCTOSkillsProgramme_ID:5;ZZQCTOModule:ZZQCTOModule_ID:573;ref:ZZLkpModuleType:ZZModuleType:1
*,26,Y,ZZQCTOSkillsProgramme:ZZQCTOSkillsProgramme_ID:6;ZZQCTOModule:ZZQCTOModule_ID:3;ref:ZZLkpModuleType:ZZModuleType:1
*,27,Y,ZZQCTOSkillsProgramme:ZZQCTOSkillsProgramme_ID:6;ZZQCTOModule:ZZQCTOModule_ID:4;ref:ZZLkpModuleType:ZZModuleType:2
*,28,Y,ZZQCTOSkillsProgramme:ZZQCTOSkillsProgramme_ID:6;ZZQCTOModule:ZZQCTOModule_ID:1;ref:ZZLkpModuleType:ZZModuleType:1
*,29,Y,ZZQCTOSkillsProgramme:ZZQCTOSkillsProgramme_ID:6;ZZQCTOModule:ZZQCTOModule_ID:2;ref:ZZLkpModuleType:ZZModuleType:2
*,30,Y,ZZQCTOSkillsProgramme:ZZQCTOSkillsProgramme_ID:7;ZZQCTOModule:ZZQCTOModule_ID:574;ref:ZZLkpModuleType:ZZModuleType:1
*,31,Y,ZZQCTOSkillsProgramme:ZZQCTOSkillsProgramme_ID:7;ZZQCTOModule:ZZQCTOModule_ID:575;ref:ZZLkpModuleType:ZZModuleType:1
*,32,Y,ZZQCTOSkillsProgramme:ZZQCTOSkillsProgramme_ID:7;ZZQCTOModule:ZZQCTOModule_ID:576;ref:ZZLkpModuleType:ZZModuleType:1
*,33,Y,ZZQCTOSkillsProgramme:ZZQCTOSkillsProgramme_ID:7;ZZQCTOModule:ZZQCTOModule_ID:577;ref:ZZLkpModuleType:ZZModuleType:2
*,34,Y,ZZQCTOSkillsProgramme:ZZQCTOSkillsProgramme_ID:8;ZZQCTOModule:ZZQCTOModule_ID:574;ref:ZZLkpModuleType:ZZModuleType:1
*,35,Y,ZZQCTOSkillsProgramme:ZZQCTOSkillsProgramme_ID:8;ZZQCTOModule:ZZQCTOModule_ID:575;ref:ZZLkpModuleType:ZZModuleType:1
*,36,Y,ZZQCTOSkillsProgramme:ZZQCTOSkillsProgramme_ID:8;ZZQCTOModule:ZZQCTOModule_ID:576;ref:ZZLkpModuleType:ZZModuleType:1
*,37,Y,ZZQCTOSkillsProgramme:ZZQCTOSkillsProgramme_ID:8;ZZQCTOModule:ZZQCTOModule_ID:578;ref:ZZLkpModuleType:ZZModuleType:2
*,38,Y,ZZQCTOSkillsProgramme:ZZQCTOSkillsProgramme_ID:9;ZZQCTOModule:ZZQCTOModule_ID:508;ref:ZZLkpModuleType:ZZModuleType:1
*,39,Y,ZZQCTOSkillsProgramme:ZZQCTOSkillsProgramme_ID:9;ZZQCTOModule:ZZQCTOModule_ID:509;ref:ZZLkpModuleType:ZZModuleType:1
*,40,Y,ZZQCTOSkillsProgramme:ZZQCTOSkillsProgramme_ID:9;ZZQCTOModule:ZZQCTOModule_ID:510;ref:ZZLkpModuleType:ZZModuleType:1
*,41,Y,ZZQCTOSkillsProgramme:ZZQCTOSkillsProgramme_ID:9;ZZQCTOModule:ZZQCTOModule_ID:511;ref:ZZLkpModuleType:ZZModuleType:1
*,42,Y,ZZQCTOSkillsProgramme:ZZQCTOSkillsProgramme_ID:9;ZZQCTOModule:ZZQCTOModule_ID:512;ref:ZZLkpModuleType:ZZModuleType:1
*,43,Y,ZZQCTOSkillsProgramme:ZZQCTOSkillsProgramme_ID:9;ZZQCTOModule:ZZQCTOModule_ID:513;ref:ZZLkpModuleType:ZZModuleType:1
*,44,Y,ZZQCTOSkillsProgramme:ZZQCTOSkillsProgramme_ID:9;ZZQCTOModule:ZZQCTOModule_ID:514;ref:ZZLkpModuleType:ZZModuleType:1
*,45,Y,ZZQCTOSkillsProgramme:ZZQCTOSkillsProgramme_ID:9;ZZQCTOModule:ZZQCTOModule_ID:515;ref:ZZLkpModuleType:ZZModuleType:1
*,46,Y,ZZQCTOSkillsProgramme:ZZQCTOSkillsProgramme_ID:9;ZZQCTOModule:ZZQCTOModule_ID:516;ref:ZZLkpModuleType:ZZModuleType:1
*,47,Y,ZZQCTOSkillsProgramme:ZZQCTOSkillsProgramme_ID:9;ZZQCTOModule:ZZQCTOModule_ID:517;ref:ZZLkpModuleType:ZZModuleType:1
*,48,Y,ZZQCTOSkillsProgramme:ZZQCTOSkillsProgramme_ID:10;ZZQCTOModule:ZZQCTOModule_ID:574;ref:ZZLkpModuleType:ZZModuleType:1
*,49,Y,ZZQCTOSkillsProgramme:ZZQCTOSkillsProgramme_ID:10;ZZQCTOModule:ZZQCTOModule_ID:575;ref:ZZLkpModuleType:ZZModuleType:1
*,50,Y,ZZQCTOSkillsProgramme:ZZQCTOSkillsProgramme_ID:10;ZZQCTOModule:ZZQCTOModule_ID:576;ref:ZZLkpModuleType:ZZModuleType:1
*,51,Y,ZZQCTOSkillsProgramme:ZZQCTOSkillsProgramme_ID:10;ZZQCTOModule:ZZQCTOModule_ID:579;ref:ZZLkpModuleType:ZZModuleType:2
*,52,Y,ZZQCTOSkillsProgramme:ZZQCTOSkillsProgramme_ID:11;ZZQCTOModule:ZZQCTOModule_ID:508;ref:ZZLkpModuleType:ZZModuleType:1
*,53,Y,ZZQCTOSkillsProgramme:ZZQCTOSkillsProgramme_ID:11;ZZQCTOModule:ZZQCTOModule_ID:509;ref:ZZLkpModuleType:ZZModuleType:1
*,54,Y,ZZQCTOSkillsProgramme:ZZQCTOSkillsProgramme_ID:11;ZZQCTOModule:ZZQCTOModule_ID:510;ref:ZZLkpModuleType:ZZModuleType:1
*,55,Y,ZZQCTOSkillsProgramme:ZZQCTOSkillsProgramme_ID:11;ZZQCTOModule:ZZQCTOModule_ID:511;ref:ZZLkpModuleType:ZZModuleType:1
*,56,Y,ZZQCTOSkillsProgramme:ZZQCTOSkillsProgramme_ID:11;ZZQCTOModule:ZZQCTOModule_ID:512;ref:ZZLkpModuleType:ZZModuleType:1
*,57,Y,ZZQCTOSkillsProgramme:ZZQCTOSkillsProgramme_ID:11;ZZQCTOModule:ZZQCTOModule_ID:513;ref:ZZLkpModuleType:ZZModuleType:1
*,58,Y,ZZQCTOSkillsProgramme:ZZQCTOSkillsProgramme_ID:11;ZZQCTOModule:ZZQCTOModule_ID:514;ref:ZZLkpModuleType:ZZModuleType:1
*,59,Y,ZZQCTOSkillsProgramme:ZZQCTOSkillsProgramme_ID:11;ZZQCTOModule:ZZQCTOModule_ID:515;ref:ZZLkpModuleType:ZZModuleType:1
*,60,Y,ZZQCTOSkillsProgramme:ZZQCTOSkillsProgramme_ID:11;ZZQCTOModule:ZZQCTOModule_ID:516;ref:ZZLkpModuleType:ZZModuleType:1
*,61,Y,ZZQCTOSkillsProgramme:ZZQCTOSkillsProgramme_ID:11;ZZQCTOModule:ZZQCTOModule_ID:517;ref:ZZLkpModuleType:ZZModuleType:1
*,62,Y,ZZQCTOSkillsProgramme:ZZQCTOSkillsProgramme_ID:12;ZZQCTOModule:ZZQCTOModule_ID:508;ref:ZZLkpModuleType:ZZModuleType:1
*,63,Y,ZZQCTOSkillsProgramme:ZZQCTOSkillsProgramme_ID:12;ZZQCTOModule:ZZQCTOModule_ID:509;ref:ZZLkpModuleType:ZZModuleType:1
*,64,Y,ZZQCTOSkillsProgramme:ZZQCTOSkillsProgramme_ID:12;ZZQCTOModule:ZZQCTOModule_ID:510;ref:ZZLkpModuleType:ZZModuleType:1
*,65,Y,ZZQCTOSkillsProgramme:ZZQCTOSkillsProgramme_ID:12;ZZQCTOModule:ZZQCTOModule_ID:511;ref:ZZLkpModuleType:ZZModuleType:1
*,66,Y,ZZQCTOSkillsProgramme:ZZQCTOSkillsProgramme_ID:12;ZZQCTOModule:ZZQCTOModule_ID:512;ref:ZZLkpModuleType:ZZModuleType:1
*,67,Y,ZZQCTOSkillsProgramme:ZZQCTOSkillsProgramme_ID:12;ZZQCTOModule:ZZQCTOModule_ID:513;ref:ZZLkpModuleType:ZZModuleType:1
*,68,Y,ZZQCTOSkillsProgramme:ZZQCTOSkillsProgramme_ID:12;ZZQCTOModule:ZZQCTOModule_ID:514;ref:ZZLkpModuleType:ZZModuleType:1
*,69,Y,ZZQCTOSkillsProgramme:ZZQCTOSkillsProgramme_ID:12;ZZQCTOModule:ZZQCTOModule_ID:515;ref:ZZLkpModuleType:ZZModuleType:1
*,70,Y,ZZQCTOSkillsProgramme:ZZQCTOSkillsProgramme_ID:12;ZZQCTOModule:ZZQCTOModule_ID:516;ref:ZZLkpModuleType:ZZModuleType:1
*,71,Y,ZZQCTOSkillsProgramme:ZZQCTOSkillsProgramme_ID:12;ZZQCTOModule:ZZQCTOModule_ID:517;ref:ZZLkpModuleType:ZZModuleType:1
