"AD_Org_ID[Name]","ZZMigrationCode/K","IsActive","ZZSAQAQualificationCode","ZZSAQAQualificationTitle","ZZCredits","Registrationstartdate","Registrationenddate","ZZLastEnrolmentDate","ZZLastAchievementDate","ZZQualificationType","ZZNewRegistrationStartDate","ZZNewRegistrationEndDate","ZZNewLastEnrolmentDate","ZZNewLastAchievementDate","ZZIsReplacement","ZZIsReregistered","ZZMinimumElectiveCredits","ZZMigrateValues"
*,1,N,"23624",National Certificate Diesel Mechanic ,120,2018-07-01 00:00:00.000,2024-06-30 00:00:00.000,2024-06-30 00:00:00.000,1900-01-01 00:00:00.000,Unit Standard Based,1900-01-01 00:00:00.000,1900-01-01 00:00:00.000,1900-01-01 00:00:00.000,1900-01-01 00:00:00.000,N,N,0,ref:ZZLkpNqfLevel:ZZNqfLevel:3;ref:ZZLkpQualificationType:ZZQualificationType:1;ZZLkpOfoOccupationTree:ZZLkpOfoOccupationTree_ID:1105
*,2,N,"23625",National Certificate: Electrical,120,2018-07-01 00:00:00.000,2024-06-30 00:00:00.000,2024-06-30 00:00:00.000,1900-01-01 00:00:00.000,Unit Standard Based,1900-01-01 00:00:00.000,1900-01-01 00:00:00.000,1900-01-01 00:00:00.000,1900-01-01 00:00:00.000,N,N,0,ref:ZZLkpNqfLevel:ZZNqfLevel:4;ref:ZZLkpQualityAssuranceBody:ZZQualityAssuranceBody:57;ref:ZZLkpQualificationType:ZZQualificationType:1;ZZLkpOfoOccupationTree:ZZLkpOfoOccupationTree_ID:1165
*,3,N,"23626",National Certificate Fitting and Turning ,120,2018-07-01 00:00:00.000,2024-06-30 00:00:00.000,2024-06-30 00:00:00.000,1900-01-01 00:00:00.000,Unit Standard Based,1900-01-01 00:00:00.000,1900-01-01 00:00:00.000,1900-01-01 00:00:00.000,1900-01-01 00:00:00.000,N,N,0,ref:ZZLkpNqfLevel:ZZNqfLevel:3;ref:ZZLkpQualityAssuranceBody:ZZQualityAssuranceBody:57;ref:ZZLkpQualificationType:ZZQualificationType:1;ZZLkpOfoOccupationTree:ZZLkpOfoOccupationTree_ID:1090
*,4,N,"23627",National Certificate Fitting (Including Machining) ,120,2018-07-01 00:00:00.000,2024-06-30 00:00:00.000,2024-06-30 00:00:00.000,1900-01-01 00:00:00.000,Unit Standard Based,1900-01-01 00:00:00.000,1900-01-01 00:00:00.000,1900-01-01 00:00:00.000,1900-01-01 00:00:00.000,N,N,0,ref:ZZLkpNqfLevel:ZZNqfLevel:3;ref:ZZLkpQualityAssuranceBody:ZZQualityAssuranceBody:57;ref:ZZLkpQualificationType:ZZQualificationType:1;ZZLkpOfoOccupationTree:ZZLkpOfoOccupationTree_ID:1102
*,5,N,"23628",National Certificate: Instrumentation Mechanician,99,2018-07-01 00:00:00.000,2024-06-30 00:00:00.000,2024-06-30 00:00:00.000,1900-01-01 00:00:00.000,Unit Standard Based,1900-01-01 00:00:00.000,1900-01-01 00:00:00.000,1900-01-01 00:00:00.000,1900-01-01 00:00:00.000,N,N,0,ref:ZZLkpNqfLevel:ZZNqfLevel:4;ref:ZZLkpQualityAssuranceBody:ZZQualityAssuranceBody:57;ref:ZZLkpQualificationType:ZZQualificationType:1;ZZLkpOfoOccupationTree:ZZLkpOfoOccupationTree_ID:1174
*,6,N,"23813",National Certificate Rigger Ropesman,120,2018-07-01 00:00:00.000,2024-06-30 00:00:00.000,2024-06-30 00:00:00.000,1900-01-01 00:00:00.000,Unit Standard Based,1900-01-01 00:00:00.000,1900-01-01 00:00:00.000,1900-01-01 00:00:00.000,1900-01-01 00:00:00.000,N,N,0,ref:ZZLkpNqfLevel:ZZNqfLevel:3;ref:ZZLkpQualityAssuranceBody:ZZQualityAssuranceBody:57;ref:ZZLkpQualificationType:ZZQualificationType:1;ZZLkpOfoOccupationTree:ZZLkpOfoOccupationTree_ID:1079
*,7,Y,"21841",National Certificate in Winding Engine Driving,127,2018-07-01 00:00:00.000,2027-06-30 00:00:00.000,2027-06-30 00:00:00.000,1900-01-01 00:00:00.000,Unit Standard Based,1900-01-01 00:00:00.000,1900-01-01 00:00:00.000,1900-01-01 00:00:00.000,1900-01-01 00:00:00.000,N,N,0,ref:ZZLkpNqfLevel:ZZNqfLevel:3;ref:ZZLkpQualityAssuranceBody:ZZQualityAssuranceBody:57;ref:ZZLkpQualificationType:ZZQualificationType:1;ZZLkpOfoOccupationTree:ZZLkpOfoOccupationTree_ID:1396
*,8,Y,"21844",National Certificate in Jewellery Manufacture in a Production Environment,159,2005-08-03 00:00:00.000,2008-08-23 00:00:00.000,2013-08-23 00:00:00.000,1900-01-01 00:00:00.000,Unit Standard Based,1900-01-01 00:00:00.000,1900-01-01 00:00:00.000,1900-01-01 00:00:00.000,1900-01-01 00:00:00.000,N,N,0,ref:ZZLkpNqfLevel:ZZNqfLevel:3;ref:ZZLkpQualityAssuranceBody:ZZQualityAssuranceBody:57;ref:ZZLkpQualificationType:ZZQualificationType:1
*,9,Y,"21846",National Certificate in Diamond Processing Operator,120,2005-08-23 00:00:00.000,2008-08-23 00:00:00.000,2012-08-23 00:00:00.000,1900-01-01 00:00:00.000,Unit Standard Based,1900-01-01 00:00:00.000,1900-01-01 00:00:00.000,1900-01-01 00:00:00.000,1900-01-01 00:00:00.000,N,N,0,ref:ZZLkpNqfLevel:ZZNqfLevel:2;ref:ZZLkpQualificationType:ZZQualificationType:1
*,10,Y,"21814",National Certificate in Engineering Maintenance and Repairing for Underground Coal Mining,148,2018-07-01 00:00:00.000,2026-06-30 00:00:00.000,2026-06-30 00:00:00.000,2029-06-30 00:00:00.000,Unit Standard Based,1900-01-01 00:00:00.000,1900-01-01 00:00:00.000,1900-01-01 00:00:00.000,1900-01-01 00:00:00.000,N,N,0,ref:ZZLkpNqfLevel:ZZNqfLevel:2;ref:ZZLkpQualityAssuranceBody:ZZQualityAssuranceBody:57;ref:ZZLkpQualificationType:ZZQualificationType:1;ZZLkpOfoOccupationTree:ZZLkpOfoOccupationTree_ID:49
*,11,Y,"21845",Further Education and Training Certificate in  Diamond Processing: Polisher - Crossworker,351,2006-11-07 00:00:00.000,2009-11-07 00:00:00.000,2010-11-07 00:00:00.000,1900-01-01 00:00:00.000,Unit Standard Based,1900-01-01 00:00:00.000,1900-01-01 00:00:00.000,1900-01-01 00:00:00.000,1900-01-01 00:00:00.000,N,N,0,ref:ZZLkpNqfLevel:ZZNqfLevel:4;ref:ZZLkpQualityAssuranceBody:ZZQualityAssuranceBody:57;ref:ZZLkpQualificationType:ZZQualificationType:1
*,12,Y,"21812",National certificate in Mining Operations: Underground Coal ,120,2018-07-01 00:00:00.000,2027-06-30 00:00:00.000,2027-06-30 00:00:00.000,1900-01-01 00:00:00.000,Unit Standard Based,1900-01-01 00:00:00.000,1900-01-01 00:00:00.000,1900-01-01 00:00:00.000,1900-01-01 00:00:00.000,N,N,0,ref:ZZLkpNqfLevel:ZZNqfLevel:3;ref:ZZLkpQualityAssuranceBody:ZZQualityAssuranceBody:57;ref:ZZLkpQualificationType:ZZQualificationType:1;ZZLkpOfoOccupationTree:ZZLkpOfoOccupationTree_ID:49
*,13,Y,"21815",National Certificate in Engineering Maintenance for Underground Hard Rock (Metalliferous) ,120,2018-07-01 00:00:00.000,2027-06-30 00:00:00.000,2027-06-30 00:00:00.000,1900-01-01 00:00:00.000,Unit Standard Based,1900-01-01 00:00:00.000,1900-01-01 00:00:00.000,1900-01-01 00:00:00.000,1900-01-01 00:00:00.000,N,N,0,ref:ZZLkpNqfLevel:ZZNqfLevel:2;ref:ZZLkpQualityAssuranceBody:ZZQualityAssuranceBody:57;ref:ZZLkpQualificationType:ZZQualificationType:1;ZZLkpOfoOccupationTree:ZZLkpOfoOccupationTree_ID:49
*,14,Y,"21843",National Certificate in Diamond Processing: Polisher - Brillianteer,323,2006-11-07 00:00:00.000,2009-11-07 00:00:00.000,2010-11-07 00:00:00.000,1900-01-01 00:00:00.000,Unit Standard Based,1900-01-01 00:00:00.000,1900-01-01 00:00:00.000,1900-01-01 00:00:00.000,1900-01-01 00:00:00.000,N,N,0,ref:ZZLkpNqfLevel:ZZNqfLevel:3;ref:ZZLkpQualityAssuranceBody:ZZQualityAssuranceBody:57;ref:ZZLkpQualificationType:ZZQualificationType:1
*,15,Y,"21842",National Certificate: Surface Mining Rockbreaking ,147,2006-11-07 00:00:00.000,2009-11-07 00:00:00.000,2010-11-07 00:00:00.000,1900-01-01 00:00:00.000,Unit Standard Based,1900-01-01 00:00:00.000,1900-01-01 00:00:00.000,1900-01-01 00:00:00.000,1900-01-01 00:00:00.000,N,N,0,ref:ZZLkpNqfLevel:ZZNqfLevel:2;ref:ZZLkpQualityAssuranceBody:ZZQualityAssuranceBody:57;ref:ZZLkpQualificationType:ZZQualificationType:1
*,16,Y,"49045",National Certificate in Lump Ore Beneficiation (L2),163,2004-12-02 00:00:00.000,2007-12-02 00:00:00.000,2008-12-02 00:00:00.000,1900-01-01 00:00:00.000,Unit Standard Based,1900-01-01 00:00:00.000,1900-01-01 00:00:00.000,1900-01-01 00:00:00.000,1900-01-01 00:00:00.000,N,N,0,ref:ZZLkpNqfLevel:ZZNqfLevel:2;ref:ZZLkpQualityAssuranceBody:ZZQualityAssuranceBody:57;ref:ZZLkpQualificationType:ZZQualificationType:1
*,17,Y,"48804","National Certificate Occupational Safety, Hygiene and Environment ",135,2007-08-07 00:00:00.000,2010-08-07 00:00:00.000,2011-08-07 00:00:00.000,1900-01-01 00:00:00.000,Unit Standard Based,1900-01-01 00:00:00.000,1900-01-01 00:00:00.000,1900-01-01 00:00:00.000,1900-01-01 00:00:00.000,N,N,0,ref:ZZLkpNqfLevel:ZZNqfLevel:2;ref:ZZLkpQualificationType:ZZQualificationType:1
*,18,Y,"50063",Further Education and Training Certificate in  Occupational Safety (Version1),145,2008-10-20 00:00:00.000,2011-10-20 00:00:00.000,2012-10-20 00:00:00.000,1900-01-01 00:00:00.000,Unit Standard Based,1900-01-01 00:00:00.000,1900-01-01 00:00:00.000,1900-01-01 00:00:00.000,1900-01-01 00:00:00.000,N,N,0,ref:ZZLkpNqfLevel:ZZNqfLevel:4;ref:ZZLkpQualificationType:ZZQualificationType:1
*,19,Y,"58248",National Certificate in Laboratory Practice,120,2007-06-27 00:00:00.000,2010-06-27 00:00:00.000,2011-06-27 00:00:00.000,1900-01-01 00:00:00.000,Unit Standard Based,1900-01-01 00:00:00.000,1900-01-01 00:00:00.000,1900-01-01 00:00:00.000,1900-01-01 00:00:00.000,N,N,0,ref:ZZLkpNqfLevel:ZZNqfLevel:2;ref:ZZLkpQualityAssuranceBody:ZZQualityAssuranceBody:57;ref:ZZLkpQualificationType:ZZQualificationType:1;ZZLkpOfoOccupationTree:ZZLkpOfoOccupationTree_ID:102
*,20,Y,"48696 ",National Certificate  Measurement  Control and Instrumentation ,175,2007-04-03 00:00:00.000,2010-04-03 00:00:00.000,2011-04-03 00:00:00.000,1900-01-01 00:00:00.000,Unit Standard Based,1900-01-01 00:00:00.000,1900-01-01 00:00:00.000,1900-01-01 00:00:00.000,1900-01-01 00:00:00.000,N,N,0,ref:ZZLkpNqfLevel:ZZNqfLevel:3;ref:ZZLkpQualificationType:ZZQualificationType:1;ZZLkpOfoOccupationTree:ZZLkpOfoOccupationTree_ID:1112
*,21,Y,"35927",Further Education and Training Certificate in  Payroll Administration Services,153,2006-11-07 00:00:00.000,2009-11-07 00:00:00.000,2010-11-07 00:00:00.000,1900-01-01 00:00:00.000,Unit Standard Based,1900-01-01 00:00:00.000,1900-01-01 00:00:00.000,1900-01-01 00:00:00.000,1900-01-01 00:00:00.000,N,N,0,ref:ZZLkpNqfLevel:ZZNqfLevel:4;ref:ZZLkpQualificationType:ZZQualificationType:1
*,22,Y,"48695",National Certificate Measurement Control and Instrumentation,137,2007-04-03 00:00:00.000,2010-04-03 00:00:00.000,2011-04-03 00:00:00.000,1900-01-01 00:00:00.000,Unit Standard Based,1900-01-01 00:00:00.000,1900-01-01 00:00:00.000,1900-01-01 00:00:00.000,1900-01-01 00:00:00.000,N,N,0,ref:ZZLkpNqfLevel:ZZNqfLevel:2;ref:ZZLkpQualificationType:ZZQualificationType:1;ZZLkpOfoOccupationTree:ZZLkpOfoOccupationTree_ID:1112
*,23,Y,"21811",National Certificate: Introduction to Mining and Minerals V2,120,2005-08-23 00:00:00.000,2008-08-23 00:00:00.000,2009-08-23 00:00:00.000,1900-01-01 00:00:00.000,Unit Standard Based,1900-01-01 00:00:00.000,1900-01-01 00:00:00.000,1900-01-01 00:00:00.000,1900-01-01 00:00:00.000,N,N,0,ref:ZZLkpNqfLevel:ZZNqfLevel:1;ref:ZZLkpQualityAssuranceBody:ZZQualityAssuranceBody:57;ref:ZZLkpQualificationType:ZZQualificationType:1
*,24,Y,"35926",National Certificate in Payroll Administration Services,240,2006-11-07 00:00:00.000,2009-11-07 00:00:00.000,2010-11-07 00:00:00.000,1900-01-01 00:00:00.000,Non Unit Standard Based,1900-01-01 00:00:00.000,1900-01-01 00:00:00.000,1900-01-01 00:00:00.000,1900-01-01 00:00:00.000,N,N,0,ref:ZZLkpNqfLevel:ZZNqfLevel:5;ref:ZZLkpQualityAssuranceBody:ZZQualityAssuranceBody:57;ref:ZZLkpQualificationType:ZZQualificationType:2
*,25,Y,"48914",National Certificate in  Associate General Accountant,547,2007-04-03 00:00:00.000,2010-04-03 00:00:00.000,2011-04-03 00:00:00.000,1900-01-01 00:00:00.000,Non Unit Standard Based,1900-01-01 00:00:00.000,1900-01-01 00:00:00.000,1900-01-01 00:00:00.000,1900-01-01 00:00:00.000,N,N,0,ref:ZZLkpNqfLevel:ZZNqfLevel:6;ref:ZZLkpQualificationType:ZZQualificationType:2
*,26,Y,"22860",Further Education and Training Certificate in Autotronics,135,2006-11-07 00:00:00.000,2009-11-07 00:00:00.000,2010-11-07 00:00:00.000,1900-01-01 00:00:00.000,Unit Standard Based,1900-01-01 00:00:00.000,1900-01-01 00:00:00.000,1900-01-01 00:00:00.000,1900-01-01 00:00:00.000,N,N,0,ref:ZZLkpNqfLevel:ZZNqfLevel:4;ref:ZZLkpQualificationType:ZZQualificationType:1
*,27,N,"22858",National Certificate Autotronics,128,2006-11-07 00:00:00.000,2009-11-07 00:00:00.000,2010-11-07 00:00:00.000,1900-01-01 00:00:00.000,Unit Standard Based,1900-01-01 00:00:00.000,1900-01-01 00:00:00.000,1900-01-01 00:00:00.000,1900-01-01 00:00:00.000,N,N,0,ref:ZZLkpNqfLevel:ZZNqfLevel:2;ref:ZZLkpQualificationType:ZZQualificationType:1
*,28,Y,"48912",National Certificate in  Chartered Accountant Financial Management,698,2006-07-01 00:00:00.000,2009-07-01 00:00:00.000,2010-07-01 00:00:00.000,1900-01-01 00:00:00.000,Non Unit Standard Based,1900-01-01 00:00:00.000,1900-01-01 00:00:00.000,1900-01-01 00:00:00.000,1900-01-01 00:00:00.000,N,N,0,ref:ZZLkpNqfLevel:ZZNqfLevel:7;ref:ZZLkpQualificationType:ZZQualificationType:2
*,29,Y,"24493",National Certificate in  Management,120,2006-05-02 00:00:00.000,2009-05-02 00:00:00.000,2010-05-02 00:00:00.000,2024-01-01 00:00:00.000,Non Unit Standard Based,1900-01-01 00:30:00.000,1900-01-01 00:30:00.000,1900-01-01 00:30:00.000,1900-01-01 00:30:00.000,N,N,0,ref:ZZLkpNqfLevel:ZZNqfLevel:5;ref:ZZLkpQualityAssuranceBody:ZZQualityAssuranceBody:65;ref:ZZLkpQualificationType:ZZQualificationType:2
*,30,Y,"13716",National Certificate Professional Driving,120,2003-12-03 00:00:00.000,2006-12-03 00:00:00.000,2007-12-03 00:00:00.000,1900-01-01 00:00:00.000,Non Unit Standard Based,1900-01-01 00:00:00.000,1900-01-01 00:00:00.000,1900-01-01 00:00:00.000,1900-01-01 00:00:00.000,N,N,0,ref:ZZLkpNqfLevel:ZZNqfLevel:3;ref:ZZLkpQualityAssuranceBody:ZZQualityAssuranceBody:57;ref:ZZLkpQualificationType:ZZQualificationType:2
*,31,Y,"22671",National Certificate in Construction Masonry,120,2006-08-01 00:00:00.000,2009-08-01 00:00:00.000,2010-08-01 00:00:00.000,1900-01-01 00:00:00.000,Unit Standard Based,1900-01-01 00:00:00.000,1900-01-01 00:00:00.000,1900-01-01 00:00:00.000,1900-01-01 00:00:00.000,N,N,0,ref:ZZLkpNqfLevel:ZZNqfLevel:3;ref:ZZLkpQualificationType:ZZQualificationType:1
*,32,Y,"21853",National Certificate: Construction Plumbing,159,2006-08-01 00:00:00.000,2009-08-01 00:00:00.000,2010-08-01 00:00:00.000,1900-01-01 00:00:00.000,Unit Standard Based,1900-01-01 00:00:00.000,1900-01-01 00:00:00.000,1900-01-01 00:00:00.000,1900-01-01 00:00:00.000,N,N,0,ref:ZZLkpNqfLevel:ZZNqfLevel:3;ref:ZZLkpQualificationType:ZZQualificationType:1
*,33,Y,"22670",National Certificate: Construction Carpentry,120,2006-08-01 00:00:00.000,2009-08-01 00:00:00.000,2010-08-01 00:00:00.000,1900-01-01 00:00:00.000,Unit Standard Based,1900-01-01 00:00:00.000,1900-01-01 00:00:00.000,1900-01-01 00:00:00.000,1900-01-01 00:00:00.000,N,N,0,ref:ZZLkpNqfLevel:ZZNqfLevel:3;ref:ZZLkpQualificationType:ZZQualificationType:1
*,34,Y,"24273",National Certificate: Community House Building,124,2006-08-01 00:00:00.000,2009-08-01 00:00:00.000,2010-08-01 00:00:00.000,1900-01-01 00:00:00.000,Unit Standard Based,1900-01-01 00:00:00.000,1900-01-01 00:00:00.000,1900-01-01 00:00:00.000,1900-01-01 00:00:00.000,N,N,0,ref:ZZLkpNqfLevel:ZZNqfLevel:2;ref:ZZLkpQualificationType:ZZQualificationType:1
*,35,Y,"22490",National Certificate General Security Practice,124,2005-11-01 00:00:00.000,2008-11-01 00:00:00.000,2009-11-01 00:00:00.000,1900-01-01 00:00:00.000,Non Unit Standard Based,1900-01-01 00:00:00.000,1900-01-01 00:00:00.000,1900-01-01 00:00:00.000,1900-01-01 00:00:00.000,N,N,0,ref:ZZLkpNqfLevel:ZZNqfLevel:3;ref:ZZLkpQualificationType:ZZQualificationType:2
*,36,Y,"21854",Further Education and Training Certificate in Use of Firearms,155,2005-11-01 00:00:00.000,2008-11-01 00:00:00.000,2009-11-01 00:00:00.000,1900-01-01 00:00:00.000,Non Unit Standard Based,1900-01-01 00:00:00.000,1900-01-01 00:00:00.000,1900-01-01 00:00:00.000,1900-01-01 00:00:00.000,N,N,0,ref:ZZLkpNqfLevel:ZZNqfLevel:4;ref:ZZLkpQualificationType:ZZQualificationType:2
*,37,Y,"13739","Further Education and Training Certificate in Occupation-directed Education, Training and Developmen",126,2000-10-11 00:00:00.000,2003-10-11 00:00:00.000,2004-10-11 00:00:00.000,1900-01-01 00:00:00.000,Unit Standard Based,1900-01-01 00:00:00.000,1900-01-01 00:00:00.000,1900-01-01 00:00:00.000,1900-01-01 00:00:00.000,N,N,0,ref:ZZLkpNqfLevel:ZZNqfLevel:4;ref:ZZLkpQualityAssuranceBody:ZZQualityAssuranceBody:57;ref:ZZLkpQualificationType:ZZQualificationType:1
*,38,Y,"15541",National Certificate in Abet Practice,120,2007-12-07 00:00:00.000,2010-12-07 00:00:00.000,2011-12-07 00:00:00.000,1900-01-01 00:00:00.000,Non Unit Standard Based,1900-01-01 00:00:00.000,1900-01-01 00:00:00.000,1900-01-01 00:00:00.000,1900-01-01 00:00:00.000,N,N,0,ref:ZZLkpNqfLevel:ZZNqfLevel:5;ref:ZZLkpQualificationType:ZZQualificationType:2
*,39,Y,"12037",National Certificate in Education: Training and Development,128,2006-01-07 00:00:00.000,2009-01-07 00:00:00.000,2010-01-07 00:00:00.000,1900-01-01 00:00:00.000,Non Unit Standard Based,1900-01-01 00:00:00.000,1900-01-01 00:00:00.000,1900-01-01 00:00:00.000,1900-01-01 00:00:00.000,N,N,0,ref:ZZLkpNqfLevel:ZZNqfLevel:2;ref:ZZLkpQualificationType:ZZQualificationType:2
*,40,Y,"20838",Further Education and Training Certificate in   ABET Practice,120,2006-11-07 00:00:00.000,2009-11-07 00:00:00.000,2010-11-07 00:00:00.000,1900-01-01 00:00:00.000,Unit Standard Based,1900-01-01 00:00:00.000,1900-01-01 00:00:00.000,1900-01-01 00:00:00.000,1900-01-01 00:00:00.000,N,N,0,ref:ZZLkpNqfLevel:ZZNqfLevel:4;ref:ZZLkpQualificationType:ZZQualificationType:1
*,41,Y,"49091",National Certificate in Furniture Making Wood,125,2007-10-30 00:00:00.000,2010-10-30 00:00:00.000,2011-10-30 00:00:00.000,1900-01-01 00:00:00.000,Unit Standard Based,1900-01-01 00:00:00.000,1900-01-01 00:00:00.000,1900-01-01 00:00:00.000,1900-01-01 00:00:00.000,N,N,0,ref:ZZLkpNqfLevel:ZZNqfLevel:2;ref:ZZLkpQualificationType:ZZQualificationType:1
*,42,Y,"49105",National Certificate Furniture Making Wood,122,2007-10-30 00:00:00.000,2010-10-30 00:00:00.000,2011-10-30 00:00:00.000,1900-01-01 00:00:00.000,Unit Standard Based,1900-01-01 00:00:00.000,1900-01-01 00:00:00.000,1900-01-01 00:00:00.000,1900-01-01 00:00:00.000,N,N,0,ref:ZZLkpNqfLevel:ZZNqfLevel:3;ref:ZZLkpQualityAssuranceBody:ZZQualityAssuranceBody:57;ref:ZZLkpQualificationType:ZZQualificationType:1
*,43,Y,"49092",Further Education and Training Certificate in Furniture Making Specialism,155,2007-10-30 00:00:00.000,2010-10-30 00:00:00.000,2011-10-30 00:00:00.000,1900-01-01 00:00:00.000,Unit Standard Based,1900-01-01 00:00:00.000,1900-01-01 00:00:00.000,1900-01-01 00:00:00.000,1900-01-01 00:00:00.000,N,N,0,ref:ZZLkpNqfLevel:ZZNqfLevel:4;ref:ZZLkpQualityAssuranceBody:ZZQualityAssuranceBody:57;ref:ZZLkpQualificationType:ZZQualificationType:1
*,44,N,"23255",National Certificate Mechanical Engineering Fitting and Machining,174,2018-07-01 00:00:00.000,2024-06-30 00:00:00.000,2024-06-30 00:00:00.000,1900-01-01 00:00:00.000,Unit Standard Based,1900-01-01 00:00:00.000,1900-01-01 00:00:00.000,1900-01-01 00:00:00.000,1900-01-01 00:00:00.000,N,N,0,ref:ZZLkpNqfLevel:ZZNqfLevel:3;ref:ZZLkpQualificationType:ZZQualificationType:1;ZZLkpOfoOccupationTree:ZZLkpOfoOccupationTree_ID:1102
*,45,Y,"49046",National Certificate in Lump Ore Beneficiation (L3),120,2007-10-30 00:00:00.000,2010-10-30 00:00:00.000,2011-10-30 00:00:00.000,1900-01-01 00:00:00.000,Unit Standard Based,1900-01-01 00:00:00.000,1900-01-01 00:00:00.000,1900-01-01 00:00:00.000,1900-01-01 00:00:00.000,N,N,0,ref:ZZLkpNqfLevel:ZZNqfLevel:3;ref:ZZLkpQualityAssuranceBody:ZZQualityAssuranceBody:57;ref:ZZLkpQualificationType:ZZQualificationType:1
*,46,Y,"49049",Further Education and Training Certificate in Lump Ore Beneficiation,135,2007-04-03 00:00:00.000,2010-04-03 00:00:00.000,2011-04-03 00:00:00.000,1900-01-01 00:00:00.000,Unit Standard Based,1900-01-01 00:00:00.000,1900-01-01 00:00:00.000,1900-01-01 00:00:00.000,1900-01-01 00:00:00.000,N,N,0,ref:ZZLkpNqfLevel:ZZNqfLevel:4;ref:ZZLkpQualityAssuranceBody:ZZQualityAssuranceBody:57;ref:ZZLkpQualificationType:ZZQualificationType:1
*,47,Y,"49044","National Certificate in Mineral Processing, Gold Extraction",124,2007-10-30 00:00:00.000,2010-10-30 00:00:00.000,2011-10-30 00:00:00.000,1900-01-01 00:00:00.000,Unit Standard Based,1900-01-01 00:00:00.000,1900-01-01 00:00:00.000,1900-01-01 00:00:00.000,1900-01-01 00:00:00.000,N,N,0,ref:ZZLkpNqfLevel:ZZNqfLevel:3;ref:ZZLkpQualityAssuranceBody:ZZQualityAssuranceBody:57;ref:ZZLkpQualificationType:ZZQualificationType:1
*,48,Y,"57121",National Certificate in Rockbreaking: Quarrying,120,2006-12-11 00:00:00.000,2009-12-11 00:00:00.000,2010-12-11 00:00:00.000,1900-01-01 00:00:00.000,Unit Standard Based,1900-01-01 00:00:00.000,1900-01-01 00:00:00.000,1900-01-01 00:00:00.000,1900-01-01 00:00:00.000,N,N,0,ref:ZZLkpNqfLevel:ZZNqfLevel:3;ref:ZZLkpQualityAssuranceBody:ZZQualityAssuranceBody:57;ref:ZZLkpQualificationType:ZZQualificationType:1
*,49,Y,"58186",National Certificate in Sulphuric Acid Production,134,2007-01-01 00:00:00.000,2010-01-01 00:00:00.000,2011-01-01 00:00:00.000,1900-01-01 00:00:00.000,Unit Standard Based,1900-01-01 00:00:00.000,1900-01-01 00:00:00.000,1900-01-01 00:00:00.000,1900-01-01 00:00:00.000,N,N,0,ref:ZZLkpNqfLevel:ZZNqfLevel:3;ref:ZZLkpQualificationType:ZZQualificationType:1
*,50,Y,"58226",National Certificate in Sulphuric Acid Production,166,2007-01-01 00:00:00.000,2010-01-01 00:00:00.000,2011-01-01 00:00:00.000,1900-01-01 00:00:00.000,Non Unit Standard Based,1900-01-01 00:00:00.000,1900-01-01 00:00:00.000,1900-01-01 00:00:00.000,1900-01-01 00:00:00.000,N,N,0,ref:ZZLkpNqfLevel:ZZNqfLevel:2;ref:ZZLkpQualityAssuranceBody:ZZQualityAssuranceBody:57;ref:ZZLkpQualificationType:ZZQualificationType:2
*,51,Y,"58228",Further Education and Training Certificate in Sulphuric Acid Production,146,2007-01-01 00:00:00.000,2010-01-01 00:00:00.000,2011-01-01 00:00:00.000,1900-01-01 00:00:00.000,Unit Standard Based,1900-01-01 00:00:00.000,1900-01-01 00:00:00.000,1900-01-01 00:00:00.000,1900-01-01 00:00:00.000,N,N,0,ref:ZZLkpNqfLevel:ZZNqfLevel:4;ref:ZZLkpQualityAssuranceBody:ZZQualityAssuranceBody:57;ref:ZZLkpQualificationType:ZZQualificationType:1
*,52,Y,"50082",Further Education and Training Certificate in  Minerals Surveying,148,2018-07-01 00:00:00.000,2026-06-30 00:00:00.000,2026-06-30 00:00:00.000,2029-06-30 00:00:00.000,Unit Standard Based,1900-01-01 00:00:00.000,1900-01-01 00:00:00.000,1900-01-01 00:00:00.000,1900-01-01 00:00:00.000,N,N,0,ref:ZZLkpNqfLevel:ZZNqfLevel:4;ref:ZZLkpQualityAssuranceBody:ZZQualityAssuranceBody:57;ref:ZZLkpQualificationType:ZZQualificationType:1;ZZLkpOfoOccupationTree:ZZLkpOfoOccupationTree_ID:528
*,53,Y,"48972",National Certificate: Plant Production,120,2007-10-30 00:00:00.000,2010-10-30 00:00:00.000,2011-10-30 00:00:00.000,1900-01-01 00:00:00.000,Unit Standard Based,1900-01-01 00:00:00.000,1900-01-01 00:00:00.000,1900-01-01 00:00:00.000,1900-01-01 00:00:00.000,N,N,0,ref:ZZLkpNqfLevel:ZZNqfLevel:1;ref:ZZLkpQualificationType:ZZQualificationType:1
*,54,Y,"21839",National Certificate In Mining Operations Underground Hardrock Narrow Tabular (Version1),159,2002-06-12 00:00:00.000,2005-06-12 00:00:00.000,2006-06-12 00:00:00.000,1900-01-01 00:00:00.000,Unit Standard Based,1900-01-01 00:00:00.000,1900-01-01 00:00:00.000,1900-01-01 00:00:00.000,1900-01-01 00:00:00.000,N,N,0,ref:ZZLkpNqfLevel:ZZNqfLevel:2;ref:ZZLkpQualityAssuranceBody:ZZQualityAssuranceBody:57;ref:ZZLkpQualificationType:ZZQualificationType:1
*,55,Y,"21840",National Certificate in Rockbreaking Underground Hardrock Narrow Tabular (Version1),140,2002-06-12 00:00:00.000,2005-06-12 00:00:00.000,2006-06-12 00:00:00.000,1900-01-01 00:00:00.000,Unit Standard Based,1900-01-01 00:00:00.000,1900-01-01 00:00:00.000,1900-01-01 00:00:00.000,1900-01-01 00:00:00.000,N,N,0,ref:ZZLkpNqfLevel:ZZNqfLevel:3;ref:ZZLkpQualityAssuranceBody:ZZQualityAssuranceBody:57;ref:ZZLkpQualificationType:ZZQualificationType:1
*,56,Y,"14115",National Certificate in Fast Food Services,138,2007-08-07 00:00:00.000,2010-08-07 00:00:00.000,2011-08-07 00:00:00.000,1900-01-01 00:00:00.000,Non Unit Standard Based,1900-01-01 00:00:00.000,1900-01-01 00:00:00.000,1900-01-01 00:00:00.000,1900-01-01 00:00:00.000,N,N,0,ref:ZZLkpNqfLevel:ZZNqfLevel:3;ref:ZZLkpQualificationType:ZZQualificationType:2
*,57,Y,"23654",National Certificate in Generic Management,120,2006-05-02 00:00:00.000,2012-06-30 00:00:00.000,2013-06-30 00:00:00.000,1900-01-01 00:00:00.000,Unit Standard Based,1900-01-01 00:00:00.000,1900-01-01 00:00:00.000,1900-01-01 00:00:00.000,1900-01-01 00:00:00.000,N,N,0,ref:ZZLkpNqfLevel:ZZNqfLevel:3;ref:ZZLkpQualificationType:ZZQualificationType:1
*,58,Y,"23656",Further Education and Training Certificate in Management,140,2006-03-14 00:00:00.000,2009-03-14 00:00:00.000,2010-03-14 00:00:00.000,1900-01-01 00:00:00.000,Unit Standard Based,1900-01-01 00:00:00.000,1900-01-01 00:00:00.000,1900-01-01 00:00:00.000,1900-01-01 00:00:00.000,N,N,0,ref:ZZLkpNqfLevel:ZZNqfLevel:4;ref:ZZLkpQualificationType:ZZQualificationType:1
*,59,Y,"58274",Further Education and Training Certificate in Jewellery Setting Processes,146,2018-07-01 00:00:00.000,2026-06-30 00:00:00.000,2026-06-30 00:00:00.000,2029-06-30 00:00:00.000,Unit Standard Based,1900-01-01 00:00:00.000,1900-01-01 00:00:00.000,1900-01-01 00:00:00.000,1900-01-01 00:00:00.000,N,N,0,ref:ZZLkpNqfLevel:ZZNqfLevel:4;ref:ZZLkpQualityAssuranceBody:ZZQualityAssuranceBody:57;ref:ZZLkpQualificationType:ZZQualificationType:1;ZZLkpOfoOccupationTree:ZZLkpOfoOccupationTree_ID:1117
*,60,Y,"22859",National Certificate in Autotronics,140,2006-11-07 00:00:00.000,2009-11-07 00:00:00.000,2010-11-07 00:00:00.000,1900-01-01 00:00:00.000,Unit Standard Based,1900-01-01 00:00:00.000,1900-01-01 00:00:00.000,1900-01-01 00:00:00.000,1900-01-01 00:00:00.000,N,N,0,ref:ZZLkpNqfLevel:ZZNqfLevel:3;ref:ZZLkpQualificationType:ZZQualificationType:1
*,61,Y,"48918",Further Education and Training Certificate in Measurement Control and Instrumentation,120,2007-08-07 00:00:00.000,2010-08-07 00:00:00.000,2011-08-07 00:00:00.000,1900-01-01 00:00:00.000,Non Unit Standard Based,1900-01-01 00:00:00.000,1900-01-01 00:00:00.000,1900-01-01 00:00:00.000,1900-01-01 00:00:00.000,N,N,0,ref:ZZLkpNqfLevel:ZZNqfLevel:6;ref:ZZLkpQualityAssuranceBody:ZZQualityAssuranceBody:57;ref:ZZLkpQualificationType:ZZQualificationType:2;ZZLkpOfoOccupationTree:ZZLkpOfoOccupationTree_ID:1112
*,62,Y,"50309",Further Education and Training Certificate: Environmental Practice,140,2006-04-20 00:00:00.000,2009-04-20 00:00:00.000,2010-04-20 00:00:00.000,1900-01-01 00:00:00.000,Unit Standard Based,1900-01-01 00:00:00.000,1900-01-01 00:00:00.000,1900-01-01 00:00:00.000,1900-01-01 00:00:00.000,N,N,0,ref:ZZLkpNqfLevel:ZZNqfLevel:4;ref:ZZLkpQualificationType:ZZQualificationType:1
*,63,Y,"49596",National Certificate: Radiation Monitoring,120,2008-06-24 00:00:00.000,2011-06-24 00:00:00.000,2012-06-24 00:00:00.000,1900-01-01 00:00:00.000,Non Unit Standard Based,1900-01-01 00:00:00.000,1900-01-01 00:00:00.000,1900-01-01 00:00:00.000,1900-01-01 00:00:00.000,N,N,0,ref:ZZLkpNqfLevel:ZZNqfLevel:3;ref:ZZLkpQualificationType:ZZQualificationType:2
*,64,Y,"57692",Further Education and Training Certificate: Carbonate Materials Manufacturing Processes,159,2018-07-01 00:00:00.000,2026-06-30 00:00:00.000,2026-06-30 00:00:00.000,2029-06-30 00:00:00.000,Unit Standard Based,1900-01-01 00:00:00.000,1900-01-01 00:00:00.000,1900-01-01 00:00:00.000,1900-01-01 00:00:00.000,N,N,0,ref:ZZLkpNqfLevel:ZZNqfLevel:4;ref:ZZLkpQualityAssuranceBody:ZZQualityAssuranceBody:57;ref:ZZLkpQualificationType:ZZQualificationType:1;ZZLkpOfoOccupationTree:ZZLkpOfoOccupationTree_ID:1444
*,65,Y,"57876",Further Education and Training Certificate: Jewellery Manufacturing Operations,150,2018-07-01 00:00:00.000,2027-06-30 00:00:00.000,2027-06-30 00:00:00.000,1900-01-01 00:00:00.000,Unit Standard Based,1900-01-01 00:00:00.000,1900-01-01 00:00:00.000,1900-01-01 00:00:00.000,1900-01-01 00:00:00.000,N,N,0,ref:ZZLkpNqfLevel:ZZNqfLevel:4;ref:ZZLkpQualityAssuranceBody:ZZQualityAssuranceBody:57;ref:ZZLkpQualificationType:ZZQualificationType:1;ZZLkpOfoOccupationTree:ZZLkpOfoOccupationTree_ID:1272
*,66,Y,"57875",Further Education and Training Certificate: Jewellery Designing,146,2018-07-01 00:00:00.000,2027-06-30 00:00:00.000,2027-06-30 00:00:00.000,1900-01-01 00:00:00.000,Unit Standard Based,1900-01-01 00:00:00.000,1900-01-01 00:00:00.000,1900-01-01 00:00:00.000,1900-01-01 00:00:00.000,N,N,0,ref:ZZLkpNqfLevel:ZZNqfLevel:4;ref:ZZLkpQualityAssuranceBody:ZZQualityAssuranceBody:57;ref:ZZLkpQualificationType:ZZQualificationType:1;ZZLkpOfoOccupationTree:ZZLkpOfoOccupationTree_ID:1117
*,67,Y,"60295",Further Education and Training Certificate: Electro-Mechanics: Mining and Minerals,171,2018-07-01 00:00:00.000,2026-06-30 00:00:00.000,2026-06-30 00:00:00.000,2029-06-30 00:00:00.000,Unit Standard Based,1900-01-01 00:00:00.000,1900-01-01 00:00:00.000,1900-01-01 00:00:00.000,1900-01-01 00:00:00.000,N,N,0,ref:ZZLkpNqfLevel:ZZNqfLevel:4;ref:ZZLkpQualityAssuranceBody:ZZQualityAssuranceBody:57;ref:ZZLkpQualificationType:ZZQualificationType:1;ZZLkpOfoOccupationTree:ZZLkpOfoOccupationTree_ID:1167
*,68,Y,"58267",General Education and Training Certificate: Mining and Minerals Processes,120,2018-07-01 00:00:00.000,2026-06-30 00:00:00.000,2026-06-30 00:00:00.000,2029-06-30 00:00:00.000,Unit Standard Based,1900-01-01 00:00:00.000,1900-01-01 00:00:00.000,1900-01-01 00:00:00.000,1900-01-01 00:00:00.000,N,N,0,ref:ZZLkpNqfLevel:ZZNqfLevel:1;ref:ZZLkpQualityAssuranceBody:ZZQualityAssuranceBody:57;ref:ZZLkpQualificationType:ZZQualificationType:1
*,69,Y,"60293",National Certificate: Electro-Mechanics: Mining and Minerals,166,2018-07-01 00:00:00.000,2027-06-30 00:00:00.000,2027-06-30 00:00:00.000,1900-01-01 00:00:00.000,Unit Standard Based,1900-01-01 00:00:00.000,1900-01-01 00:00:00.000,1900-01-01 00:00:00.000,1900-01-01 00:00:00.000,N,N,0,ref:ZZLkpNqfLevel:ZZNqfLevel:2;ref:ZZLkpQualityAssuranceBody:ZZQualityAssuranceBody:57;ref:ZZLkpQualificationType:ZZQualificationType:1
*,70,Y,"60294",National Certificate: Electro-Mechanics: Mining and Minerals,141,2018-07-01 00:00:00.000,2026-06-30 00:00:00.000,2026-06-30 00:00:00.000,2029-06-30 00:00:00.000,Unit Standard Based,1900-01-01 00:00:00.000,1900-01-01 00:00:00.000,1900-01-01 00:00:00.000,1900-01-01 00:00:00.000,N,N,0,ref:ZZLkpNqfLevel:ZZNqfLevel:3;ref:ZZLkpQualityAssuranceBody:ZZQualityAssuranceBody:57;ref:ZZLkpQualificationType:ZZQualificationType:1;ZZLkpOfoOccupationTree:ZZLkpOfoOccupationTree_ID:1167
*,71,Y,"2663/05",Continous Processes: Chemical Operations,120,2007-01-01 00:00:00.000,2010-01-01 00:00:00.000,2011-01-01 00:00:00.000,1900-01-01 00:00:00.000,Non Unit Standard Based,1900-01-01 00:00:00.000,1900-01-01 00:00:00.000,1900-01-01 00:00:00.000,1900-01-01 00:00:00.000,N,N,0,ref:ZZLkpQualificationType:ZZQualificationType:2
*,72,Y,"58739",National Certificate: Mining Operations for Underground Hard Rock,130,2018-07-01 00:00:00.000,2027-06-30 00:00:00.000,2027-06-30 00:00:00.000,1900-01-01 00:00:00.000,Unit Standard Based,1900-01-01 00:00:00.000,1900-01-01 00:00:00.000,1900-01-01 00:00:00.000,1900-01-01 00:00:00.000,N,N,0,ref:ZZLkpNqfLevel:ZZNqfLevel:2;ref:ZZLkpQualityAssuranceBody:ZZQualityAssuranceBody:57;ref:ZZLkpQualificationType:ZZQualificationType:1;ZZLkpOfoOccupationTree:ZZLkpOfoOccupationTree_ID:1256
*,73,Y,"58760",National Certificate: Rock Breaking Underground Hard Rock (Version 3),126,2018-07-01 00:00:00.000,2027-06-30 00:00:00.000,2027-06-30 00:00:00.000,1900-01-01 00:00:00.000,Unit Standard Based,1900-01-01 00:00:00.000,1900-01-01 00:00:00.000,1900-01-01 00:00:00.000,1900-01-01 00:00:00.000,N,N,0,ref:ZZLkpNqfLevel:ZZNqfLevel:3;ref:ZZLkpQualityAssuranceBody:ZZQualityAssuranceBody:57;ref:ZZLkpQualificationType:ZZQualificationType:1;ZZLkpOfoOccupationTree:ZZLkpOfoOccupationTree_ID:1256
*,74,Y,"60290",National Certificate Engineering Fabrication: Mining and Minerals,148,2018-07-01 00:00:00.000,2026-06-30 00:00:00.000,2026-06-30 00:00:00.000,2029-06-30 00:00:00.000,Unit Standard Based,1900-01-01 00:00:00.000,1900-01-01 00:00:00.000,1900-01-01 00:00:00.000,1900-01-01 00:00:00.000,N,N,0,ref:ZZLkpNqfLevel:ZZNqfLevel:2;ref:ZZLkpQualityAssuranceBody:ZZQualityAssuranceBody:57;ref:ZZLkpQualificationType:ZZQualificationType:1;ZZLkpOfoOccupationTree:ZZLkpOfoOccupationTree_ID:192
*,75,Y,"60291",National Ceritificate Engineering Fabrication: Mining and Minerals,138,2018-07-01 00:00:00.000,2026-06-30 00:00:00.000,2026-06-30 00:00:00.000,2029-06-30 00:00:00.000,Unit Standard Based,1900-01-01 00:00:00.000,1900-01-01 00:00:00.000,1900-01-01 00:00:00.000,1900-01-01 00:00:00.000,N,N,0,ref:ZZLkpNqfLevel:ZZNqfLevel:3;ref:ZZLkpQualificationType:ZZQualificationType:1;ZZLkpOfoOccupationTree:ZZLkpOfoOccupationTree_ID:192
*,76,Y,"60292",Further Education and Training Certificate in Engineering Fabrication: Mining and Minerals,141,2018-07-01 00:00:00.000,2026-06-30 00:00:00.000,2026-06-30 00:00:00.000,2029-06-30 00:00:00.000,Unit Standard Based,1900-01-01 00:00:00.000,1900-01-01 00:00:00.000,1900-01-01 00:00:00.000,1900-01-01 00:00:00.000,N,N,0,ref:ZZLkpNqfLevel:ZZNqfLevel:4;ref:ZZLkpQualificationType:ZZQualificationType:1;ZZLkpOfoOccupationTree:ZZLkpOfoOccupationTree_ID:192
*,77,Y,"20907",National Certificate in Customer Management,120,2005-09-13 00:00:00.000,2008-09-13 00:00:00.000,2009-09-13 00:00:00.000,1900-01-01 00:00:00.000,Unit Standard Based,1900-01-01 00:00:00.000,1900-01-01 00:00:00.000,1900-01-01 00:00:00.000,1900-01-01 00:00:00.000,N,N,0,ref:ZZLkpNqfLevel:ZZNqfLevel:4;ref:ZZLkpQualificationType:ZZQualificationType:1
*,78,Y,"50334",National Certificate in Occupationally Directed Education Training and Develpment Practivrd,120,2006-08-30 00:00:00.000,2009-08-30 00:00:00.000,2010-08-30 00:00:00.000,1900-01-01 00:00:00.000,Unit Standard Based,1900-01-01 00:00:00.000,1900-01-01 00:00:00.000,1900-01-01 00:00:00.000,1900-01-01 00:00:00.000,N,N,0,ref:ZZLkpNqfLevel:ZZNqfLevel:5;ref:ZZLkpQualificationType:ZZQualificationType:1
*,79,Y,"58952",further Education and Training Certificate: Laboratory Analysis,140,2007-10-18 00:00:00.000,2010-10-18 00:00:00.000,2011-10-18 00:00:00.000,1900-01-01 00:00:00.000,Unit Standard Based,1900-01-01 00:00:00.000,1900-01-01 00:00:00.000,1900-01-01 00:00:00.000,1900-01-01 00:00:00.000,N,N,0,ref:ZZLkpNqfLevel:ZZNqfLevel:4;ref:ZZLkpQualificationType:ZZQualificationType:1;ZZLkpOfoOccupationTree:ZZLkpOfoOccupationTree_ID:102
*,80,Y,"59305",National Certificate Mineral Processing,129,2018-07-01 00:00:00.000,2027-06-30 00:00:00.000,2027-06-30 00:00:00.000,1900-01-01 00:00:00.000,Unit Standard Based,1900-01-01 00:00:00.000,1900-01-01 00:00:00.000,1900-01-01 00:00:00.000,1900-01-01 00:00:00.000,N,N,0,ref:ZZLkpNqfLevel:ZZNqfLevel:2;ref:ZZLkpQualityAssuranceBody:ZZQualityAssuranceBody:57;ref:ZZLkpQualificationType:ZZQualificationType:1;ZZLkpOfoOccupationTree:ZZLkpOfoOccupationTree_ID:1258
*,81,Y,"59851",National Certificate: Diamond Processing,150,2018-07-01 00:00:00.000,2027-06-30 00:00:00.000,2027-06-30 00:00:00.000,1900-01-01 00:00:00.000,Unit Standard Based,1900-01-01 00:00:00.000,1900-01-01 00:00:00.000,1900-01-01 00:00:00.000,1900-01-01 00:00:00.000,N,N,0,ref:ZZLkpNqfLevel:ZZNqfLevel:3;ref:ZZLkpQualityAssuranceBody:ZZQualityAssuranceBody:57;ref:ZZLkpQualificationType:ZZQualificationType:1;ZZLkpOfoOccupationTree:ZZLkpOfoOccupationTree_ID:1117
*,82,Y,"59549",National Certificate: Strata Control Operations,123,2018-07-01 00:00:00.000,2027-06-30 00:00:00.000,2027-06-30 00:00:00.000,1900-01-01 00:00:00.000,Unit Standard Based,1900-01-01 00:00:00.000,1900-01-01 00:00:00.000,1900-01-01 00:00:00.000,1900-01-01 00:00:00.000,N,N,0,ref:ZZLkpNqfLevel:ZZNqfLevel:2;ref:ZZLkpQualityAssuranceBody:ZZQualityAssuranceBody:57;ref:ZZLkpQualificationType:ZZQualificationType:1;ZZLkpOfoOccupationTree:ZZLkpOfoOccupationTree_ID:57
*,83,Y,"60369",National Certificate Strata Contol operations,136,2018-07-01 00:00:00.000,2026-06-30 00:00:00.000,2026-06-30 00:00:00.000,2029-06-30 00:00:00.000,Unit Standard Based,1900-01-01 00:00:00.000,1900-01-01 00:00:00.000,1900-01-01 00:00:00.000,1900-01-01 00:00:00.000,N,N,0,ref:ZZLkpNqfLevel:ZZNqfLevel:3;ref:ZZLkpQualityAssuranceBody:ZZQualityAssuranceBody:57;ref:ZZLkpQualificationType:ZZQualificationType:1;ZZLkpOfoOccupationTree:ZZLkpOfoOccupationTree_ID:57
*,84,Y,"63477",National Certificate: Mechanical Engineering : Mining and Minerals,130,2018-07-01 00:00:00.000,2026-06-30 00:00:00.000,2026-06-30 00:00:00.000,2029-06-30 00:00:00.000,Unit Standard Based,1900-01-01 00:00:00.000,1900-01-01 00:00:00.000,1900-01-01 00:00:00.000,1900-01-01 00:00:00.000,N,N,0,ref:ZZLkpNqfLevel:ZZNqfLevel:2;ref:ZZLkpQualificationType:ZZQualificationType:1;ZZLkpOfoOccupationTree:ZZLkpOfoOccupationTree_ID:1090
*,85,Y,"63471",National Certificate: Mechanical Engineering: Fitting: Mining and Minerals,120,2018-07-01 00:00:00.000,2026-06-30 00:00:00.000,2026-06-30 00:00:00.000,2029-06-30 00:00:00.000,Unit Standard Based,1900-01-01 00:00:00.000,1900-01-01 00:00:00.000,1900-01-01 00:00:00.000,1900-01-01 00:00:00.000,N,N,0,ref:ZZLkpNqfLevel:ZZNqfLevel:3;ref:ZZLkpQualificationType:ZZQualificationType:1;ZZLkpOfoOccupationTree:ZZLkpOfoOccupationTree_ID:1090
*,86,Y,"63481",FETC: Mechanical Engineering : Fitting: Mining and Minerals,120,2018-07-01 00:00:00.000,2026-06-30 00:00:00.000,2026-06-30 00:00:00.000,2029-06-30 00:00:00.000,Unit Standard Based,1900-01-01 00:00:00.000,1900-01-01 00:00:00.000,1900-01-01 00:00:00.000,1900-01-01 00:00:00.000,N,N,0,ref:ZZLkpNqfLevel:ZZNqfLevel:4;ref:ZZLkpQualificationType:ZZQualificationType:1;ZZLkpOfoOccupationTree:ZZLkpOfoOccupationTree_ID:1090
*,87,Y,"60349",National Certificate: Mining Technical Support,125,2018-07-01 00:00:00.000,2027-06-30 00:00:00.000,2027-06-30 00:00:00.000,1900-01-01 00:00:00.000,Unit Standard Based,1900-01-01 00:00:00.000,1900-01-01 00:00:00.000,1900-01-01 00:00:00.000,1900-01-01 00:00:00.000,N,N,0,ref:ZZLkpNqfLevel:ZZNqfLevel:2;ref:ZZLkpQualityAssuranceBody:ZZQualityAssuranceBody:57;ref:ZZLkpQualificationType:ZZQualificationType:1;ZZLkpOfoOccupationTree:ZZLkpOfoOccupationTree_ID:814
*,88,Y,"23953 ",Further Education and Training Certificate: New Venture Creation (SMME) ,162,2008-05-13 00:00:00.000,2011-05-13 00:00:00.000,2012-05-13 00:00:00.000,1900-01-01 00:00:00.000,Unit Standard Based,1900-01-01 00:00:00.000,1900-01-01 00:00:00.000,1900-01-01 00:00:00.000,1900-01-01 00:00:00.000,N,N,0,ref:ZZLkpNqfLevel:ZZNqfLevel:4;ref:ZZLkpQualificationType:ZZQualificationType:1
*,89,N,"23630",National Certificate Plater/Boilermaker ,0,2018-07-01 00:00:00.000,2024-06-30 00:00:00.000,2024-06-30 00:00:00.000,1900-01-01 00:00:00.000,Unit Standard Based,1900-01-01 00:00:00.000,1900-01-01 00:00:00.000,1900-01-01 00:00:00.000,1900-01-01 00:00:00.000,N,N,0,ref:ZZLkpNqfLevel:ZZNqfLevel:3;ref:ZZLkpQualityAssuranceBody:ZZQualityAssuranceBody:57;ref:ZZLkpQualificationType:ZZQualificationType:1;ZZLkpOfoOccupationTree:ZZLkpOfoOccupationTree_ID:1074
*,90,N,"23631",National Certificate Plater/Welder ,0,2018-07-01 00:00:00.000,2024-06-30 00:00:00.000,2024-06-30 00:00:00.000,1900-01-01 00:00:00.000,Unit Standard Based,1900-01-01 00:00:00.000,1900-01-01 00:00:00.000,1900-01-01 00:00:00.000,1900-01-01 00:00:00.000,N,N,0,ref:ZZLkpNqfLevel:ZZNqfLevel:3;ref:ZZLkpQualityAssuranceBody:ZZQualityAssuranceBody:57;ref:ZZLkpQualificationType:ZZQualificationType:1;ZZLkpOfoOccupationTree:ZZLkpOfoOccupationTree_ID:1070
*,91,Y,"49014",National Certificate in  Rockbreaking for Underground Hard Rock (version 2),130,2007-01-01 00:00:00.000,2010-01-01 00:00:00.000,2011-01-01 00:00:00.000,1900-01-01 00:00:00.000,Unit Standard Based,1900-01-01 00:00:00.000,1900-01-01 00:00:00.000,1900-01-01 00:00:00.000,1900-01-01 00:00:00.000,N,N,0,ref:ZZLkpNqfLevel:ZZNqfLevel:3;ref:ZZLkpQualityAssuranceBody:ZZQualityAssuranceBody:57;ref:ZZLkpQualificationType:ZZQualificationType:1
*,92,N,"23633",National Certificate: Millwright,0,2018-07-01 00:00:00.000,2024-06-30 00:00:00.000,2024-06-30 00:00:00.000,1900-01-01 00:00:00.000,Unit Standard Based,1900-01-01 00:00:00.000,1900-01-01 00:00:00.000,1900-01-01 00:00:00.000,1900-01-01 00:00:00.000,N,N,0,ref:ZZLkpNqfLevel:ZZNqfLevel:4;ref:ZZLkpQualityAssuranceBody:ZZQualityAssuranceBody:57;ref:ZZLkpQualificationType:ZZQualificationType:1;ZZLkpOfoOccupationTree:ZZLkpOfoOccupationTree_ID:1167
*,93,Y,"49013",National Certificate Mining Operations Underground Hard Rock ,140,2007-04-03 00:00:00.000,2010-04-03 00:00:00.000,2011-04-03 00:00:00.000,1900-01-01 00:00:00.000,Unit Standard Based,1900-01-01 00:00:00.000,1900-01-01 00:00:00.000,1900-01-01 00:00:00.000,1900-01-01 00:00:00.000,N,N,0,ref:ZZLkpNqfLevel:ZZNqfLevel:2;ref:ZZLkpQualityAssuranceBody:ZZQualityAssuranceBody:57;ref:ZZLkpQualificationType:ZZQualificationType:1
*,94,Y,"23655",Natioanl Certificate: Business Administration Services,120,2006-05-02 00:00:00.000,2009-05-02 00:00:00.000,2010-05-02 00:00:00.000,1900-01-01 00:00:00.000,Unit Standard Based,1900-01-01 00:00:00.000,1900-01-01 00:00:00.000,1900-01-01 00:00:00.000,1900-01-01 00:00:00.000,N,N,0,ref:ZZLkpNqfLevel:ZZNqfLevel:3;ref:ZZLkpQualificationType:ZZQualificationType:1
*,95,Y,"48873",Occupationally Directed Education and Training Practices,125,2004-06-09 00:00:00.000,2007-06-09 00:00:00.000,2008-06-09 00:00:00.000,1900-01-01 00:00:00.000,Unit Standard Based,1900-01-01 00:00:00.000,1900-01-01 00:00:00.000,1900-01-01 00:00:00.000,1900-01-01 00:00:00.000,N,N,0,ref:ZZLkpNqfLevel:ZZNqfLevel:5;ref:ZZLkpQualificationType:ZZQualificationType:1
*,96,Y,"35928",National Certificate: Business Administration,140,2007-01-23 00:00:00.000,2010-01-23 00:00:00.000,2011-01-23 00:00:00.000,1900-01-01 00:00:00.000,Unit Standard Based,1900-01-01 00:00:00.000,1900-01-01 00:00:00.000,1900-01-01 00:00:00.000,1900-01-01 00:00:00.000,N,N,0,ref:ZZLkpNqfLevel:ZZNqfLevel:4;ref:ZZLkpQualificationType:ZZQualificationType:1
*,97,Y,"16Q1600616",Lump ore Beneficiation: Diamonds  (version2),0,2007-01-01 00:00:00.000,2010-01-01 00:00:00.000,2011-01-01 00:00:00.000,1900-01-01 00:00:00.000,Unit Standard Based,1900-01-01 00:00:00.000,1900-01-01 00:00:00.000,1900-01-01 00:00:00.000,1900-01-01 00:00:00.000,N,N,0,ref:ZZLkpNqfLevel:ZZNqfLevel:2;ref:ZZLkpQualificationType:ZZQualificationType:1
*,98,Y,"62796",Further Education and Taining CertificateL Strata Control Operations,165,2018-07-01 00:00:00.000,2026-06-30 00:00:00.000,2026-06-30 00:00:00.000,2029-06-30 00:00:00.000,Unit Standard Based,1900-01-01 00:00:00.000,1900-01-01 00:00:00.000,1900-01-01 00:00:00.000,1900-01-01 00:00:00.000,N,N,0,ref:ZZLkpNqfLevel:ZZNqfLevel:4;ref:ZZLkpQualityAssuranceBody:ZZQualityAssuranceBody:57;ref:ZZLkpQualificationType:ZZQualificationType:1;ZZLkpOfoOccupationTree:ZZLkpOfoOccupationTree_ID:57
*,99,Y,"64249",Further Education and Training Certificate: Diamond and Evaluation,164,2018-07-01 00:00:00.000,2027-06-30 00:00:00.000,2027-06-30 00:00:00.000,1900-01-01 00:00:00.000,Unit Standard Based,1900-01-01 00:00:00.000,1900-01-01 00:00:00.000,1900-01-01 00:00:00.000,1900-01-01 00:00:00.000,N,N,0,ref:ZZLkpNqfLevel:ZZNqfLevel:4;ref:ZZLkpQualificationType:ZZQualificationType:1;ZZLkpOfoOccupationTree:ZZLkpOfoOccupationTree_ID:1117
*,100,Y,"49648",National Certificate: New Venture Creation (SMME),138,2018-07-01 00:00:00.000,2026-06-30 00:00:00.000,2026-06-30 00:00:00.000,2029-06-29 00:00:00.000,Unit Standard Based,2018-07-01 00:00:00.000,2023-06-30 00:00:00.000,2026-06-30 00:00:00.000,2029-07-01 00:00:00.000,N,Y,138,ref:ZZLkpNqfLevel:ZZNqfLevel:2;ref:ZZLkpQualityAssuranceBody:ZZQualityAssuranceBody:65;ref:ZZLkpQualificationType:ZZQualificationType:1
*,101,Y,"65190",National Certificate: Metals Production: Mining and Minerals,120,2018-07-01 00:00:00.000,2027-06-30 00:00:00.000,2027-06-30 00:00:00.000,1900-01-01 00:00:00.000,Unit Standard Based,1900-01-01 00:00:00.000,1900-01-01 00:00:00.000,1900-01-01 00:00:00.000,1900-01-01 00:00:00.000,N,N,0,ref:ZZLkpNqfLevel:ZZNqfLevel:2;ref:ZZLkpQualityAssuranceBody:ZZQualityAssuranceBody:57;ref:ZZLkpQualificationType:ZZQualificationType:1;ZZLkpOfoOccupationTree:ZZLkpOfoOccupationTree_ID:1073
*,102,Y,"65192",National Certificate: Metals Production: Mining and Minerals,120,2018-07-01 00:00:00.000,2026-06-30 00:00:00.000,2026-06-30 00:00:00.000,2029-06-30 00:00:00.000,Unit Standard Based,1900-01-01 00:00:00.000,1900-01-01 00:00:00.000,1900-01-01 00:00:00.000,1900-01-01 00:00:00.000,N,N,0,ref:ZZLkpNqfLevel:ZZNqfLevel:3;ref:ZZLkpQualificationType:ZZQualificationType:1;ZZLkpOfoOccupationTree:ZZLkpOfoOccupationTree_ID:1073
*,103,Y,"65194",Further Education and Training Certificate: Metals Production: Mining and Minerals,140,2018-07-01 00:00:00.000,2026-06-30 00:00:00.000,2026-06-30 00:00:00.000,2029-06-30 00:00:00.000,Unit Standard Based,1900-01-01 00:00:00.000,1900-01-01 00:00:00.000,1900-01-01 00:00:00.000,1900-01-01 00:00:00.000,N,N,0,ref:ZZLkpNqfLevel:ZZNqfLevel:4;ref:ZZLkpQualificationType:ZZQualificationType:1;ZZLkpOfoOccupationTree:ZZLkpOfoOccupationTree_ID:1073
*,104,Y,"62869",National Certificate: Rockbreaking: Surface Excavations,141,2018-07-01 00:00:00.000,2027-06-30 00:00:00.000,2027-06-30 00:00:00.000,1900-01-01 00:00:00.000,Unit Standard Based,1900-01-01 00:00:00.000,1900-01-01 00:00:00.000,1900-01-01 00:00:00.000,1900-01-01 00:00:00.000,N,N,0,ref:ZZLkpNqfLevel:ZZNqfLevel:3;ref:ZZLkpQualityAssuranceBody:ZZQualityAssuranceBody:57;ref:ZZLkpQualificationType:ZZQualificationType:1;ZZLkpOfoOccupationTree:ZZLkpOfoOccupationTree_ID:1236
*,105,Y,"64309",General Education and Training Certificate: Adult Basic Education and Training,120,2008-11-26 00:00:00.000,2012-06-30 00:00:00.000,2013-06-30 00:00:00.000,1900-01-01 00:00:00.000,Unit Standard Based,1900-01-01 00:00:00.000,1900-01-01 00:00:00.000,1900-01-01 00:00:00.000,1900-01-01 00:00:00.000,N,N,0,ref:ZZLkpNqfLevel:ZZNqfLevel:1;ref:ZZLkpQualificationType:ZZQualificationType:1
*,106,Y,"64909",National Certificate: Small Scale Mining,143,2018-07-01 00:00:00.000,2026-06-30 00:00:00.000,2026-06-30 00:00:00.000,2029-06-30 00:00:00.000,Unit Standard Based,1900-01-01 00:00:00.000,1900-01-01 00:00:00.000,1900-01-01 00:00:00.000,1900-01-01 00:00:00.000,N,N,0,ref:ZZLkpNqfLevel:ZZNqfLevel:2;ref:ZZLkpQualificationType:ZZQualificationType:1;ZZLkpOfoOccupationTree:ZZLkpOfoOccupationTree_ID:211
*,107,Y,"64729",Further Education and Training Certificate: Diamond Processing,161,2018-07-01 00:00:00.000,2027-06-30 00:00:00.000,2027-06-30 00:00:00.000,1900-01-01 00:00:00.000,Unit Standard Based,1900-01-01 00:00:00.000,1900-01-01 00:00:00.000,1900-01-01 00:00:00.000,1900-01-01 00:00:00.000,N,N,0,ref:ZZLkpNqfLevel:ZZNqfLevel:4;ref:ZZLkpQualityAssuranceBody:ZZQualityAssuranceBody:57;ref:ZZLkpQualificationType:ZZQualificationType:1;ZZLkpOfoOccupationTree:ZZLkpOfoOccupationTree_ID:1117
*,108,Y,"67429",National Certificate: Electrical Engineering: Mining and Minerals,140,2018-07-01 00:00:00.000,2026-06-30 00:00:00.000,2026-06-30 00:00:00.000,2029-06-30 00:00:00.000,Unit Standard Based,1900-01-01 00:00:00.000,1900-01-01 00:00:00.000,1900-01-01 00:00:00.000,1900-01-01 00:00:00.000,N,N,0,ref:ZZLkpNqfLevel:ZZNqfLevel:2;ref:ZZLkpQualificationType:ZZQualificationType:1;ZZLkpOfoOccupationTree:ZZLkpOfoOccupationTree_ID:1165
*,109,Y,"78545",Further Education and Training Certificate: Automotive Repair and Maintenance: Mining and Minerals,159,2018-07-01 00:00:00.000,2026-06-30 00:00:00.000,2026-06-30 00:00:00.000,2029-06-30 00:00:00.000,Unit Standard Based,1900-01-01 00:00:00.000,1900-01-01 00:00:00.000,1900-01-01 00:00:00.000,1900-01-01 00:00:00.000,N,N,0,ref:ZZLkpNqfLevel:ZZNqfLevel:4;ref:ZZLkpQualificationType:ZZQualificationType:1
*,110,Y,"72071",National Certificate: Electrical Engineering: Mining and Minerals,133,2018-07-01 00:00:00.000,2026-06-30 00:00:00.000,2026-06-30 00:00:00.000,2029-06-30 00:00:00.000,Unit Standard Based,1900-01-01 00:00:00.000,1900-01-01 00:00:00.000,1900-01-01 00:00:00.000,1900-01-01 00:00:00.000,N,N,0,ref:ZZLkpNqfLevel:ZZNqfLevel:3;ref:ZZLkpQualificationType:ZZQualificationType:1
*,111,Y,"72069",Further Education and Training Certificate: Electrical Engineering: Mining and Minerals,130,2018-07-01 00:00:00.000,2026-06-30 00:00:00.000,2026-06-30 00:00:00.000,2029-06-30 00:00:00.000,Unit Standard Based,1900-01-01 00:00:00.000,1900-01-01 00:00:00.000,1900-01-01 00:00:00.000,1900-01-01 00:00:00.000,N,N,0,ref:ZZLkpNqfLevel:ZZNqfLevel:4;ref:ZZLkpQualificationType:ZZQualificationType:1;ZZLkpOfoOccupationTree:ZZLkpOfoOccupationTree_ID:1165
*,112,Y,"64810",National Certificate: Automotive Repair and Maintenance,125,2009-02-18 00:00:00.000,2012-06-30 00:00:00.000,2013-06-30 00:00:00.000,1900-01-01 00:00:00.000,Unit Standard Based,1900-01-01 00:00:00.000,1900-01-01 00:00:00.000,1900-01-01 00:00:00.000,1900-01-01 00:00:00.000,N,N,0,ref:ZZLkpNqfLevel:ZZNqfLevel:2;ref:ZZLkpQualificationType:ZZQualificationType:1;ZZLkpOfoOccupationTree:ZZLkpOfoOccupationTree_ID:1098
*,113,Y,"64809",National Certificate: Automotive Repair and Maintenance,135,2009-02-18 00:00:00.000,2012-06-30 00:00:00.000,2013-06-30 00:00:00.000,1900-01-01 00:00:00.000,Unit Standard Based,1900-01-01 00:00:00.000,1900-01-01 00:00:00.000,1900-01-01 00:00:00.000,1900-01-01 00:00:00.000,N,N,0,ref:ZZLkpNqfLevel:ZZNqfLevel:3;ref:ZZLkpQualificationType:ZZQualificationType:1;ZZLkpOfoOccupationTree:ZZLkpOfoOccupationTree_ID:1098
*,114,Y,"64789",National Diploma: Automotive Repair and Maintenance,144,2009-02-18 00:00:00.000,2012-06-30 00:00:00.000,2013-06-30 00:00:00.000,1900-01-01 00:00:00.000,Unit Standard Based,1900-01-01 00:00:00.000,1900-01-01 00:00:00.000,1900-01-01 00:00:00.000,1900-01-01 00:00:00.000,N,N,0,ref:ZZLkpNqfLevel:ZZNqfLevel:5;ref:ZZLkpQualificationType:ZZQualificationType:1
*,115,Y,"65049",National Certificate: Jewellery manufacturing,134,2018-07-01 00:00:00.000,2027-06-30 00:00:00.000,2027-06-30 00:00:00.000,1900-01-01 00:00:00.000,Unit Standard Based,1900-01-01 00:00:00.000,1900-01-01 00:00:00.000,1900-01-01 00:00:00.000,1900-01-01 00:00:00.000,N,N,0,ref:ZZLkpNqfLevel:ZZNqfLevel:2;ref:ZZLkpQualityAssuranceBody:ZZQualityAssuranceBody:57;ref:ZZLkpQualificationType:ZZQualificationType:1;ZZLkpOfoOccupationTree:ZZLkpOfoOccupationTree_ID:1259
*,116,Y,"65209",National Certificate: Jewellery Manufacturing,137,2018-07-01 00:00:00.000,2027-06-30 00:00:00.000,2027-06-30 00:00:00.000,1900-01-01 00:00:00.000,Unit Standard Based,1900-01-01 00:00:00.000,1900-01-01 00:00:00.000,1900-01-01 00:00:00.000,1900-01-01 00:00:00.000,N,N,0,ref:ZZLkpNqfLevel:ZZNqfLevel:3;ref:ZZLkpQualityAssuranceBody:ZZQualityAssuranceBody:57;ref:ZZLkpQualificationType:ZZQualificationType:1;ZZLkpOfoOccupationTree:ZZLkpOfoOccupationTree_ID:1259
*,117,Y,"65549",National Certificate: Mining Technical Support,138,2018-07-01 00:00:00.000,2027-06-30 00:00:00.000,2027-06-30 00:00:00.000,1900-01-01 00:00:00.000,Unit Standard Based,1900-01-01 00:00:00.000,1900-01-01 00:00:00.000,1900-01-01 00:00:00.000,1900-01-01 00:00:00.000,N,N,0,ref:ZZLkpNqfLevel:ZZNqfLevel:3;ref:ZZLkpQualificationType:ZZQualificationType:1;ZZLkpOfoOccupationTree:ZZLkpOfoOccupationTree_ID:814
*,118,Y,"63485",National Certificate: Mechanical Handling (Rigging): Mining and Minerals,127,2018-07-01 00:00:00.000,2026-06-30 00:00:00.000,2026-06-30 00:00:00.000,2029-06-30 00:00:00.000,Unit Standard Based,1900-01-01 00:00:00.000,1900-01-01 00:00:00.000,1900-01-01 00:00:00.000,1900-01-01 00:00:00.000,N,N,0,ref:ZZLkpNqfLevel:ZZNqfLevel:2;ref:ZZLkpQualificationType:ZZQualificationType:1;ZZLkpOfoOccupationTree:ZZLkpOfoOccupationTree_ID:1079
*,119,Y,"63490",National Certificate: Mechanical Handling (Rigging): Mining and Minerals,121,2018-07-01 00:00:00.000,2026-06-30 00:00:00.000,2026-06-30 00:00:00.000,2029-06-30 00:00:00.000,Unit Standard Based,1900-01-01 00:00:00.000,1900-01-01 00:00:00.000,1900-01-01 00:00:00.000,1900-01-01 00:00:00.000,N,N,0,ref:ZZLkpNqfLevel:ZZNqfLevel:3;ref:ZZLkpQualificationType:ZZQualificationType:1;ZZLkpOfoOccupationTree:ZZLkpOfoOccupationTree_ID:1079
*,120,Y,"63494",Further Education and Training Certificate: Mechanical Handling (Rigging): Mining and Minerals,136,2018-07-01 00:00:00.000,2026-06-30 00:00:00.000,2026-06-30 00:00:00.000,2029-06-30 00:00:00.000,Unit Standard Based,1900-01-01 00:00:00.000,1900-01-01 00:00:00.000,1900-01-01 00:00:00.000,1900-01-01 00:00:00.000,N,N,0,ref:ZZLkpNqfLevel:ZZNqfLevel:4;ref:ZZLkpQualificationType:ZZQualificationType:1;ZZLkpOfoOccupationTree:ZZLkpOfoOccupationTree_ID:1079
*,121,Y,"62769",National Certificate: Mineral Processing,130,2018-07-01 00:00:00.000,2027-06-30 00:00:00.000,2027-06-30 00:00:00.000,1900-01-01 00:00:00.000,Unit Standard Based,1900-01-01 00:00:00.000,1900-01-01 00:00:00.000,1900-01-01 00:00:00.000,1900-01-01 00:00:00.000,N,N,0,ref:ZZLkpNqfLevel:ZZNqfLevel:3;ref:ZZLkpQualityAssuranceBody:ZZQualityAssuranceBody:57;ref:ZZLkpQualificationType:ZZQualificationType:1;ZZLkpOfoOccupationTree:ZZLkpOfoOccupationTree_ID:1258
*,122,Y,"60110",National Certificate: Engineering,120,2008-08-20 00:00:00.000,2012-06-30 00:00:00.000,2013-06-30 00:00:00.000,1900-01-01 00:00:00.000,Non Unit Standard Based,1900-01-01 00:00:00.000,1900-01-01 00:00:00.000,1900-01-01 00:00:00.000,1900-01-01 00:00:00.000,N,N,0,ref:ZZLkpNqfLevel:ZZNqfLevel:5;ref:ZZLkpQualificationType:ZZQualificationType:2
*,123,Y,"73310",National Certificate: Laboratory Practice: Precious Metal,120,2018-07-01 00:00:00.000,2027-06-30 00:00:00.000,2027-06-30 00:00:00.000,1900-01-01 00:00:00.000,Unit Standard Based,1900-01-01 00:00:00.000,1900-01-01 00:00:00.000,1900-01-01 00:00:00.000,1900-01-01 00:00:00.000,N,N,0,ref:ZZLkpNqfLevel:ZZNqfLevel:2;ref:ZZLkpQualificationType:ZZQualificationType:1;ZZLkpOfoOccupationTree:ZZLkpOfoOccupationTree_ID:102
*,124,Y,"73312",Further Education and Training Certificate: Laboratory Analysis: Mining and Minerals,140,2018-07-01 00:00:00.000,2026-06-30 00:00:00.000,2026-06-30 00:00:00.000,2029-06-30 00:00:00.000,Unit Standard Based,1900-01-01 00:00:00.000,1900-01-01 00:00:00.000,1900-01-01 00:00:00.000,1900-01-01 00:00:00.000,N,N,0,ref:ZZLkpNqfLevel:ZZNqfLevel:4;ref:ZZLkpQualificationType:ZZQualificationType:1;ZZLkpOfoOccupationTree:ZZLkpOfoOccupationTree_ID:102
*,125,Y,"20159",NQF 5 NATIONAL DIPLOMA IN ABET PRACITICES,240,2007-01-01 00:00:00.000,2010-01-01 00:00:00.000,2007-01-01 00:00:00.000,1900-01-01 00:00:00.000,Non Unit Standard Based,1900-01-01 00:00:00.000,1900-01-01 00:00:00.000,1900-01-01 00:00:00.000,1900-01-01 00:00:00.000,N,N,0,ref:ZZLkpQualificationType:ZZQualificationType:2
*,126,Y,"48473",National Certificate in Electrical Engineering (Electrical Construction),156,2007-01-01 00:00:00.000,2010-01-01 00:00:00.000,2007-01-01 00:00:00.000,1900-01-01 00:00:00.000,Non Unit Standard Based,1900-01-01 00:00:00.000,1900-01-01 00:00:00.000,1900-01-01 00:00:00.000,1900-01-01 00:00:00.000,N,N,0,ref:ZZLkpQualificationType:ZZQualificationType:2
*,127,Y,"03",NATIONAL CERTIFICATE GENERAL SECURITY PRACTICES,0,2007-01-01 00:00:00.000,2010-01-01 00:00:00.000,2007-01-01 00:00:00.000,1900-01-01 00:00:00.000,Non Unit Standard Based,1900-01-01 00:00:00.000,1900-01-01 00:00:00.000,1900-01-01 00:00:00.000,1900-01-01 00:00:00.000,N,N,0,ref:ZZLkpNqfLevel:ZZNqfLevel:3;ref:ZZLkpQualificationType:ZZQualificationType:2
*,128,Y,"64869",National Certificate: Generic Management: Cement Manufacturing: Mining and Minerals,162,2018-07-01 00:00:00.000,2026-06-30 00:00:00.000,2026-06-30 00:00:00.000,2029-06-30 00:00:00.000,Unit Standard Based,1900-01-01 00:00:00.000,1900-01-01 00:00:00.000,1900-01-01 00:00:00.000,1900-01-01 00:00:00.000,N,N,0,ref:ZZLkpNqfLevel:ZZNqfLevel:5;ref:ZZLkpQualificationType:ZZQualificationType:1
*,129,Y,"64950",Further Education and Training Certificate: Laboratory Analysis,140,2009-05-05 00:00:00.000,2015-06-30 00:00:00.000,2016-06-30 00:00:00.000,1900-01-01 00:00:00.000,Unit Standard Based,1900-01-01 00:00:00.000,1900-01-01 00:00:00.000,1900-01-01 00:00:00.000,1900-01-01 00:00:00.000,N,N,0,ref:ZZLkpNqfLevel:ZZNqfLevel:4;ref:ZZLkpQualificationType:ZZQualificationType:1
*,130,Y,"64889",Further Education and Training Certificate: Mineral Processing,137,2018-07-01 00:00:00.000,2027-06-30 00:00:00.000,2027-06-30 00:00:00.000,1900-01-01 00:00:00.000,Unit Standard Based,1900-01-01 00:00:00.000,1900-01-01 00:00:00.000,1900-01-01 00:00:00.000,1900-01-01 00:00:00.000,N,N,0,ref:ZZLkpNqfLevel:ZZNqfLevel:4;ref:ZZLkpQualificationType:ZZQualificationType:1
*,131,Y,"78903",National Certificate: Chemical Operations,120,2018-07-01 00:00:00.000,2026-06-30 00:00:00.000,2026-06-30 00:00:00.000,2029-06-30 00:00:00.000,Unit Standard Based,1900-01-01 00:00:00.000,1900-01-01 00:00:00.000,1900-01-01 00:00:00.000,1900-01-01 00:00:00.000,N,N,0,ref:ZZLkpNqfLevel:ZZNqfLevel:3;ref:ZZLkpQualificationType:ZZQualificationType:1
*,132,Y,"78547",National Certificate: Chemical Operations,135,2018-07-01 00:00:00.000,2027-06-30 00:00:00.000,2027-06-30 00:00:00.000,1900-01-01 00:00:00.000,Unit Standard Based,1900-01-01 00:00:00.000,1900-01-01 00:00:00.000,1900-01-01 00:00:00.000,1900-01-01 00:00:00.000,N,N,0,ref:ZZLkpNqfLevel:ZZNqfLevel:2;ref:ZZLkpQualificationType:ZZQualificationType:1
*,133,Y,"74550","National Certificate: Measurement, Control and Instrumentation: Mining and Minerals",133,2018-07-01 00:00:00.000,2026-06-30 00:00:00.000,2026-06-30 00:00:00.000,2029-06-30 00:00:00.000,Unit Standard Based,1900-01-01 00:00:00.000,1900-01-01 00:00:00.000,1900-01-01 00:00:00.000,1900-01-01 00:00:00.000,N,N,0,ref:ZZLkpNqfLevel:ZZNqfLevel:2;ref:ZZLkpQualificationType:ZZQualificationType:1
*,134,Y,"74552","National Certificate: Measurement, Control and Instrumentaion: Mining and Minerals",120,2018-07-01 00:00:00.000,2026-06-30 00:00:00.000,2026-06-30 00:00:00.000,2029-06-30 00:00:00.000,Unit Standard Based,1900-01-01 00:00:00.000,1900-01-01 00:00:00.000,1900-01-01 00:00:00.000,1900-01-01 00:00:00.000,N,N,0,ref:ZZLkpNqfLevel:ZZNqfLevel:3;ref:ZZLkpQualificationType:ZZQualificationType:1
*,135,Y,"74551","FETC: Measurement, Control and Instrumentation: Mining and Minerals",134,2018-07-01 00:00:00.000,2026-06-30 00:00:00.000,2026-06-30 00:00:00.000,2029-06-30 00:00:00.000,Unit Standard Based,1900-01-01 00:00:00.000,1900-01-01 00:00:00.000,1900-01-01 00:00:00.000,1900-01-01 00:00:00.000,N,N,0,ref:ZZLkpNqfLevel:ZZNqfLevel:4;ref:ZZLkpQualificationType:ZZQualificationType:1
*,136,Y,"74490",Further Education and Training Certificate: Mining Operations,160,2018-07-01 00:00:00.000,2027-06-30 00:00:00.000,2027-06-30 00:00:00.000,1900-01-01 00:00:00.000,Unit Standard Based,1900-01-01 00:00:00.000,1900-01-01 00:00:00.000,1900-01-01 00:00:00.000,1900-01-01 00:00:00.000,N,N,0,ref:ZZLkpNqfLevel:ZZNqfLevel:4;ref:ZZLkpQualificationType:ZZQualificationType:1
*,137,Y,"77963",Further Education and Training Certificate: Mining/Exploration Geology,160,2018-07-01 00:00:00.000,2026-06-30 00:00:00.000,2026-06-30 00:00:00.000,2029-06-30 00:00:00.000,Unit Standard Based,1900-01-01 00:00:00.000,1900-01-01 00:00:00.000,1900-01-01 00:00:00.000,1900-01-01 00:00:00.000,N,N,0,ref:ZZLkpNqfLevel:ZZNqfLevel:4;ref:ZZLkpQualificationType:ZZQualificationType:1
*,138,Y,"78323",National Certificate: Lamproom Operations,126,2018-07-01 00:00:00.000,2026-06-30 00:00:00.000,2026-06-30 00:00:00.000,2029-06-30 00:00:00.000,Unit Standard Based,1900-01-01 00:00:00.000,1900-01-01 00:00:00.000,1900-01-01 00:00:00.000,1900-01-01 00:00:00.000,N,N,0,ref:ZZLkpNqfLevel:ZZNqfLevel:3;ref:ZZLkpQualificationType:ZZQualificationType:1
*,139,Y,"74292","National Certificate: Occupational Health, Safety and Environment: Mining and Minerals",120,2018-07-01 00:00:00.000,2027-06-30 00:00:00.000,2027-06-30 00:00:00.000,1900-01-01 00:00:00.000,Unit Standard Based,1900-01-01 00:00:00.000,1900-01-01 00:00:00.000,1900-01-01 00:00:00.000,1900-01-01 00:00:00.000,N,N,0,ref:ZZLkpNqfLevel:ZZNqfLevel:2;ref:ZZLkpQualityAssuranceBody:ZZQualityAssuranceBody:57;ref:ZZLkpQualificationType:ZZQualificationType:1;ZZLkpOfoOccupationTree:ZZLkpOfoOccupationTree_ID:316
*,140,Y,"78843",National Certificate: Diamond Processing,121,2018-07-01 00:00:00.000,2026-06-30 00:00:00.000,2026-06-30 00:00:00.000,2029-06-30 00:00:00.000,Unit Standard Based,1900-01-01 00:00:00.000,1900-01-01 00:00:00.000,1900-01-01 00:00:00.000,1900-01-01 00:00:00.000,N,N,0,ref:ZZLkpNqfLevel:ZZNqfLevel:5;ref:ZZLkpQualificationType:ZZQualificationType:1
*,141,Y,"78966",National Certificate: Diamond Design and Evaluation,129,2018-07-01 00:00:00.000,2026-06-30 00:00:00.000,2026-06-30 00:00:00.000,2029-06-30 00:00:00.000,Unit Standard Based,1900-01-01 00:00:00.000,1900-01-01 00:00:00.000,1900-01-01 00:00:00.000,1900-01-01 00:00:00.000,N,N,0,ref:ZZLkpNqfLevel:ZZNqfLevel:5;ref:ZZLkpQualificationType:ZZQualificationType:1
*,142,Y,"78923",National Certificate: Autotronics,132,2010-07-28 00:00:00.000,2013-07-28 00:00:00.000,2014-07-28 00:00:00.000,1900-01-01 00:00:00.000,Unit Standard Based,1900-01-01 00:00:00.000,1900-01-01 00:00:00.000,1900-01-01 00:00:00.000,1900-01-01 00:00:00.000,N,N,0,ref:ZZLkpNqfLevel:ZZNqfLevel:3;ref:ZZLkpQualificationType:ZZQualificationType:1
*,143,Y,"78944",National Certificate: Autotronics,127,2010-07-28 00:00:00.000,2013-07-28 00:00:00.000,2014-07-28 00:00:00.000,1900-01-01 00:00:00.000,Unit Standard Based,1900-01-01 00:00:00.000,1900-01-01 00:00:00.000,1900-01-01 00:00:00.000,1900-01-01 00:00:00.000,N,N,0,ref:ZZLkpNqfLevel:ZZNqfLevel:2;ref:ZZLkpQualificationType:ZZQualificationType:1
*,144,Y,"79826",National Certificate: Occupational Hygiene and Safety: Mining and Minerals,144,2018-07-01 00:00:00.000,2027-06-30 00:00:00.000,2027-06-30 00:00:00.000,1900-01-01 00:00:00.000,Unit Standard Based,1900-01-01 00:00:00.000,1900-01-01 00:00:00.000,1900-01-01 00:00:00.000,1900-01-01 00:00:00.000,N,N,0,ref:ZZLkpNqfLevel:ZZNqfLevel:3;ref:ZZLkpQualificationType:ZZQualificationType:1
*,145,Y,"78543",Natinal Certificate: Automotive Repair and Maintenance: Mining and Minerals,125,2018-07-01 00:00:00.000,2026-06-30 00:00:00.000,2026-06-30 00:00:00.000,2029-06-30 00:00:00.000,Unit Standard Based,1900-01-01 00:00:00.000,1900-01-01 00:00:00.000,1900-01-01 00:00:00.000,1900-01-01 00:00:00.000,N,N,0,ref:ZZLkpNqfLevel:ZZNqfLevel:2;ref:ZZLkpQualificationType:ZZQualificationType:1
*,146,N,"96532",National Certificate: Measurement,160,2011-06-15 00:00:00.000,2012-06-16 00:00:00.000,2012-06-17 00:00:00.000,1900-01-01 00:00:00.000,Non Unit Standard Based,1900-01-01 00:00:00.000,1900-01-01 00:00:00.000,1900-01-01 00:00:00.000,1900-01-01 00:00:00.000,N,N,0,ref:ZZLkpNqfLevel:ZZNqfLevel:8;ref:ZZLkpQualificationType:ZZQualificationType:2
*,147,Y,"78883",Further Education and Training Certificate: Autotronics,134,2010-07-28 00:00:00.000,2013-07-28 00:00:00.000,2014-07-28 00:00:00.000,1900-01-01 00:00:00.000,Unit Standard Based,1900-01-01 00:00:00.000,1900-01-01 00:00:00.000,1900-01-01 00:00:00.000,1900-01-01 00:00:00.000,N,N,0,ref:ZZLkpNqfLevel:ZZNqfLevel:4;ref:ZZLkpQualificationType:ZZQualificationType:1
*,148,Y,"99999",National Certificate: Test,120,2012-01-24 00:00:00.000,2012-06-25 00:00:00.000,2012-06-26 00:00:00.000,1900-01-01 00:00:00.000,Unit Standard Based,1900-01-01 00:00:00.000,1900-01-01 00:00:00.000,1900-01-01 00:00:00.000,1900-01-01 00:00:00.000,N,N,0,ref:ZZLkpNqfLevel:ZZNqfLevel:2;ref:ZZLkpQualificationType:ZZQualificationType:1
*,149,Y,"100002",KKKK,120,2012-04-20 00:00:00.000,2015-04-20 00:00:00.000,2013-04-20 00:00:00.000,1900-01-01 00:00:00.000,Non Unit Standard Based,1900-01-01 00:00:00.000,1900-01-01 00:00:00.000,1900-01-01 00:00:00.000,1900-01-01 00:00:00.000,N,N,0,ref:ZZLkpNqfLevel:ZZNqfLevel:2;ref:ZZLkpQualificationType:ZZQualificationType:2
*,150,Y,"78546",National Certificate: Automotive Repair and Maintenance: Mining and Minerals,144,2018-07-01 00:00:00.000,2026-06-30 00:00:00.000,2026-06-30 00:00:00.000,2029-06-30 00:00:00.000,Unit Standard Based,1900-01-01 00:00:00.000,1900-01-01 00:00:00.000,1900-01-01 00:00:00.000,1900-01-01 00:00:00.000,N,N,0,ref:ZZLkpNqfLevel:ZZNqfLevel:5;ref:ZZLkpQualificationType:ZZQualificationType:1
*,151,Y,"78904",Further Education and Training Certificate: Chemical Operations: Mining and Minerals,140,2018-07-01 00:00:00.000,2026-06-30 00:00:00.000,2026-06-30 00:00:00.000,2029-06-30 00:00:00.000,Unit Standard Based,1900-01-01 00:00:00.000,1900-01-01 00:00:00.000,1900-01-01 00:00:00.000,1900-01-01 00:00:00.000,N,N,0,ref:ZZLkpNqfLevel:ZZNqfLevel:4;ref:ZZLkpQualificationType:ZZQualificationType:1
*,152,Y,"78544",National Certificate: Automotive Repair and Maintenance: Mining and Minerals,135,2012-01-07 00:00:00.000,2015-06-30 00:00:00.000,2016-06-30 00:00:00.000,1900-01-01 00:00:00.000,Non Unit Standard Based,1900-01-01 00:00:00.000,1900-01-01 00:00:00.000,1900-01-01 00:00:00.000,1900-01-01 00:00:00.000,N,N,0,ref:ZZLkpNqfLevel:ZZNqfLevel:3;ref:ZZLkpQualificationType:ZZQualificationType:2
*,153,Y,"79827",Further Education and Training Certificate: Occupational Hygiene and Safety: Mining and Minerals,145,2018-07-01 00:00:00.000,2026-06-30 00:00:00.000,2026-06-30 00:00:00.000,2029-06-30 00:00:00.000,Unit Standard Based,1900-01-01 00:00:00.000,1900-01-01 00:00:00.000,1900-01-01 00:00:00.000,1900-01-01 00:00:00.000,N,N,0,ref:ZZLkpNqfLevel:ZZNqfLevel:4;ref:ZZLkpQualificationType:ZZQualificationType:1
*,154,Y,"79829",National Diploma: Occupational Safety: Mining and Minerals,242,2018-07-01 00:00:00.000,2026-06-30 00:00:00.000,2026-06-30 00:00:00.000,2029-06-30 00:00:00.000,Unit Standard Based,1900-01-01 00:00:00.000,1900-01-01 00:00:00.000,1900-01-01 00:00:00.000,1900-01-01 00:00:00.000,N,N,0,ref:ZZLkpNqfLevel:ZZNqfLevel:5;ref:ZZLkpQualificationType:ZZQualificationType:1
*,155,Y,"79828",National Certificate: Occupational Safety: Mining and Minerals,145,2018-07-01 00:00:00.000,2026-06-30 00:00:00.000,2026-06-30 00:00:00.000,2029-06-30 00:00:00.000,Unit Standard Based,1900-01-01 00:00:00.000,1900-01-01 00:00:00.000,1900-01-01 00:00:00.000,1900-01-01 00:00:00.000,N,N,0,ref:ZZLkpNqfLevel:ZZNqfLevel:5;ref:ZZLkpQualificationType:ZZQualificationType:1
*,156,Y,"90655",National Certificate: Small Scale Mining,124,2018-07-01 00:00:00.000,2026-06-30 00:00:00.000,2026-06-30 00:00:00.000,2029-06-30 00:00:00.000,Unit Standard Based,1900-01-01 00:00:00.000,1900-01-01 00:00:00.000,1900-01-01 00:00:00.000,1900-01-01 00:00:00.000,N,N,0,ref:ZZLkpNqfLevel:ZZNqfLevel:3;ref:ZZLkpQualificationType:ZZQualificationType:1
*,157,Y,"90656",National Certificate: Mine Ventilation,124,2018-07-01 00:00:00.000,2026-06-30 00:00:00.000,2026-06-30 00:00:00.000,2029-06-30 00:00:00.000,Unit Standard Based,1900-01-01 00:00:00.000,1900-01-01 00:00:00.000,1900-01-01 00:00:00.000,1900-01-01 00:00:00.000,N,N,0,ref:ZZLkpNqfLevel:ZZNqfLevel:2;ref:ZZLkpQualificationType:ZZQualificationType:1
*,158,N,"23254",National Certificate: Mechanical Engineering: Fitting and Machining,179,2007-05-15 00:00:00.000,2015-06-30 00:00:00.000,2016-06-30 00:00:00.000,1900-01-01 00:00:00.000,Unit Standard Based,1900-01-01 00:00:00.000,1900-01-01 00:00:00.000,1900-01-01 00:00:00.000,1900-01-01 00:00:00.000,N,N,0,ref:ZZLkpNqfLevel:ZZNqfLevel:4;ref:ZZLkpQualificationType:ZZQualificationType:1
*,159,N,"23256",National Certificate: Mechanical Engineering: Fitting and Machining,179,2007-05-15 00:00:00.000,2015-06-30 00:00:00.000,2016-06-30 00:00:00.000,1900-01-01 00:00:00.000,Unit Standard Based,1900-01-01 00:00:00.000,1900-01-01 00:00:00.000,1900-01-01 00:00:00.000,1900-01-01 00:00:00.000,N,N,0,ref:ZZLkpNqfLevel:ZZNqfLevel:4;ref:ZZLkpQualificationType:ZZQualificationType:1
*,160,Y,"58269",National Certificate: Electro-Mechanics,166,2007-02-05 00:00:00.000,2010-02-05 00:00:00.000,2008-02-05 00:00:00.000,1900-01-01 00:00:00.000,Unit Standard Based,1900-01-01 00:00:00.000,1900-01-01 00:00:00.000,1900-01-01 00:00:00.000,1900-01-01 00:00:00.000,N,N,0,ref:ZZLkpNqfLevel:ZZNqfLevel:2;ref:ZZLkpQualificationType:ZZQualificationType:1
*,161,Y,"73309",National Certificate: Laboratory Practice: General,120,2018-07-01 00:00:00.000,2027-06-30 00:00:00.000,2027-06-30 00:00:00.000,1900-01-01 00:00:00.000,Unit Standard Based,1900-01-01 00:00:00.000,1900-01-01 00:00:00.000,1900-01-01 00:00:00.000,1900-01-01 00:00:00.000,N,N,0,ref:ZZLkpNqfLevel:ZZNqfLevel:2;ref:ZZLkpQualificationType:ZZQualificationType:1
*,162,Y,"73311",National Certificate: Laboratory Practice: Coal,120,2018-07-01 00:00:00.000,2027-06-30 00:00:00.000,2027-06-30 00:00:00.000,1900-01-01 00:00:00.000,Unit Standard Based,1900-01-01 00:00:00.000,1900-01-01 00:00:00.000,1900-01-01 00:00:00.000,1900-01-01 00:00:00.000,N,N,0,ref:ZZLkpNqfLevel:ZZNqfLevel:2;ref:ZZLkpQualificationType:ZZQualificationType:1
*,163,N,"61305",Automotive electrician mining,120,2018-01-07 00:00:00.000,2024-06-30 00:00:00.000,2024-06-30 00:00:00.000,1900-01-01 00:00:00.000,Non Unit Standard Based,1900-01-01 00:00:00.000,1900-01-01 00:00:00.000,1900-01-01 00:00:00.000,1900-01-01 00:00:00.000,N,N,0,ref:ZZLkpQualificationType:ZZQualificationType:2
*,164,N,"96276",Heavy Equipment Mechanic,120,2018-07-01 00:00:00.000,2024-06-30 00:00:00.000,2024-06-30 00:00:00.000,1900-01-01 00:00:00.000,Non Unit Standard Based,1900-01-01 00:00:00.000,1900-01-01 00:00:00.000,1900-01-01 00:00:00.000,1900-01-01 00:00:00.000,N,N,0,ref:ZZLkpQualificationType:ZZQualificationType:2
*,165,N,"96283",Goldsmith,120,2018-07-01 00:00:00.000,2024-06-30 00:00:00.000,2024-06-30 00:00:00.000,1900-01-01 00:00:00.000,Non Unit Standard Based,1900-01-01 00:00:00.000,1900-01-01 00:00:00.000,1900-01-01 00:00:00.000,1900-01-01 00:00:00.000,N,N,0,ref:ZZLkpQualificationType:ZZQualificationType:2
*,166,N,"96284",Diamond and gemstone setter,120,2018-07-01 00:00:00.000,2024-06-30 00:00:00.000,2024-06-30 00:00:00.000,1900-01-01 00:00:00.000,Non Unit Standard Based,1900-01-01 00:00:00.000,1900-01-01 00:00:00.000,1900-01-01 00:00:00.000,1900-01-01 00:00:00.000,N,N,0,ref:ZZLkpQualificationType:ZZQualificationType:2
*,167,N,"96349",Diamond Cutter,120,2018-07-01 00:00:00.000,2024-06-30 00:00:00.000,2024-06-30 00:00:00.000,1900-01-01 00:00:00.000,Non Unit Standard Based,1900-01-01 00:00:00.000,1900-01-01 00:00:00.000,1900-01-01 00:00:00.000,1900-01-01 00:00:00.000,N,N,0,ref:ZZLkpQualificationType:ZZQualificationType:2
*,168,N,"97388",Earth Moving Mechanic,120,2018-07-01 00:00:00.000,2024-06-30 00:00:00.000,2024-06-30 00:00:00.000,1900-01-01 00:00:00.000,Non Unit Standard Based,1900-01-01 00:00:00.000,1900-01-01 00:00:00.000,1900-01-01 00:00:00.000,1900-01-01 00:00:00.000,N,N,0,ref:ZZLkpQualificationType:ZZQualificationType:2
*,169,Y,"202326",Test Qualification,120,2023-01-26 00:00:00.000,2027-01-26 00:00:00.000,2029-01-25 00:00:00.000,2032-01-24 00:00:00.000,Unit Standard Based,,,,,N,N,18,ref:ZZLkpNqfLevel:ZZNqfLevel:3;ref:ZZLkpQualityAssuranceBody:ZZQualityAssuranceBody:57;ref:ZZLkpQualificationType:ZZQualificationType:1
*,170,Y,"61755",General education and training certificate: Business practice,121,2018-07-01 00:00:00.000,2023-06-30 00:00:00.000,2024-06-30 00:00:00.000,2027-06-30 00:00:00.000,Non Unit Standard Based,,,,,N,N,121,ref:ZZLkpNqfLevel:ZZNqfLevel:1;ref:ZZLkpQualityAssuranceBody:ZZQualityAssuranceBody:65;ref:ZZLkpQualificationType:ZZQualificationType:2
*,171,Y,"23833",Business Administration,130,2018-07-01 00:00:00.000,2023-06-01 00:00:00.000,2024-06-30 00:00:00.000,2027-06-29 00:00:00.000,Unit Standard Based,,,,,N,N,130,ref:ZZLkpNqfLevel:ZZNqfLevel:2;ref:ZZLkpQualityAssuranceBody:ZZQualityAssuranceBody:65;ref:ZZLkpQualificationType:ZZQualificationType:1
*,172,Y,"50080",generic management,150,2018-07-01 00:00:00.000,2023-06-06 00:00:00.000,2024-06-30 00:00:00.000,2027-06-29 00:00:00.000,Non Unit Standard Based,,,,,N,N,150,ref:ZZLkpNqfLevel:ZZNqfLevel:4;ref:ZZLkpQualityAssuranceBody:ZZQualityAssuranceBody:65;ref:ZZLkpQualificationType:ZZQualificationType:2
*,173,Y,"83946",Management,120,2021-07-07 00:00:00.000,2023-07-30 00:00:00.000,2027-07-06 00:00:00.000,2030-07-05 00:00:00.000,Unit Standard Based,,,,,N,N,120,ref:ZZLkpNqfLevel:ZZNqfLevel:3;ref:ZZLkpQualityAssuranceBody:ZZQualityAssuranceBody:65;ref:ZZLkpQualificationType:ZZQualificationType:1
*,174,Y,"67464",Marketing,141,2021-07-07 00:00:00.000,2023-07-30 00:00:00.000,2027-07-06 00:00:00.000,2030-07-05 00:00:00.000,Unit Standard Based,,,,,N,N,141,ref:ZZLkpNqfLevel:ZZNqfLevel:4;ref:ZZLkpQualityAssuranceBody:ZZQualityAssuranceBody:65;ref:ZZLkpQualificationType:ZZQualificationType:1
*,175,Y,"67465",Business Administration,130,2021-07-07 00:00:00.000,2026-07-30 00:00:00.000,2027-07-06 00:00:00.000,2030-07-05 00:00:00.000,Unit Standard Based,,,,,N,N,130,ref:ZZLkpNqfLevel:ZZNqfLevel:3;ref:ZZLkpQualityAssuranceBody:ZZQualityAssuranceBody:57;ref:ZZLkpQualificationType:ZZQualificationType:1
*,176,Y,"58375",NC: Bookkeeping,120,2024-04-01 00:00:00.000,2025-05-01 00:00:00.000,2030-03-31 00:00:00.000,2033-03-30 00:00:00.000,Non Unit Standard Based,,,,,N,N,120,ref:ZZLkpNqfLevel:ZZNqfLevel:4;ref:ZZLkpQualityAssuranceBody:ZZQualityAssuranceBody:65;ref:ZZLkpQualificationType:ZZQualificationType:2
*,177,Y,"58376",FETC: Bookkeepinh,130,2024-04-01 00:00:00.000,2025-04-01 00:00:00.000,2030-03-31 00:00:00.000,2033-03-30 00:00:00.000,Non Unit Standard Based,,,,,N,N,130,ref:ZZLkpNqfLevel:ZZNqfLevel:1;ref:ZZLkpQualityAssuranceBody:ZZQualityAssuranceBody:57;ref:ZZLkpQualificationType:ZZQualificationType:2
*,178,Y,"61595",FETC: Business Administration,140,2024-04-01 00:00:00.000,2026-06-30 00:00:00.000,2030-03-31 00:00:00.000,2033-03-30 00:00:00.000,Non Unit Standard Based,,,,,N,N,140,ref:ZZLkpNqfLevel:ZZNqfLevel:4;ref:ZZLkpQualityAssuranceBody:ZZQualityAssuranceBody:65;ref:ZZLkpQualificationType:ZZQualificationType:2
*,179,Y,"59201",generic management,162,2024-04-01 00:00:00.000,2025-03-31 00:00:00.000,2030-03-31 00:00:00.000,2033-03-30 00:00:00.000,Non Unit Standard Based,,,,,N,N,162,ref:ZZLkpNqfLevel:ZZNqfLevel:5;ref:ZZLkpQualityAssuranceBody:ZZQualityAssuranceBody:65;ref:ZZLkpQualificationType:ZZQualificationType:2
*,180,Y,"58395",Project Management,143,2024-04-01 00:00:00.000,2025-04-01 00:00:00.000,2030-03-31 00:00:00.000,2033-03-30 00:00:00.000,Non Unit Standard Based,,,,,N,N,140,ref:ZZLkpNqfLevel:ZZNqfLevel:4;ref:ZZLkpQualityAssuranceBody:ZZQualityAssuranceBody:57;ref:ZZLkpQualificationType:ZZQualificationType:2
*,181,Y,"123456",Test Qualification,120,2024-04-08 00:00:00.000,2026-04-08 00:00:00.000,2030-04-07 00:00:00.000,2033-04-06 00:00:00.000,Unit Standard Based,,,,,N,N,6,ref:ZZLkpNqfLevel:ZZNqfLevel:1;ref:ZZLkpQualityAssuranceBody:ZZQualityAssuranceBody:57;ref:ZZLkpQualificationType:ZZQualificationType:1
*,182,Y,"57712",FETC:Generic Management:General Management,150,2018-07-01 00:00:00.000,2023-06-30 00:00:00.000,2026-06-30 00:00:00.000,2029-06-29 00:00:00.000,Unit Standard Based,,,,,N,N,150,ref:ZZLkpNqfLevel:ZZNqfLevel:4;ref:ZZLkpQualityAssuranceBody:ZZQualityAssuranceBody:57;ref:ZZLkpQualificationType:ZZQualificationType:1
*,183,Y,"49691",Human Resource Management and Support,140,2024-06-19 00:00:00.000,2025-06-19 00:00:00.000,2030-06-18 00:00:00.000,2033-06-17 00:00:00.000,Unit Standard Based,,,,,N,N,140,ref:ZZLkpNqfLevel:ZZNqfLevel:1;ref:ZZLkpQualityAssuranceBody:ZZQualityAssuranceBody:57;ref:ZZLkpQualificationType:ZZQualificationType:1
*,184,Y,"48979",National Certificate  in Animal Production,140,2024-06-18 00:00:00.000,2025-06-30 00:00:00.000,2030-06-17 00:00:00.000,2033-06-16 00:00:00.000,Unit Standard Based,,,,,N,N,140,ref:ZZLkpNqfLevel:ZZNqfLevel:4;ref:ZZLkpQualityAssuranceBody:ZZQualityAssuranceBody:57;ref:ZZLkpQualificationType:ZZQualificationType:1
*,185,Y,"74149",Procurement in the Supply Chain,154,2024-06-18 00:00:00.000,2025-06-30 00:00:00.000,2030-06-17 00:00:00.000,2033-06-16 00:00:00.000,Unit Standard Based,,,,,N,N,154,ref:ZZLkpNqfLevel:ZZNqfLevel:5;ref:ZZLkpQualityAssuranceBody:ZZQualityAssuranceBody:57;ref:ZZLkpQualificationType:ZZQualificationType:1
*,186,Y,"83986",: National Certificate: Management: Stores and Warehousing,120,2024-06-18 00:00:00.000,2025-07-30 00:00:00.000,2030-06-17 00:00:00.000,2033-06-16 00:00:00.000,Unit Standard Based,,,,,N,N,120,ref:ZZLkpNqfLevel:ZZNqfLevel:4;ref:ZZLkpQualityAssuranceBody:ZZQualityAssuranceBody:57;ref:ZZLkpQualificationType:ZZQualificationType:1
*,187,Y,"66749",National Certicate :Community Development,120,2018-07-01 00:00:00.000,2023-06-30 00:00:00.000,2026-06-30 00:00:00.000,2029-06-29 00:00:00.000,Unit Standard Based,,,,,N,N,120,ref:ZZLkpNqfLevel:ZZNqfLevel:3;ref:ZZLkpQualityAssuranceBody:ZZQualityAssuranceBody:57;ref:ZZLkpQualificationType:ZZQualificationType:1
*,188,Y,"58761",Further Education and Training Certificate :Early Childhood Development,120,2018-07-01 00:00:00.000,2023-06-30 00:00:00.000,2025-06-30 00:00:00.000,2028-06-29 00:00:00.000,Unit Standard Based,,,,,N,N,120,ref:ZZLkpNqfLevel:ZZNqfLevel:4;ref:ZZLkpQualityAssuranceBody:ZZQualityAssuranceBody:57;ref:ZZLkpQualificationType:ZZQualificationType:1
*,189,Y,"61591",National Certificate:Information Technology : End User Computing,120,2024-06-28 00:00:00.000,2025-06-27 00:00:00.000,2030-06-27 00:00:00.000,2033-06-26 00:00:00.000,Non Unit Standard Based,,,,,N,N,120,ref:ZZLkpNqfLevel:ZZNqfLevel:3;ref:ZZLkpQualityAssuranceBody:ZZQualityAssuranceBody:57;ref:ZZLkpQualificationType:ZZQualificationType:2
*,190,Y,"67229",Payroll Administration,120,2024-07-01 00:00:00.000,2025-06-30 00:00:00.000,2030-06-30 00:00:00.000,2033-06-29 00:00:00.000,Unit Standard Based,,,,,N,N,120,ref:ZZLkpNqfLevel:ZZNqfLevel:4;ref:ZZLkpQualityAssuranceBody:ZZQualityAssuranceBody:57;ref:ZZLkpQualificationType:ZZQualificationType:1
*,191,Y,"66249",FETC: New Venture Creation,149,2018-07-01 00:00:00.000,2023-06-30 00:00:00.000,2026-06-30 00:00:00.000,2029-06-29 00:00:00.000,Non Unit Standard Based,,,,,N,N,11,ref:ZZLkpNqfLevel:ZZNqfLevel:4;ref:ZZLkpQualityAssuranceBody:ZZQualityAssuranceBody:57;ref:ZZLkpQualificationType:ZZQualificationType:2
*,192,Y,"48806",National Certificate: Craft Production,141,2024-07-01 00:00:00.000,2025-05-30 00:00:00.000,2030-06-30 00:00:00.000,2033-06-29 00:00:00.000,Unit Standard Based,,,,,N,N,141,ref:ZZLkpNqfLevel:ZZNqfLevel:1;ref:ZZLkpQualityAssuranceBody:ZZQualityAssuranceBody:57;ref:ZZLkpQualificationType:ZZQualificationType:1
*,193,Y,"71490",Contact Centre Support,128,2024-03-01 00:00:00.000,2030-04-01 00:00:00.000,2030-02-28 00:00:00.000,2033-02-27 00:00:00.000,Non Unit Standard Based,,,,,N,N,128,ref:ZZLkpNqfLevel:ZZNqfLevel:2;ref:ZZLkpQualityAssuranceBody:ZZQualityAssuranceBody:57;ref:ZZLkpQualificationType:ZZQualificationType:2
*,194,Y,"101874",Occupational Certificate Maintenance Planner,261,2018-07-01 00:00:00.000,2025-12-30 00:00:00.000,2026-12-30 00:00:00.000,2029-12-29 00:00:00.000,Non Unit Standard Based,,,,,N,N,261,ref:ZZLkpNqfLevel:ZZNqfLevel:5;ref:ZZLkpQualityAssuranceBody:ZZQualityAssuranceBody:57;ref:ZZLkpQualificationType:ZZQualificationType:2
*,195,Y,"97542",Occupation Certificate: Early Childhood Development Practitioner,131,2018-07-01 00:00:00.000,2025-12-30 00:00:00.000,2026-12-30 00:00:00.000,2029-12-30 00:00:00.000,Unit Standard Based,,,,,N,N,131,ref:ZZLkpNqfLevel:ZZNqfLevel:4;ref:ZZLkpQualityAssuranceBody:ZZQualityAssuranceBody:57;ref:ZZLkpQualificationType:ZZQualificationType:1
*,196,Y,"99714","Occupational Certificate: Safety, Health and quality Practitioner",256,2018-07-01 00:00:00.000,2025-12-30 00:00:00.000,2026-12-30 00:00:00.000,2029-12-29 00:00:00.000,Unit Standard Based,,,,,N,N,256,ref:ZZLkpNqfLevel:ZZNqfLevel:5;ref:ZZLkpQualityAssuranceBody:ZZQualityAssuranceBody:57;ref:ZZLkpQualificationType:ZZQualificationType:1
*,197,Y,"49129",inteactive Media,130,2018-07-01 00:00:00.000,2023-06-30 00:00:00.000,2024-06-30 00:00:00.000,2027-06-29 00:00:00.000,Unit Standard Based,,,,,N,N,130,ref:ZZLkpNqfLevel:ZZNqfLevel:5;ref:ZZLkpQualityAssuranceBody:ZZQualityAssuranceBody:57;ref:ZZLkpQualificationType:ZZQualificationType:1
*,198,Y,"101321",Occupational Certificate,190,2018-07-01 00:00:00.000,2023-06-30 00:00:00.000,2026-06-30 00:00:00.000,2029-06-29 00:00:00.000,Non Unit Standard Based,,,,,N,N,190,ref:ZZLkpNqfLevel:ZZNqfLevel:5;ref:ZZLkpQualityAssuranceBody:ZZQualityAssuranceBody:57;ref:ZZLkpQualificationType:ZZQualificationType:2
*,199,Y,"118788",Occupational Certificate: Design Thinking Innovation Lead,160,2018-07-01 00:00:00.000,2025-12-31 00:00:00.000,2026-12-31 00:00:00.000,2029-12-30 00:00:00.000,Unit Standard Based,,,,,N,N,160,ref:ZZLkpNqfLevel:ZZNqfLevel:1;ref:ZZLkpQualityAssuranceBody:ZZQualityAssuranceBody:57;ref:ZZLkpQualificationType:ZZQualificationType:1
*,200,Y,"48573",National Certificate: Information Technology: Systems Support,147,2018-07-01 00:00:00.000,2023-06-30 00:00:00.000,2026-06-30 00:00:00.000,2029-06-29 00:00:00.000,Unit Standard Based,,,,,N,N,147,ref:ZZLkpNqfLevel:ZZNqfLevel:5;ref:ZZLkpQualityAssuranceBody:ZZQualityAssuranceBody:57;ref:ZZLkpQualificationType:ZZQualificationType:1
*,201,Y,"50331","National Certificate: Occupationally Directed Education, Training and Development Practices",145,2018-07-01 00:00:00.000,2023-06-30 00:00:00.000,2026-06-30 00:00:00.000,2029-06-29 00:00:00.000,Unit Standard Based,,,,,N,N,145,ref:ZZLkpNqfLevel:ZZNqfLevel:6;ref:ZZLkpQualityAssuranceBody:ZZQualityAssuranceBody:57;ref:ZZLkpQualificationType:ZZQualificationType:1
*,202,Y,"49121",National Certificate: Interactive Media,130,2018-07-01 00:00:00.000,2023-06-30 00:00:00.000,2026-06-30 00:00:00.000,2029-06-29 00:00:00.000,Unit Standard Based,,,,,N,N,130,ref:ZZLkpNqfLevel:ZZNqfLevel:5;ref:ZZLkpQualityAssuranceBody:ZZQualityAssuranceBody:57;ref:ZZLkpQualificationType:ZZQualificationType:1
*,203,Y,"20287",National Certificate: Farming,120,2018-07-30 00:00:00.000,2023-06-30 00:00:00.000,2026-07-29 00:00:00.000,2029-07-28 00:00:00.000,Unit Standard Based,,,,,N,N,120,ref:ZZLkpNqfLevel:ZZNqfLevel:1;ref:ZZLkpQualityAssuranceBody:ZZQualityAssuranceBody:57;ref:ZZLkpQualificationType:ZZQualificationType:1
*,204,Y,"48967",National Certificate: Business Advising Operations,138,2018-07-01 00:00:00.000,2023-06-30 00:00:00.000,2025-06-30 00:00:00.000,2028-06-29 00:00:00.000,Unit Standard Based,,,,,N,N,138,ref:ZZLkpNqfLevel:ZZNqfLevel:6;ref:ZZLkpQualityAssuranceBody:ZZQualityAssuranceBody:57;ref:ZZLkpQualificationType:ZZQualificationType:1
*,205,Y,"23118",National Diploma: Early Childhood Development,240,2018-07-01 00:00:00.000,2020-07-30 00:00:00.000,2025-06-30 00:00:00.000,2028-06-29 00:00:00.000,Unit Standard Based,,,,,N,N,240,ref:ZZLkpNqfLevel:ZZNqfLevel:5;ref:ZZLkpQualityAssuranceBody:ZZQualityAssuranceBody:57;ref:ZZLkpQualificationType:ZZQualificationType:1
*,206,Y,"49580",General Education and Training Certificate: Poultry Production,134,2018-07-30 00:00:00.000,2023-06-30 00:00:00.000,2025-07-29 00:00:00.000,2028-07-28 00:00:00.000,Unit Standard Based,,,,,N,N,134,ref:ZZLkpNqfLevel:ZZNqfLevel:1;ref:ZZLkpQualityAssuranceBody:ZZQualityAssuranceBody:57;ref:ZZLkpQualificationType:ZZQualificationType:1
*,207,Y,"48977",National Certificate: Mixed Farming Systems,120,2018-07-01 00:00:00.000,2023-06-30 00:00:00.000,2025-06-30 00:00:00.000,2028-06-29 00:00:00.000,Unit Standard Based,,,,,N,N,120,ref:ZZLkpNqfLevel:ZZNqfLevel:2;ref:ZZLkpQualityAssuranceBody:ZZQualityAssuranceBody:57;ref:ZZLkpQualificationType:ZZQualificationType:1
*,208,Y,"101869",Occupational Certificate: Project Manager,240,2018-07-01 00:00:00.000,2025-12-30 00:00:00.000,2025-12-30 00:00:00.000,2028-12-29 00:00:00.000,Non Unit Standard Based,,,,,N,N,240,ref:ZZLkpNqfLevel:ZZNqfLevel:5;ref:ZZLkpQualityAssuranceBody:ZZQualityAssuranceBody:57;ref:ZZLkpQualificationType:ZZQualificationType:2
*,209,Y,"78964",Further Education and Training Certificate: Information Technology: Technical Support,163,2018-07-01 00:00:00.000,2023-06-30 00:00:00.000,2026-06-30 00:00:00.000,2029-06-29 00:00:00.000,Unit Standard Based,,,,,N,N,163,ref:ZZLkpNqfLevel:ZZNqfLevel:4;ref:ZZLkpQualityAssuranceBody:ZZQualityAssuranceBody:57;ref:ZZLkpQualificationType:ZZQualificationType:1
*,210,Y,"93997",National Certificate: Contact Centre and Business Process Outsourcing Support,124,2021-07-01 00:00:00.000,2025-07-30 00:00:00.000,2027-06-30 00:00:00.000,2030-06-29 00:00:00.000,Unit Standard Based,,,,,N,N,124,ref:ZZLkpNqfLevel:ZZNqfLevel:3;ref:ZZLkpQualityAssuranceBody:ZZQualityAssuranceBody:57;ref:ZZLkpQualificationType:ZZQualificationType:1
*,211,Y,"74630",Further Education and Training Certificate: Generic Management,150,2018-07-01 00:00:00.000,2023-06-30 00:00:00.000,2026-06-30 00:00:00.000,2029-06-29 00:00:00.000,Unit Standard Based,,,,,N,N,150,ref:ZZLkpNqfLevel:ZZNqfLevel:4;ref:ZZLkpQualityAssuranceBody:ZZQualityAssuranceBody:57;ref:ZZLkpQualificationType:ZZQualificationType:1
*,212,Y,"66789",National Certificate: Environmental Management,138,2018-07-01 00:00:00.000,2024-06-30 00:00:00.000,2026-06-30 00:00:00.000,2029-06-29 00:00:00.000,Unit Standard Based,,,,,N,N,138,ref:ZZLkpNqfLevel:ZZNqfLevel:5;ref:ZZLkpQualityAssuranceBody:ZZQualityAssuranceBody:57;ref:ZZLkpQualificationType:ZZQualificationType:1
*,213,Y,"20175",National Certificate: Hygiene and Cleaning Supervision,120,2018-07-01 00:00:00.000,2026-06-30 00:00:00.000,2026-06-30 00:00:00.000,2029-06-29 00:00:00.000,Unit Standard Based,,,,,N,N,120,ref:ZZLkpNqfLevel:ZZNqfLevel:3;ref:ZZLkpQualityAssuranceBody:ZZQualityAssuranceBody:57;ref:ZZLkpQualificationType:ZZQualificationType:1
*,214,Y,"119262",Occupational certificate: Internet-of-Things Developer,141,2022-06-21 00:00:00.000,2025-12-31 00:00:00.000,2028-06-20 00:00:00.000,2031-06-19 00:00:00.000,Unit Standard Based,,,,,N,N,141,ref:ZZLkpNqfLevel:ZZNqfLevel:4;ref:ZZLkpQualityAssuranceBody:ZZQualityAssuranceBody:57;ref:ZZLkpQualificationType:ZZQualificationType:1
*,215,Y,"202503",QAQual,120,2025-01-01 00:00:00.000,2028-12-31 00:00:00.000,2030-12-31 00:00:00.000,2033-12-30 00:00:00.000,Unit Standard Based,,,,,N,N,20,ref:ZZLkpNqfLevel:ZZNqfLevel:1;ref:ZZLkpQualityAssuranceBody:ZZQualityAssuranceBody:57;ref:ZZLkpQualificationType:ZZQualificationType:1
*,216,Y,"118699",Occupational Certificate: Cloud Administrator,149,2022-02-03 00:00:00.000,2025-12-31 00:00:00.000,2028-02-02 00:00:00.000,2031-02-01 00:00:00.000,Unit Standard Based,,,,,N,N,149,ref:ZZLkpNqfLevel:ZZNqfLevel:5;ref:ZZLkpQualityAssuranceBody:ZZQualityAssuranceBody:57;ref:ZZLkpQualificationType:ZZQualificationType:1
*,217,Y,"118708",Occupational Certificate: Data Science Practitioner,185,2022-02-02 00:00:00.000,2025-12-31 00:00:00.000,2028-02-01 00:00:00.000,2031-01-31 00:00:00.000,Unit Standard Based,,,,,N,N,185,ref:ZZLkpNqfLevel:ZZNqfLevel:5;ref:ZZLkpQualityAssuranceBody:ZZQualityAssuranceBody:57;ref:ZZLkpQualificationType:ZZQualificationType:1
*,218,Y,"121296",Advanced Occupational Certificate: Extended Reality Developer,218,2023-11-14 00:00:00.000,2028-11-14 00:00:00.000,2029-11-13 00:00:00.000,2032-11-12 00:00:00.000,Unit Standard Based,,,,,N,N,218,ref:ZZLkpNqfLevel:ZZNqfLevel:6;ref:ZZLkpQualityAssuranceBody:ZZQualityAssuranceBody:57;ref:ZZLkpQualificationType:ZZQualificationType:1
*,219,Y,"118986",Occupational Certificate: Cybersecurity Analyst,173,2022-04-22 00:00:00.000,2025-12-31 00:00:00.000,2028-04-21 00:00:00.000,2031-04-20 00:00:00.000,Unit Standard Based,,,,,N,N,173,ref:ZZLkpNqfLevel:ZZNqfLevel:1;ref:ZZLkpQualityAssuranceBody:ZZQualityAssuranceBody:57;ref:ZZLkpQualificationType:ZZQualificationType:1
*,220,Y,"101408",Occupational Certificate: Computer Technician,282,2018-07-31 00:00:00.000,2025-12-31 00:00:00.000,2024-07-30 00:00:00.000,2027-07-29 00:00:00.000,Unit Standard Based,,,,,N,N,282,ref:ZZLkpNqfLevel:ZZNqfLevel:5;ref:ZZLkpQualityAssuranceBody:ZZQualityAssuranceBody:57;ref:ZZLkpQualificationType:ZZQualificationType:1
*,221,Y,"36233",National Certificate: Specialist Hygiene and Cleaning Services,120,2018-07-01 00:00:00.000,2023-06-30 00:00:00.000,2026-06-30 00:00:00.000,2029-06-29 00:00:00.000,Unit Standard Based,,,,,N,N,120,ref:ZZLkpNqfLevel:ZZNqfLevel:2;ref:ZZLkpQualityAssuranceBody:ZZQualityAssuranceBody:57;ref:ZZLkpQualificationType:ZZQualificationType:1
*,222,Y,"118792",Occupational Certificate: Artificial Intelligence Software Developer,209,2022-02-02 00:00:00.000,2026-12-31 00:00:00.000,2028-02-01 00:00:00.000,2031-01-31 00:00:00.000,Unit Standard Based,,,,,N,N,209,ref:ZZLkpNqfLevel:ZZNqfLevel:5;ref:ZZLkpQualityAssuranceBody:ZZQualityAssuranceBody:57;ref:ZZLkpQualificationType:ZZQualificationType:1
