"AD_Org_ID[Name]","ZZMigrationCode/K","IsActive","ZZCode","ZZTitle","ZZCredits","RegistrationStartDate","RegistrationEndDate","ZZLastEnrolmentDate","ZZLastAchievementDate","ZZMigrateValues"
*,1,N,"03",NATIONAL CERTIFICATE GENERAL SECURITY PRACTICES,0,2007-01-01 00:00:00.000,2010-01-01 00:00:00.000,2007-01-01 00:00:00.000,1900-01-01 00:00:00.000,ref:ZZLkpNqfLevel:ZZNqfLevel:3
*,2,N,"21812",National certificate in Mining Operations: Underground Coal ,120,2018-07-01 00:00:00.000,2023-06-30 00:00:00.000,2023-06-30 00:00:00.000,1900-01-01 00:00:00.000,ref:ZZLkpNqfLevel:ZZNqfLevel:3;ZZLkpOfoOccupationTree:ZZLkpOfoOccupationTree_ID:49;ref:ZZLkpQualityAssuranceBody:ZZQualityAssuranceBody:57
*,3,N,"21814",National Certificate in Engineering Maintenance and Repairing for Underground Coal Mining,148,2018-07-01 00:00:00.000,2023-06-30 00:00:00.000,2023-06-30 00:00:00.000,1900-01-01 00:00:00.000,ref:ZZLkpNqfLevel:ZZNqfLevel:2;ZZLkpOfoOccupationTree:ZZLkpOfoOccupationTree_ID:49;ref:ZZLkpQualityAssuranceBody:ZZQualityAssuranceBody:57
*,4,N,"21815",National Certificate in Engineering Maintenance for Underground Hard Rock (Metalliferous) ,120,2018-07-01 00:00:00.000,2023-06-30 00:00:00.000,2023-06-30 00:00:00.000,1900-01-01 00:00:00.000,ref:ZZLkpNqfLevel:ZZNqfLevel:2;ZZLkpOfoOccupationTree:ZZLkpOfoOccupationTree_ID:49;ref:ZZLkpQualityAssuranceBody:ZZQualityAssuranceBody:57
*,5,N,"21839",National Certificate In Mining Operations Underground Hardrock Narrow Tabular (Version1),159,2002-06-12 00:00:00.000,2005-06-12 00:00:00.000,2006-06-12 00:00:00.000,1900-01-01 00:00:00.000,ref:ZZLkpNqfLevel:ZZNqfLevel:2;ref:ZZLkpQualityAssuranceBody:ZZQualityAssuranceBody:57
*,6,N,"21841",National Certificate in Winding Engine Driving,127,2018-07-01 00:00:00.000,2023-06-30 00:00:00.000,2023-06-30 00:00:00.000,1900-01-01 00:00:00.000,ref:ZZLkpNqfLevel:ZZNqfLevel:3;ZZLkpOfoOccupationTree:ZZLkpOfoOccupationTree_ID:1396;ref:ZZLkpQualityAssuranceBody:ZZQualityAssuranceBody:57
*,7,N,"21844",National Certificate in Jewellery Manufacture in a Production Environment,159,2005-08-03 00:00:00.000,2008-08-23 00:00:00.000,2013-08-23 00:00:00.000,1900-01-01 00:00:00.000,ref:ZZLkpNqfLevel:ZZNqfLevel:3;ref:ZZLkpQualityAssuranceBody:ZZQualityAssuranceBody:57
*,8,N,"21846",National Certificate in Diamond Processing Operator,120,2005-08-23 00:00:00.000,2008-08-23 00:00:00.000,2012-08-23 00:00:00.000,1900-01-01 00:00:00.000,ref:ZZLkpNqfLevel:ZZNqfLevel:2
*,9,Y,"23624",National Certificate Diesel Mechanic ,120,2018-07-01 00:00:00.000,2024-06-30 00:00:00.000,2023-06-30 00:00:00.000,1900-01-01 00:00:00.000,ref:ZZLkpNqfLevel:ZZNqfLevel:3;ZZLkpOfoOccupationTree:ZZLkpOfoOccupationTree_ID:1105;ref:ZZLkpQualityAssuranceBody:ZZQualityAssuranceBody:57
*,10,Y,"23625",National Certificate: Electrical,120,2018-07-01 00:00:00.000,2024-06-30 00:00:00.000,2023-06-30 00:00:00.000,1900-01-01 00:00:00.000,ref:ZZLkpNqfLevel:ZZNqfLevel:4;ZZLkpOfoOccupationTree:ZZLkpOfoOccupationTree_ID:1165;ref:ZZLkpQualityAssuranceBody:ZZQualityAssuranceBody:57
*,11,Y,"23626",National Certificate Fitting and Turning ,120,2018-07-01 00:00:00.000,2024-06-30 00:00:00.000,2023-06-30 00:00:00.000,1900-01-01 00:00:00.000,ref:ZZLkpNqfLevel:ZZNqfLevel:3;ZZLkpOfoOccupationTree:ZZLkpOfoOccupationTree_ID:1090;ref:ZZLkpQualityAssuranceBody:ZZQualityAssuranceBody:57
*,12,Y,"23627",National Certificate Fitting (Including Machining) ,120,2018-07-01 00:00:00.000,2024-06-30 00:00:00.000,2023-06-30 00:00:00.000,1900-01-01 00:00:00.000,ref:ZZLkpNqfLevel:ZZNqfLevel:3;ZZLkpOfoOccupationTree:ZZLkpOfoOccupationTree_ID:1102;ref:ZZLkpQualityAssuranceBody:ZZQualityAssuranceBody:57
*,13,Y,"23628",National Certificate: Instrumentation Mechanician,99,2018-07-01 00:00:00.000,2024-06-30 00:00:00.000,2023-06-30 00:00:00.000,1900-01-01 00:00:00.000,ref:ZZLkpNqfLevel:ZZNqfLevel:4;ZZLkpOfoOccupationTree:ZZLkpOfoOccupationTree_ID:1174;ref:ZZLkpQualityAssuranceBody:ZZQualityAssuranceBody:57
*,14,Y,"23630",National Certificate Plater/Boilermaker ,0,2018-07-01 00:00:00.000,2024-06-30 00:00:00.000,2023-06-30 00:00:00.000,1900-01-01 00:00:00.000,ref:ZZLkpNqfLevel:ZZNqfLevel:3;ZZLkpOfoOccupationTree:ZZLkpOfoOccupationTree_ID:1074;ref:ZZLkpQualityAssuranceBody:ZZQualityAssuranceBody:57
*,15,Y,"23631",National Certificate Plater/Welder ,0,2018-07-01 00:00:00.000,2024-06-30 00:00:00.000,2023-06-30 00:00:00.000,1900-01-01 00:00:00.000,ref:ZZLkpNqfLevel:ZZNqfLevel:3;ZZLkpOfoOccupationTree:ZZLkpOfoOccupationTree_ID:1070;ref:ZZLkpQualityAssuranceBody:ZZQualityAssuranceBody:57
*,16,Y,"23633",National Certificate: Millwright,0,2018-07-01 00:00:00.000,2024-06-30 00:00:00.000,2023-06-30 00:00:00.000,1900-01-01 00:00:00.000,ref:ZZLkpNqfLevel:ZZNqfLevel:4;ZZLkpOfoOccupationTree:ZZLkpOfoOccupationTree_ID:1167;ref:ZZLkpQualityAssuranceBody:ZZQualityAssuranceBody:57
*,17,N,"23656",Further Education and Training Certificate in Management,140,2006-03-14 00:00:00.000,2009-03-14 00:00:00.000,2010-03-14 00:00:00.000,1900-01-01 00:00:00.000,ref:ZZLkpNqfLevel:ZZNqfLevel:4
*,18,Y,"23813",National Certificate Rigger Ropesman,120,2018-07-01 00:00:00.000,2024-06-30 00:00:00.000,2023-06-30 00:00:00.000,1900-01-01 00:00:00.000,ref:ZZLkpNqfLevel:ZZNqfLevel:3;ZZLkpOfoOccupationTree:ZZLkpOfoOccupationTree_ID:1079;ref:ZZLkpQualityAssuranceBody:ZZQualityAssuranceBody:57
*,19,N,"59305",National Certificate Mineral Processing,129,2018-07-01 00:00:00.000,2023-06-30 00:00:00.000,2023-06-30 00:00:00.000,1900-01-01 00:00:00.000,ref:ZZLkpNqfLevel:ZZNqfLevel:2;ZZLkpOfoOccupationTree:ZZLkpOfoOccupationTree_ID:1258;ref:ZZLkpQualityAssuranceBody:ZZQualityAssuranceBody:57
*,20,Y,"61305",Automotive electrician mining,120,2018-01-07 00:00:00.000,2024-06-30 00:00:00.000,2023-06-30 00:00:00.000,1900-01-01 00:00:00.000,""
*,21,N,"63471",National Certificate: Mechanical Engineering: Fitting: Mining and Minerals,120,2018-07-01 00:00:00.000,2023-06-30 00:00:00.000,2023-06-30 00:00:00.000,1900-01-01 00:00:00.000,ref:ZZLkpNqfLevel:ZZNqfLevel:3;ZZLkpOfoOccupationTree:ZZLkpOfoOccupationTree_ID:1090
*,22,N,"63477",National Certificate: Mechanical Engineering : Mining and Minerals,130,2018-07-01 00:00:00.000,2023-06-30 00:00:00.000,2023-06-30 00:00:00.000,1900-01-01 00:00:00.000,ref:ZZLkpNqfLevel:ZZNqfLevel:2;ZZLkpOfoOccupationTree:ZZLkpOfoOccupationTree_ID:1090
*,23,N,"63481",FETC: Mechanical Engineering : Fitting: Mining and Minerals,120,2018-07-01 00:00:00.000,2023-06-30 00:00:00.000,2023-06-30 00:00:00.000,1900-01-01 00:00:00.000,ref:ZZLkpNqfLevel:ZZNqfLevel:4;ZZLkpOfoOccupationTree:ZZLkpOfoOccupationTree_ID:1090
*,24,N,"65549",National Certificate: Mining Technical Support,138,2018-07-01 00:00:00.000,2023-06-30 00:00:00.000,2023-06-30 00:00:00.000,1900-01-01 00:00:00.000,ref:ZZLkpNqfLevel:ZZNqfLevel:3;ZZLkpOfoOccupationTree:ZZLkpOfoOccupationTree_ID:814
*,25,N,"73311",National Certificate: Laboratory Practice: Coal,120,2018-07-01 00:00:00.000,2023-06-30 00:00:00.000,2023-06-30 00:00:00.000,1900-01-01 00:00:00.000,ref:ZZLkpNqfLevel:ZZNqfLevel:2
*,26,N,"73312",Further Education and Training Certificate: Laboratory Analysis: Mining and Minerals,140,2018-07-01 00:00:00.000,2023-06-30 00:00:00.000,2023-06-30 00:00:00.000,1900-01-01 00:00:00.000,ref:ZZLkpNqfLevel:ZZNqfLevel:4;ZZLkpOfoOccupationTree:ZZLkpOfoOccupationTree_ID:102
*,27,N,"77963",Further Education and Training Certificate: Mining/Exploration Geology,160,2018-07-01 00:00:00.000,2023-06-30 00:00:00.000,2023-06-30 00:00:00.000,1900-01-01 00:00:00.000,ref:ZZLkpNqfLevel:ZZNqfLevel:4
*,28,N,"78323",National Certificate: Lamproom Operations,126,2018-07-01 00:00:00.000,2023-06-30 00:00:00.000,2023-06-30 00:00:00.000,1900-01-01 00:00:00.000,ref:ZZLkpNqfLevel:ZZNqfLevel:3
*,29,Y,"96276",Heavy Equipment Mechanic,120,2018-07-01 00:00:00.000,2024-06-30 00:00:00.000,2023-06-30 00:00:00.000,1900-01-01 00:00:00.000,""
*,30,Y,"96283",Goldsmith,120,2018-07-01 00:00:00.000,2024-06-30 00:00:00.000,2023-06-30 00:00:00.000,1900-01-01 00:00:00.000,""
*,31,Y,"96284",Diamond and gemstone setter,120,2018-07-01 00:00:00.000,2024-06-30 00:00:00.000,2023-06-30 00:00:00.000,1900-01-01 00:00:00.000,""
*,32,Y,"96349",Diamond Cutter,120,2018-07-01 00:00:00.000,2024-06-30 00:00:00.000,2023-06-30 00:00:00.000,1900-01-01 00:00:00.000,""
*,33,Y,"97388",Earth Moving Mechanic,120,2018-07-01 00:00:00.000,2024-06-30 00:00:00.000,2023-06-30 00:00:00.000,1900-01-01 00:00:00.000,""
*,34,N,"99999",National Certificate: Test,120,2012-01-24 00:00:00.000,2012-06-25 00:00:00.000,2012-06-26 00:00:00.000,1900-01-01 00:00:00.000,ref:ZZLkpNqfLevel:ZZNqfLevel:2
*,35,Y,Test567,Test Trade Qualification,15,2023-01-26 00:00:00.000,2024-06-30 00:00:00.000,2027-01-26 00:00:00.000,2028-01-26 00:00:00.000,ref:ZZLkpNqfLevel:ZZNqfLevel:3;ref:ZZLkpQualityAssuranceBody:ZZQualityAssuranceBody:57
*,36,Y,"22858",National Certificate Autotronics,128,2006-11-07 00:00:00.000,2024-06-30 00:00:00.000,2010-11-07 00:00:00.000,1900-01-01 00:00:00.000,ref:ZZLkpNqfLevel:ZZNqfLevel:2
*,37,Y,"23255",National Certificate Mechanical Engineering Fitting and Machining,174,2018-07-01 00:00:00.000,2024-06-30 00:00:00.000,2023-06-30 00:00:00.000,1900-01-01 00:00:00.000,ref:ZZLkpNqfLevel:ZZNqfLevel:3;ZZLkpOfoOccupationTree:ZZLkpOfoOccupationTree_ID:1102
*,38,Y,"23254",National Certificate: Mechanical Engineering: Fitting and Machining,179,2007-05-15 00:00:00.000,2024-06-30 00:00:00.000,2016-06-30 00:00:00.000,1900-01-01 00:00:00.000,ref:ZZLkpNqfLevel:ZZNqfLevel:4
*,39,Y,"23256",National Certificate: Mechanical Engineering: Fitting and Machining,179,2007-05-15 00:00:00.000,2024-06-30 00:00:00.000,2016-06-30 00:00:00.000,1900-01-01 00:00:00.000,ref:ZZLkpNqfLevel:ZZNqfLevel:4
*,40,Y,"671101",Eletrical,130,2024-03-26 00:00:00.000,2025-09-30 00:00:00.000,2024-03-13 00:00:00.000,2025-09-30 00:00:00.000,ref:ZZLkpNqfLevel:ZZNqfLevel:4;ZZLkpOfoOccupationTree:ZZLkpOfoOccupationTree_ID:3173;ref:ZZLkpQualityAssuranceBody:ZZQualityAssuranceBody:57
*,41,Y,"2021-652302",Fitter and Turner,130,2024-03-25 00:00:00.000,2025-09-30 00:00:00.000,2024-03-25 00:00:00.000,2025-09-30 00:00:00.000,ref:ZZLkpNqfLevel:ZZNqfLevel:4;ZZLkpOfoOccupationTree:ZZLkpOfoOccupationTree_ID:3098;ref:ZZLkpQualityAssuranceBody:ZZQualityAssuranceBody:57
