AD_Org_ID[Name],Value/K,Name,Description,ZZNqfLevel,ZZCredits,Registrationstartdate,Registrationenddate,ZZLastEnrolmentDate,ZZLastAchievementDate,ZZQualityAssuranceBody,ZZQualificationType,ZZNewRegistrationStartDate,ZZNewRegistrationEndDate,ZZNewLastEnrolmentDate,ZZNewLastAchievementDate,ZZLkpOfoOccupation_ID[Value],ZZMinimumElectiveCredits,IsActive
*,23624,National Certificate Diesel Mechanic ,,3,120,2018-07-01 00:00:00.000,2024-06-30 00:00:00.000,2024-06-30 00:00:00.000,1900-01-01 00:00:00.000,,1,1900-01-01 00:00:00.000,1900-01-01 00:00:00.000,1900-01-01 00:00:00.000,1900-01-01 00:00:00.000,2021-653306,0,Y
*,23625,National Certificate: Electrical,,4,120,2018-07-01 00:00:00.000,2024-06-30 00:00:00.000,2024-06-30 00:00:00.000,1900-01-01 00:00:00.000,629,1,1900-01-01 00:00:00.000,1900-01-01 00:00:00.000,1900-01-01 00:00:00.000,1900-01-01 00:00:00.000,2021-671101,0,Y
*,23626,National Certificate Fitting and Turning ,,3,120,2018-07-01 00:00:00.000,2024-06-30 00:00:00.000,2024-06-30 00:00:00.000,1900-01-01 00:00:00.000,629,1,1900-01-01 00:00:00.000,1900-01-01 00:00:00.000,1900-01-01 00:00:00.000,1900-01-01 00:00:00.000,2021-652302,0,Y
*,23627,National Certificate Fitting (Including Machining) ,,3,120,2018-07-01 00:00:00.000,2024-06-30 00:00:00.000,2024-06-30 00:00:00.000,1900-01-01 00:00:00.000,629,1,1900-01-01 00:00:00.000,1900-01-01 00:00:00.000,1900-01-01 00:00:00.000,1900-01-01 00:00:00.000,2021-653303,0,Y
*,23628,National Certificate: Instrumentation Mechanician,,4,99,2018-07-01 00:00:00.000,2024-06-30 00:00:00.000,2024-06-30 00:00:00.000,1900-01-01 00:00:00.000,629,1,1900-01-01 00:00:00.000,1900-01-01 00:00:00.000,1900-01-01 00:00:00.000,1900-01-01 00:00:00.000,2021-671301,0,Y
*,23813,National Certificate Rigger Ropesman,,3,120,2018-07-01 00:00:00.000,2024-06-30 00:00:00.000,2024-06-30 00:00:00.000,1900-01-01 00:00:00.000,629,1,1900-01-01 00:00:00.000,1900-01-01 00:00:00.000,1900-01-01 00:00:00.000,1900-01-01 00:00:00.000,2021-651501,0,Y
*,21841,National Certificate in Winding Engine Driving,,3,127,2018-07-01 00:00:00.000,2027-06-30 00:00:00.000,2027-06-30 00:00:00.000,1900-01-01 00:00:00.000,629,1,1900-01-01 00:00:00.000,1900-01-01 00:00:00.000,1900-01-01 00:00:00.000,1900-01-01 00:00:00.000,2021-734301,0,Y
*,21844,National Certificate in Jewellery Manufacture in a Production Environment,,3,159,2005-08-03 00:00:00.000,2008-08-23 00:00:00.000,2013-08-23 00:00:00.000,1900-01-01 00:00:00.000,629,1,1900-01-01 00:00:00.000,1900-01-01 00:00:00.000,1900-01-01 00:00:00.000,1900-01-01 00:00:00.000,,0,Y
*,21846,National Certificate in Diamond Processing Operator,,2,120,2005-08-23 00:00:00.000,2008-08-23 00:00:00.000,2012-08-23 00:00:00.000,1900-01-01 00:00:00.000,,1,1900-01-01 00:00:00.000,1900-01-01 00:00:00.000,1900-01-01 00:00:00.000,1900-01-01 00:00:00.000,,0,Y
*,21814,National Certificate in Engineering Maintenance and Repairing for Underground Coal Mining,,2,148,2018-07-01 00:00:00.000,2026-06-30 00:00:00.000,2026-06-30 00:00:00.000,2029-06-30 00:00:00.000,629,1,1900-01-01 00:00:00.000,1900-01-01 00:00:00.000,1900-01-01 00:00:00.000,1900-01-01 00:00:00.000,2021-132104,0,Y
*,21845,Further Education and Training Certificate in  Diamond Processing: Polisher - Crossworker,,4,351,2006-11-07 00:00:00.000,2009-11-07 00:00:00.000,2010-11-07 00:00:00.000,1900-01-01 00:00:00.000,629,1,1900-01-01 00:00:00.000,1900-01-01 00:00:00.000,1900-01-01 00:00:00.000,1900-01-01 00:00:00.000,,0,Y
*,21812,National certificate in Mining Operations: Underground Coal ,,3,120,2018-07-01 00:00:00.000,2027-06-30 00:00:00.000,2027-06-30 00:00:00.000,1900-01-01 00:00:00.000,629,1,1900-01-01 00:00:00.000,1900-01-01 00:00:00.000,1900-01-01 00:00:00.000,1900-01-01 00:00:00.000,2021-132104,0,Y
*,21815,National Certificate in Engineering Maintenance for Underground Hard Rock (Metalliferous) ,,2,120,2018-07-01 00:00:00.000,2027-06-30 00:00:00.000,2027-06-30 00:00:00.000,1900-01-01 00:00:00.000,629,1,1900-01-01 00:00:00.000,1900-01-01 00:00:00.000,1900-01-01 00:00:00.000,1900-01-01 00:00:00.000,2021-132104,0,Y
*,21843,National Certificate in Diamond Processing: Polisher - Brillianteer,,3,323,2006-11-07 00:00:00.000,2009-11-07 00:00:00.000,2010-11-07 00:00:00.000,1900-01-01 00:00:00.000,629,1,1900-01-01 00:00:00.000,1900-01-01 00:00:00.000,1900-01-01 00:00:00.000,1900-01-01 00:00:00.000,,0,Y
*,21842,National Certificate: Surface Mining Rockbreaking ,,2,147,2006-11-07 00:00:00.000,2009-11-07 00:00:00.000,2010-11-07 00:00:00.000,1900-01-01 00:00:00.000,629,1,1900-01-01 00:00:00.000,1900-01-01 00:00:00.000,1900-01-01 00:00:00.000,1900-01-01 00:00:00.000,,0,Y
*,49045,National Certificate in Lump Ore Beneficiation (L2),,2,163,2004-12-02 00:00:00.000,2007-12-02 00:00:00.000,2008-12-02 00:00:00.000,1900-01-01 00:00:00.000,629,1,1900-01-01 00:00:00.000,1900-01-01 00:00:00.000,1900-01-01 00:00:00.000,1900-01-01 00:00:00.000,,0,Y
*,48804,"National Certificate Occupational Safety, Hygiene and Environment ",,2,135,2007-08-07 00:00:00.000,2010-08-07 00:00:00.000,2011-08-07 00:00:00.000,1900-01-01 00:00:00.000,,1,1900-01-01 00:00:00.000,1900-01-01 00:00:00.000,1900-01-01 00:00:00.000,1900-01-01 00:00:00.000,,0,Y
*,50063,Further Education and Training Certificate in  Occupational Safety (Version1),,4,145,2008-10-20 00:00:00.000,2011-10-20 00:00:00.000,2012-10-20 00:00:00.000,1900-01-01 00:00:00.000,,1,1900-01-01 00:00:00.000,1900-01-01 00:00:00.000,1900-01-01 00:00:00.000,1900-01-01 00:00:00.000,,0,Y
*,58248,National Certificate in Laboratory Practice,,2,120,2007-06-27 00:00:00.000,2010-06-27 00:00:00.000,2011-06-27 00:00:00.000,1900-01-01 00:00:00.000,629,1,1900-01-01 00:00:00.000,1900-01-01 00:00:00.000,1900-01-01 00:00:00.000,1900-01-01 00:00:00.000,2021-134902,0,Y
*,48696,National Certificate  Measurement  Control and Instrumentation ,,3,175,2007-04-03 00:00:00.000,2010-04-03 00:00:00.000,2011-04-03 00:00:00.000,1900-01-01 00:00:00.000,,1,1900-01-01 00:00:00.000,1900-01-01 00:00:00.000,1900-01-01 00:00:00.000,1900-01-01 00:00:00.000,2021-661101,0,Y
*,35927,Further Education and Training Certificate in  Payroll Administration Services,,4,153,2006-11-07 00:00:00.000,2009-11-07 00:00:00.000,2010-11-07 00:00:00.000,1900-01-01 00:00:00.000,,1,1900-01-01 00:00:00.000,1900-01-01 00:00:00.000,1900-01-01 00:00:00.000,1900-01-01 00:00:00.000,,0,Y
*,48695,National Certificate Measurement Control and Instrumentation,,2,137,2007-04-03 00:00:00.000,2010-04-03 00:00:00.000,2011-04-03 00:00:00.000,1900-01-01 00:00:00.000,,1,1900-01-01 00:00:00.000,1900-01-01 00:00:00.000,1900-01-01 00:00:00.000,1900-01-01 00:00:00.000,2021-661101,0,Y
*,21811,National Certificate: Introduction to Mining and Minerals V2,,1,120,2005-08-23 00:00:00.000,2008-08-23 00:00:00.000,2009-08-23 00:00:00.000,1900-01-01 00:00:00.000,629,1,1900-01-01 00:00:00.000,1900-01-01 00:00:00.000,1900-01-01 00:00:00.000,1900-01-01 00:00:00.000,,0,Y
*,35926,National Certificate in Payroll Administration Services,,5,240,2006-11-07 00:00:00.000,2009-11-07 00:00:00.000,2010-11-07 00:00:00.000,1900-01-01 00:00:00.000,629,2,1900-01-01 00:00:00.000,1900-01-01 00:00:00.000,1900-01-01 00:00:00.000,1900-01-01 00:00:00.000,,0,Y
*,48914,National Certificate in  Associate General Accountant,,6,547,2007-04-03 00:00:00.000,2010-04-03 00:00:00.000,2011-04-03 00:00:00.000,1900-01-01 00:00:00.000,,2,1900-01-01 00:00:00.000,1900-01-01 00:00:00.000,1900-01-01 00:00:00.000,1900-01-01 00:00:00.000,,0,Y
*,22860,Further Education and Training Certificate in Autotronics,,4,135,2006-11-07 00:00:00.000,2009-11-07 00:00:00.000,2010-11-07 00:00:00.000,1900-01-01 00:00:00.000,,1,1900-01-01 00:00:00.000,1900-01-01 00:00:00.000,1900-01-01 00:00:00.000,1900-01-01 00:00:00.000,,0,Y
*,22858,National Certificate Autotronics,,2,128,2006-11-07 00:00:00.000,2009-11-07 00:00:00.000,2010-11-07 00:00:00.000,1900-01-01 00:00:00.000,,1,1900-01-01 00:00:00.000,1900-01-01 00:00:00.000,1900-01-01 00:00:00.000,1900-01-01 00:00:00.000,,0,Y
*,48912,National Certificate in  Chartered Accountant Financial Management,,7,698,2006-07-01 00:00:00.000,2009-07-01 00:00:00.000,2010-07-01 00:00:00.000,1900-01-01 00:00:00.000,,2,1900-01-01 00:00:00.000,1900-01-01 00:00:00.000,1900-01-01 00:00:00.000,1900-01-01 00:00:00.000,,0,Y
*,24493,National Certificate in  Management,,5,120,2006-05-02 00:00:00.000,2009-05-02 00:00:00.000,2010-05-02 00:00:00.000,2024-01-01 00:00:00.000,611,2,1900-01-01 00:30:00.000,1900-01-01 00:30:00.000,1900-01-01 00:30:00.000,1900-01-01 00:30:00.000,,0,Y
*,13716,National Certificate Professional Driving,,3,120,2003-12-03 00:00:00.000,2006-12-03 00:00:00.000,2007-12-03 00:00:00.000,1900-01-01 00:00:00.000,629,2,1900-01-01 00:00:00.000,1900-01-01 00:00:00.000,1900-01-01 00:00:00.000,1900-01-01 00:00:00.000,,0,Y
*,22671,National Certificate in Construction Masonry,,3,120,2006-08-01 00:00:00.000,2009-08-01 00:00:00.000,2010-08-01 00:00:00.000,1900-01-01 00:00:00.000,,1,1900-01-01 00:00:00.000,1900-01-01 00:00:00.000,1900-01-01 00:00:00.000,1900-01-01 00:00:00.000,,0,Y
*,21853,National Certificate: Construction Plumbing,,3,159,2006-08-01 00:00:00.000,2009-08-01 00:00:00.000,2010-08-01 00:00:00.000,1900-01-01 00:00:00.000,,1,1900-01-01 00:00:00.000,1900-01-01 00:00:00.000,1900-01-01 00:00:00.000,1900-01-01 00:00:00.000,,0,Y
*,22670,National Certificate: Construction Carpentry,,3,120,2006-08-01 00:00:00.000,2009-08-01 00:00:00.000,2010-08-01 00:00:00.000,1900-01-01 00:00:00.000,,1,1900-01-01 00:00:00.000,1900-01-01 00:00:00.000,1900-01-01 00:00:00.000,1900-01-01 00:00:00.000,,0,Y
*,24273,National Certificate: Community House Building,,2,124,2006-08-01 00:00:00.000,2009-08-01 00:00:00.000,2010-08-01 00:00:00.000,1900-01-01 00:00:00.000,,1,1900-01-01 00:00:00.000,1900-01-01 00:00:00.000,1900-01-01 00:00:00.000,1900-01-01 00:00:00.000,,0,Y
*,22490,National Certificate General Security Practice,,3,124,2005-11-01 00:00:00.000,2008-11-01 00:00:00.000,2009-11-01 00:00:00.000,1900-01-01 00:00:00.000,,2,1900-01-01 00:00:00.000,1900-01-01 00:00:00.000,1900-01-01 00:00:00.000,1900-01-01 00:00:00.000,,0,Y
*,21854,Further Education and Training Certificate in Use of Firearms,,4,155,2005-11-01 00:00:00.000,2008-11-01 00:00:00.000,2009-11-01 00:00:00.000,1900-01-01 00:00:00.000,,2,1900-01-01 00:00:00.000,1900-01-01 00:00:00.000,1900-01-01 00:00:00.000,1900-01-01 00:00:00.000,,0,Y
*,13739,"Further Education and Training Certificate in Occupation-directed Education, Training and Developmen",,4,126,2000-10-11 00:00:00.000,2003-10-11 00:00:00.000,2004-10-11 00:00:00.000,1900-01-01 00:00:00.000,629,1,1900-01-01 00:00:00.000,1900-01-01 00:00:00.000,1900-01-01 00:00:00.000,1900-01-01 00:00:00.000,,0,Y
*,15541,National Certificate in Abet Practice,,5,120,2007-12-07 00:00:00.000,2010-12-07 00:00:00.000,2011-12-07 00:00:00.000,1900-01-01 00:00:00.000,,2,1900-01-01 00:00:00.000,1900-01-01 00:00:00.000,1900-01-01 00:00:00.000,1900-01-01 00:00:00.000,,0,Y
*,12037,National Certificate in Education: Training and Development,,2,128,2006-01-07 00:00:00.000,2009-01-07 00:00:00.000,2010-01-07 00:00:00.000,1900-01-01 00:00:00.000,,2,1900-01-01 00:00:00.000,1900-01-01 00:00:00.000,1900-01-01 00:00:00.000,1900-01-01 00:00:00.000,,0,Y
*,20838,Further Education and Training Certificate in   ABET Practice,,4,120,2006-11-07 00:00:00.000,2009-11-07 00:00:00.000,2010-11-07 00:00:00.000,1900-01-01 00:00:00.000,,1,1900-01-01 00:00:00.000,1900-01-01 00:00:00.000,1900-01-01 00:00:00.000,1900-01-01 00:00:00.000,,0,Y
*,49091,National Certificate in Furniture Making Wood,,2,125,2007-10-30 00:00:00.000,2010-10-30 00:00:00.000,2011-10-30 00:00:00.000,1900-01-01 00:00:00.000,,1,1900-01-01 00:00:00.000,1900-01-01 00:00:00.000,1900-01-01 00:00:00.000,1900-01-01 00:00:00.000,,0,Y
*,49105,National Certificate Furniture Making Wood,,3,122,2007-10-30 00:00:00.000,2010-10-30 00:00:00.000,2011-10-30 00:00:00.000,1900-01-01 00:00:00.000,629,1,1900-01-01 00:00:00.000,1900-01-01 00:00:00.000,1900-01-01 00:00:00.000,1900-01-01 00:00:00.000,,0,Y
*,49092,Further Education and Training Certificate in Furniture Making Specialism,,4,155,2007-10-30 00:00:00.000,2010-10-30 00:00:00.000,2011-10-30 00:00:00.000,1900-01-01 00:00:00.000,629,1,1900-01-01 00:00:00.000,1900-01-01 00:00:00.000,1900-01-01 00:00:00.000,1900-01-01 00:00:00.000,,0,Y
*,23255,National Certificate Mechanical Engineering Fitting and Machining,,3,174,2018-07-01 00:00:00.000,2024-06-30 00:00:00.000,2024-06-30 00:00:00.000,1900-01-01 00:00:00.000,,1,1900-01-01 00:00:00.000,1900-01-01 00:00:00.000,1900-01-01 00:00:00.000,1900-01-01 00:00:00.000,2021-653303,0,Y
*,49046,National Certificate in Lump Ore Beneficiation (L3),,3,120,2007-10-30 00:00:00.000,2010-10-30 00:00:00.000,2011-10-30 00:00:00.000,1900-01-01 00:00:00.000,629,1,1900-01-01 00:00:00.000,1900-01-01 00:00:00.000,1900-01-01 00:00:00.000,1900-01-01 00:00:00.000,,0,Y
*,49049,Further Education and Training Certificate in Lump Ore Beneficiation,,4,135,2007-04-03 00:00:00.000,2010-04-03 00:00:00.000,2011-04-03 00:00:00.000,1900-01-01 00:00:00.000,629,1,1900-01-01 00:00:00.000,1900-01-01 00:00:00.000,1900-01-01 00:00:00.000,1900-01-01 00:00:00.000,,0,Y
*,49044,"National Certificate in Mineral Processing, Gold Extraction",,3,124,2007-10-30 00:00:00.000,2010-10-30 00:00:00.000,2011-10-30 00:00:00.000,1900-01-01 00:00:00.000,629,1,1900-01-01 00:00:00.000,1900-01-01 00:00:00.000,1900-01-01 00:00:00.000,1900-01-01 00:00:00.000,,0,Y
*,57121,National Certificate in Rockbreaking: Quarrying,,3,120,2006-12-11 00:00:00.000,2009-12-11 00:00:00.000,2010-12-11 00:00:00.000,1900-01-01 00:00:00.000,629,1,1900-01-01 00:00:00.000,1900-01-01 00:00:00.000,1900-01-01 00:00:00.000,1900-01-01 00:00:00.000,,0,Y
*,58186,National Certificate in Sulphuric Acid Production,,3,134,2007-01-01 00:00:00.000,2010-01-01 00:00:00.000,2011-01-01 00:00:00.000,1900-01-01 00:00:00.000,,1,1900-01-01 00:00:00.000,1900-01-01 00:00:00.000,1900-01-01 00:00:00.000,1900-01-01 00:00:00.000,,0,Y
*,58226,National Certificate in Sulphuric Acid Production,,2,166,2007-01-01 00:00:00.000,2010-01-01 00:00:00.000,2011-01-01 00:00:00.000,1900-01-01 00:00:00.000,629,2,1900-01-01 00:00:00.000,1900-01-01 00:00:00.000,1900-01-01 00:00:00.000,1900-01-01 00:00:00.000,,0,Y
*,58228,Further Education and Training Certificate in Sulphuric Acid Production,,4,146,2007-01-01 00:00:00.000,2010-01-01 00:00:00.000,2011-01-01 00:00:00.000,1900-01-01 00:00:00.000,629,1,1900-01-01 00:00:00.000,1900-01-01 00:00:00.000,1900-01-01 00:00:00.000,1900-01-01 00:00:00.000,,0,Y
*,50082,Further Education and Training Certificate in  Minerals Surveying,,4,148,2018-07-01 00:00:00.000,2026-06-30 00:00:00.000,2026-06-30 00:00:00.000,2029-06-30 00:00:00.000,629,1,1900-01-01 00:00:00.000,1900-01-01 00:00:00.000,1900-01-01 00:00:00.000,1900-01-01 00:00:00.000,2021-311202,0,Y
*,48972,National Certificate: Plant Production,,1,120,2007-10-30 00:00:00.000,2010-10-30 00:00:00.000,2011-10-30 00:00:00.000,1900-01-01 00:00:00.000,,1,1900-01-01 00:00:00.000,1900-01-01 00:00:00.000,1900-01-01 00:00:00.000,1900-01-01 00:00:00.000,,0,Y
*,21839,National Certificate In Mining Operations Underground Hardrock Narrow Tabular (Version1),,2,159,2002-06-12 00:00:00.000,2005-06-12 00:00:00.000,2006-06-12 00:00:00.000,1900-01-01 00:00:00.000,629,1,1900-01-01 00:00:00.000,1900-01-01 00:00:00.000,1900-01-01 00:00:00.000,1900-01-01 00:00:00.000,,0,Y
*,21840,National Certificate in Rockbreaking Underground Hardrock Narrow Tabular (Version1),,3,140,2002-06-12 00:00:00.000,2005-06-12 00:00:00.000,2006-06-12 00:00:00.000,1900-01-01 00:00:00.000,629,1,1900-01-01 00:00:00.000,1900-01-01 00:00:00.000,1900-01-01 00:00:00.000,1900-01-01 00:00:00.000,,0,Y
*,14115,National Certificate in Fast Food Services,,3,138,2007-08-07 00:00:00.000,2010-08-07 00:00:00.000,2011-08-07 00:00:00.000,1900-01-01 00:00:00.000,,2,1900-01-01 00:00:00.000,1900-01-01 00:00:00.000,1900-01-01 00:00:00.000,1900-01-01 00:00:00.000,,0,Y
*,23654,National Certificate in Generic Management,,3,120,2006-05-02 00:00:00.000,2012-06-30 00:00:00.000,2013-06-30 00:00:00.000,1900-01-01 00:00:00.000,,1,1900-01-01 00:00:00.000,1900-01-01 00:00:00.000,1900-01-01 00:00:00.000,1900-01-01 00:00:00.000,,0,Y
*,23656,Further Education and Training Certificate in Management,,4,140,2006-03-14 00:00:00.000,2009-03-14 00:00:00.000,2010-03-14 00:00:00.000,1900-01-01 00:00:00.000,,1,1900-01-01 00:00:00.000,1900-01-01 00:00:00.000,1900-01-01 00:00:00.000,1900-01-01 00:00:00.000,,0,Y
*,58274,Further Education and Training Certificate in Jewellery Setting Processes,,4,146,2018-07-01 00:00:00.000,2026-06-30 00:00:00.000,2026-06-30 00:00:00.000,2029-06-30 00:00:00.000,629,1,1900-01-01 00:00:00.000,1900-01-01 00:00:00.000,1900-01-01 00:00:00.000,1900-01-01 00:00:00.000,2021-661302,0,Y
*,22859,National Certificate in Autotronics,,3,140,2006-11-07 00:00:00.000,2009-11-07 00:00:00.000,2010-11-07 00:00:00.000,1900-01-01 00:00:00.000,,1,1900-01-01 00:00:00.000,1900-01-01 00:00:00.000,1900-01-01 00:00:00.000,1900-01-01 00:00:00.000,,0,Y
*,48918,Further Education and Training Certificate in Measurement Control and Instrumentation,,6,120,2007-08-07 00:00:00.000,2010-08-07 00:00:00.000,2011-08-07 00:00:00.000,1900-01-01 00:00:00.000,629,2,1900-01-01 00:00:00.000,1900-01-01 00:00:00.000,1900-01-01 00:00:00.000,1900-01-01 00:00:00.000,2021-661101,0,Y
*,50309,Further Education and Training Certificate: Environmental Practice,,4,140,2006-04-20 00:00:00.000,2009-04-20 00:00:00.000,2010-04-20 00:00:00.000,1900-01-01 00:00:00.000,,1,1900-01-01 00:00:00.000,1900-01-01 00:00:00.000,1900-01-01 00:00:00.000,1900-01-01 00:00:00.000,,0,Y
*,49596,National Certificate: Radiation Monitoring,,3,120,2008-06-24 00:00:00.000,2011-06-24 00:00:00.000,2012-06-24 00:00:00.000,1900-01-01 00:00:00.000,,2,1900-01-01 00:00:00.000,1900-01-01 00:00:00.000,1900-01-01 00:00:00.000,1900-01-01 00:00:00.000,,0,Y
*,57692,Further Education and Training Certificate: Carbonate Materials Manufacturing Processes,,4,159,2018-07-01 00:00:00.000,2026-06-30 00:00:00.000,2026-06-30 00:00:00.000,2029-06-30 00:00:00.000,629,1,1900-01-01 00:00:00.000,1900-01-01 00:00:00.000,1900-01-01 00:00:00.000,1900-01-01 00:00:00.000,2021-831305,0,Y
*,57876,Further Education and Training Certificate: Jewellery Manufacturing Operations,,4,150,2018-07-01 00:00:00.000,2027-06-30 00:00:00.000,2027-06-30 00:00:00.000,1900-01-01 00:00:00.000,629,1,1900-01-01 00:00:00.000,1900-01-01 00:00:00.000,1900-01-01 00:00:00.000,1900-01-01 00:00:00.000,2021-712102,0,Y
*,57875,Further Education and Training Certificate: Jewellery Designing,,4,146,2018-07-01 00:00:00.000,2027-06-30 00:00:00.000,2027-06-30 00:00:00.000,1900-01-01 00:00:00.000,629,1,1900-01-01 00:00:00.000,1900-01-01 00:00:00.000,1900-01-01 00:00:00.000,1900-01-01 00:00:00.000,2021-661302,0,Y
*,60295,Further Education and Training Certificate: Electro-Mechanics: Mining and Minerals,,4,171,2018-07-01 00:00:00.000,2026-06-30 00:00:00.000,2026-06-30 00:00:00.000,2029-06-30 00:00:00.000,629,1,1900-01-01 00:00:00.000,1900-01-01 00:00:00.000,1900-01-01 00:00:00.000,1900-01-01 00:00:00.000,2021-671202,0,Y
*,58267,General Education and Training Certificate: Mining and Minerals Processes,,1,120,2018-07-01 00:00:00.000,2026-06-30 00:00:00.000,2026-06-30 00:00:00.000,2029-06-30 00:00:00.000,629,1,1900-01-01 00:00:00.000,1900-01-01 00:00:00.000,1900-01-01 00:00:00.000,1900-01-01 00:00:00.000,,0,Y
*,60293,National Certificate: Electro-Mechanics: Mining and Minerals,,2,166,2018-07-01 00:00:00.000,2027-06-30 00:00:00.000,2027-06-30 00:00:00.000,1900-01-01 00:00:00.000,629,1,1900-01-01 00:00:00.000,1900-01-01 00:00:00.000,1900-01-01 00:00:00.000,1900-01-01 00:00:00.000,,0,Y
*,60294,National Certificate: Electro-Mechanics: Mining and Minerals,,3,141,2018-07-01 00:00:00.000,2026-06-30 00:00:00.000,2026-06-30 00:00:00.000,2029-06-30 00:00:00.000,629,1,1900-01-01 00:00:00.000,1900-01-01 00:00:00.000,1900-01-01 00:00:00.000,1900-01-01 00:00:00.000,2021-671202,0,Y
*,2663/05,Continous Processes: Chemical Operations,,,120,2007-01-01 00:00:00.000,2010-01-01 00:00:00.000,2011-01-01 00:00:00.000,1900-01-01 00:00:00.000,,2,1900-01-01 00:00:00.000,1900-01-01 00:00:00.000,1900-01-01 00:00:00.000,1900-01-01 00:00:00.000,,0,Y
*,58739,National Certificate: Mining Operations for Underground Hard Rock,,2,130,2018-07-01 00:00:00.000,2027-06-30 00:00:00.000,2027-06-30 00:00:00.000,1900-01-01 00:00:00.000,629,1,1900-01-01 00:00:00.000,1900-01-01 00:00:00.000,1900-01-01 00:00:00.000,1900-01-01 00:00:00.000,2021-711101,0,Y
*,58760,National Certificate: Rock Breaking Underground Hard Rock (Version 3),,3,126,2018-07-01 00:00:00.000,2027-06-30 00:00:00.000,2027-06-30 00:00:00.000,1900-01-01 00:00:00.000,629,1,1900-01-01 00:00:00.000,1900-01-01 00:00:00.000,1900-01-01 00:00:00.000,1900-01-01 00:00:00.000,2021-711101,0,Y
*,60290,National Certificate Engineering Fabrication: Mining and Minerals,,2,148,2018-07-01 00:00:00.000,2026-06-30 00:00:00.000,2026-06-30 00:00:00.000,2029-06-30 00:00:00.000,629,1,1900-01-01 00:00:00.000,1900-01-01 00:00:00.000,1900-01-01 00:00:00.000,1900-01-01 00:00:00.000,2021-214103,0,Y
*,60291,National Ceritificate Engineering Fabrication: Mining and Minerals,,3,138,2018-07-01 00:00:00.000,2026-06-30 00:00:00.000,2026-06-30 00:00:00.000,2029-06-30 00:00:00.000,,1,1900-01-01 00:00:00.000,1900-01-01 00:00:00.000,1900-01-01 00:00:00.000,1900-01-01 00:00:00.000,2021-214103,0,Y
*,60292,Further Education and Training Certificate in Engineering Fabrication: Mining and Minerals,,4,141,2018-07-01 00:00:00.000,2026-06-30 00:00:00.000,2026-06-30 00:00:00.000,2029-06-30 00:00:00.000,,1,1900-01-01 00:00:00.000,1900-01-01 00:00:00.000,1900-01-01 00:00:00.000,1900-01-01 00:00:00.000,2021-214103,0,Y
*,20907,National Certificate in Customer Management,,4,120,2005-09-13 00:00:00.000,2008-09-13 00:00:00.000,2009-09-13 00:00:00.000,1900-01-01 00:00:00.000,,1,1900-01-01 00:00:00.000,1900-01-01 00:00:00.000,1900-01-01 00:00:00.000,1900-01-01 00:00:00.000,,0,Y
*,50334,National Certificate in Occupationally Directed Education Training and Develpment Practivrd,,5,120,2006-08-30 00:00:00.000,2009-08-30 00:00:00.000,2010-08-30 00:00:00.000,1900-01-01 00:00:00.000,,1,1900-01-01 00:00:00.000,1900-01-01 00:00:00.000,1900-01-01 00:00:00.000,1900-01-01 00:00:00.000,,0,Y
*,58952,further Education and Training Certificate: Laboratory Analysis,,4,140,2007-10-18 00:00:00.000,2010-10-18 00:00:00.000,2011-10-18 00:00:00.000,1900-01-01 00:00:00.000,,1,1900-01-01 00:00:00.000,1900-01-01 00:00:00.000,1900-01-01 00:00:00.000,1900-01-01 00:00:00.000,2021-134902,0,Y
*,59305,National Certificate Mineral Processing,,2,129,2018-07-01 00:00:00.000,2027-06-30 00:00:00.000,2027-06-30 00:00:00.000,1900-01-01 00:00:00.000,629,1,1900-01-01 00:00:00.000,1900-01-01 00:00:00.000,1900-01-01 00:00:00.000,1900-01-01 00:00:00.000,2021-711201,0,Y
*,59851,National Certificate: Diamond Processing,,3,150,2018-07-01 00:00:00.000,2027-06-30 00:00:00.000,2027-06-30 00:00:00.000,1900-01-01 00:00:00.000,629,1,1900-01-01 00:00:00.000,1900-01-01 00:00:00.000,1900-01-01 00:00:00.000,1900-01-01 00:00:00.000,2021-661302,0,Y
*,59549,National Certificate: Strata Control Operations,,2,123,2018-07-01 00:00:00.000,2027-06-30 00:00:00.000,2027-06-30 00:00:00.000,1900-01-01 00:00:00.000,629,1,1900-01-01 00:00:00.000,1900-01-01 00:00:00.000,1900-01-01 00:00:00.000,1900-01-01 00:00:00.000,2021-132203,0,Y
*,60369,National Certificate Strata Contol operations,,3,136,2018-07-01 00:00:00.000,2026-06-30 00:00:00.000,2026-06-30 00:00:00.000,2029-06-30 00:00:00.000,629,1,1900-01-01 00:00:00.000,1900-01-01 00:00:00.000,1900-01-01 00:00:00.000,1900-01-01 00:00:00.000,2021-132203,0,Y
*,63477,National Certificate: Mechanical Engineering : Mining and Minerals,,2,130,2018-07-01 00:00:00.000,2026-06-30 00:00:00.000,2026-06-30 00:00:00.000,2029-06-30 00:00:00.000,,1,1900-01-01 00:00:00.000,1900-01-01 00:00:00.000,1900-01-01 00:00:00.000,1900-01-01 00:00:00.000,2021-652302,0,Y
*,63471,National Certificate: Mechanical Engineering: Fitting: Mining and Minerals,,3,120,2018-07-01 00:00:00.000,2026-06-30 00:00:00.000,2026-06-30 00:00:00.000,2029-06-30 00:00:00.000,,1,1900-01-01 00:00:00.000,1900-01-01 00:00:00.000,1900-01-01 00:00:00.000,1900-01-01 00:00:00.000,2021-652302,0,Y
*,63481,FETC: Mechanical Engineering : Fitting: Mining and Minerals,,4,120,2018-07-01 00:00:00.000,2026-06-30 00:00:00.000,2026-06-30 00:00:00.000,2029-06-30 00:00:00.000,,1,1900-01-01 00:00:00.000,1900-01-01 00:00:00.000,1900-01-01 00:00:00.000,1900-01-01 00:00:00.000,2021-652302,0,Y
*,60349,National Certificate: Mining Technical Support,,2,125,2018-07-01 00:00:00.000,2027-06-30 00:00:00.000,2027-06-30 00:00:00.000,1900-01-01 00:00:00.000,629,1,1900-01-01 00:00:00.000,1900-01-01 00:00:00.000,1900-01-01 00:00:00.000,1900-01-01 00:00:00.000,2021-351302,0,Y
*,23953,Further Education and Training Certificate: New Venture Creation (SMME) ,,4,162,2008-05-13 00:00:00.000,2011-05-13 00:00:00.000,2012-05-13 00:00:00.000,1900-01-01 00:00:00.000,,1,1900-01-01 00:00:00.000,1900-01-01 00:00:00.000,1900-01-01 00:00:00.000,1900-01-01 00:00:00.000,,0,Y
*,23630,National Certificate Plater/Boilermaker ,,3,0,2018-07-01 00:00:00.000,2024-06-30 00:00:00.000,2024-06-30 00:00:00.000,1900-01-01 00:00:00.000,629,1,1900-01-01 00:00:00.000,1900-01-01 00:00:00.000,1900-01-01 00:00:00.000,1900-01-01 00:00:00.000,2021-651302,0,Y
*,23631,National Certificate Plater/Welder ,,3,0,2018-07-01 00:00:00.000,2024-06-30 00:00:00.000,2024-06-30 00:00:00.000,1900-01-01 00:00:00.000,629,1,1900-01-01 00:00:00.000,1900-01-01 00:00:00.000,1900-01-01 00:00:00.000,1900-01-01 00:00:00.000,2021-651202,0,Y
*,49014,National Certificate in  Rockbreaking for Underground Hard Rock (version 2),,3,130,2007-01-01 00:00:00.000,2010-01-01 00:00:00.000,2011-01-01 00:00:00.000,1900-01-01 00:00:00.000,629,1,1900-01-01 00:00:00.000,1900-01-01 00:00:00.000,1900-01-01 00:00:00.000,1900-01-01 00:00:00.000,,0,Y
*,23633,National Certificate: Millwright,,4,0,2018-07-01 00:00:00.000,2024-06-30 00:00:00.000,2024-06-30 00:00:00.000,1900-01-01 00:00:00.000,629,1,1900-01-01 00:00:00.000,1900-01-01 00:00:00.000,1900-01-01 00:00:00.000,1900-01-01 00:00:00.000,2021-671202,0,Y
*,49013,National Certificate Mining Operations Underground Hard Rock ,,2,140,2007-04-03 00:00:00.000,2010-04-03 00:00:00.000,2011-04-03 00:00:00.000,1900-01-01 00:00:00.000,629,1,1900-01-01 00:00:00.000,1900-01-01 00:00:00.000,1900-01-01 00:00:00.000,1900-01-01 00:00:00.000,,0,Y
*,23655,Natioanl Certificate: Business Administration Services,,3,120,2006-05-02 00:00:00.000,2009-05-02 00:00:00.000,2010-05-02 00:00:00.000,1900-01-01 00:00:00.000,,1,1900-01-01 00:00:00.000,1900-01-01 00:00:00.000,1900-01-01 00:00:00.000,1900-01-01 00:00:00.000,,0,Y
*,48873,Occupationally Directed Education and Training Practices,,5,125,2004-06-09 00:00:00.000,2007-06-09 00:00:00.000,2008-06-09 00:00:00.000,1900-01-01 00:00:00.000,,1,1900-01-01 00:00:00.000,1900-01-01 00:00:00.000,1900-01-01 00:00:00.000,1900-01-01 00:00:00.000,,0,Y
*,35928,National Certificate: Business Administration,,4,140,2007-01-23 00:00:00.000,2010-01-23 00:00:00.000,2011-01-23 00:00:00.000,1900-01-01 00:00:00.000,,1,1900-01-01 00:00:00.000,1900-01-01 00:00:00.000,1900-01-01 00:00:00.000,1900-01-01 00:00:00.000,,0,Y
*,16Q1600616,Lump ore Beneficiation: Diamonds  (version2),,2,0,2007-01-01 00:00:00.000,2010-01-01 00:00:00.000,2011-01-01 00:00:00.000,1900-01-01 00:00:00.000,,1,1900-01-01 00:00:00.000,1900-01-01 00:00:00.000,1900-01-01 00:00:00.000,1900-01-01 00:00:00.000,,0,Y
*,62796,Further Education and Taining CertificateL Strata Control Operations,,4,165,2018-07-01 00:00:00.000,2026-06-30 00:00:00.000,2026-06-30 00:00:00.000,2029-06-30 00:00:00.000,629,1,1900-01-01 00:00:00.000,1900-01-01 00:00:00.000,1900-01-01 00:00:00.000,1900-01-01 00:00:00.000,2021-132203,0,Y
*,64249,Further Education and Training Certificate: Diamond and Evaluation,,4,164,2018-07-01 00:00:00.000,2027-06-30 00:00:00.000,2027-06-30 00:00:00.000,1900-01-01 00:00:00.000,,1,1900-01-01 00:00:00.000,1900-01-01 00:00:00.000,1900-01-01 00:00:00.000,1900-01-01 00:00:00.000,2021-661302,0,Y
*,49648,National Certificate: New Venture Creation (SMME),,2,138,2018-07-01 00:00:00.000,2026-06-30 00:00:00.000,2026-06-30 00:00:00.000,2029-06-29 00:00:00.000,611,1,2018-07-01 00:00:00.000,2023-06-30 00:00:00.000,2026-06-30 00:00:00.000,2029-07-01 00:00:00.000,,138,Y
*,65190,National Certificate: Metals Production: Mining and Minerals,,2,120,2018-07-01 00:00:00.000,2027-06-30 00:00:00.000,2027-06-30 00:00:00.000,1900-01-01 00:00:00.000,629,1,1900-01-01 00:00:00.000,1900-01-01 00:00:00.000,1900-01-01 00:00:00.000,1900-01-01 00:00:00.000,2021-651301,0,Y
*,65192,National Certificate: Metals Production: Mining and Minerals,,3,120,2018-07-01 00:00:00.000,2026-06-30 00:00:00.000,2026-06-30 00:00:00.000,2029-06-30 00:00:00.000,,1,1900-01-01 00:00:00.000,1900-01-01 00:00:00.000,1900-01-01 00:00:00.000,1900-01-01 00:00:00.000,2021-651301,0,Y
*,65194,Further Education and Training Certificate: Metals Production: Mining and Minerals,,4,140,2018-07-01 00:00:00.000,2026-06-30 00:00:00.000,2026-06-30 00:00:00.000,2029-06-30 00:00:00.000,,1,1900-01-01 00:00:00.000,1900-01-01 00:00:00.000,1900-01-01 00:00:00.000,1900-01-01 00:00:00.000,2021-651301,0,Y
*,62869,National Certificate: Rockbreaking: Surface Excavations,,3,141,2018-07-01 00:00:00.000,2027-06-30 00:00:00.000,2027-06-30 00:00:00.000,1900-01-01 00:00:00.000,629,1,1900-01-01 00:00:00.000,1900-01-01 00:00:00.000,1900-01-01 00:00:00.000,1900-01-01 00:00:00.000,2021-684202,0,Y
*,64309,General Education and Training Certificate: Adult Basic Education and Training,,1,120,2008-11-26 00:00:00.000,2012-06-30 00:00:00.000,2013-06-30 00:00:00.000,1900-01-01 00:00:00.000,,1,1900-01-01 00:00:00.000,1900-01-01 00:00:00.000,1900-01-01 00:00:00.000,1900-01-01 00:00:00.000,,0,Y
*,64909,National Certificate: Small Scale Mining,,2,143,2018-07-01 00:00:00.000,2026-06-30 00:00:00.000,2026-06-30 00:00:00.000,2029-06-30 00:00:00.000,,1,1900-01-01 00:00:00.000,1900-01-01 00:00:00.000,1900-01-01 00:00:00.000,1900-01-01 00:00:00.000,2021-214602,0,Y
*,64729,Further Education and Training Certificate: Diamond Processing,,4,161,2018-07-01 00:00:00.000,2027-06-30 00:00:00.000,2027-06-30 00:00:00.000,1900-01-01 00:00:00.000,629,1,1900-01-01 00:00:00.000,1900-01-01 00:00:00.000,1900-01-01 00:00:00.000,1900-01-01 00:00:00.000,2021-661302,0,Y
*,67429,National Certificate: Electrical Engineering: Mining and Minerals,,2,140,2018-07-01 00:00:00.000,2026-06-30 00:00:00.000,2026-06-30 00:00:00.000,2029-06-30 00:00:00.000,,1,1900-01-01 00:00:00.000,1900-01-01 00:00:00.000,1900-01-01 00:00:00.000,1900-01-01 00:00:00.000,2021-671101,0,Y
*,78545,Further Education and Training Certificate: Automotive Repair and Maintenance: Mining and Minerals,,4,159,2018-07-01 00:00:00.000,2026-06-30 00:00:00.000,2026-06-30 00:00:00.000,2029-06-30 00:00:00.000,,1,1900-01-01 00:00:00.000,1900-01-01 00:00:00.000,1900-01-01 00:00:00.000,1900-01-01 00:00:00.000,,0,Y
*,72071,National Certificate: Electrical Engineering: Mining and Minerals,,3,133,2018-07-01 00:00:00.000,2026-06-30 00:00:00.000,2026-06-30 00:00:00.000,2029-06-30 00:00:00.000,,1,1900-01-01 00:00:00.000,1900-01-01 00:00:00.000,1900-01-01 00:00:00.000,1900-01-01 00:00:00.000,,0,Y
*,72069,Further Education and Training Certificate: Electrical Engineering: Mining and Minerals,,4,130,2018-07-01 00:00:00.000,2026-06-30 00:00:00.000,2026-06-30 00:00:00.000,2029-06-30 00:00:00.000,,1,1900-01-01 00:00:00.000,1900-01-01 00:00:00.000,1900-01-01 00:00:00.000,1900-01-01 00:00:00.000,2021-671101,0,Y
*,64810,National Certificate: Automotive Repair and Maintenance,,2,125,2009-02-18 00:00:00.000,2012-06-30 00:00:00.000,2013-06-30 00:00:00.000,1900-01-01 00:00:00.000,,1,1900-01-01 00:00:00.000,1900-01-01 00:00:00.000,1900-01-01 00:00:00.000,1900-01-01 00:00:00.000,2021-653201,0,Y
*,64809,National Certificate: Automotive Repair and Maintenance,,3,135,2009-02-18 00:00:00.000,2012-06-30 00:00:00.000,2013-06-30 00:00:00.000,1900-01-01 00:00:00.000,,1,1900-01-01 00:00:00.000,1900-01-01 00:00:00.000,1900-01-01 00:00:00.000,1900-01-01 00:00:00.000,2021-653201,0,Y
*,64789,National Diploma: Automotive Repair and Maintenance,,5,144,2009-02-18 00:00:00.000,2012-06-30 00:00:00.000,2013-06-30 00:00:00.000,1900-01-01 00:00:00.000,,1,1900-01-01 00:00:00.000,1900-01-01 00:00:00.000,1900-01-01 00:00:00.000,1900-01-01 00:00:00.000,,0,Y
*,65049,National Certificate: Jewellery manufacturing,,2,134,2018-07-01 00:00:00.000,2027-06-30 00:00:00.000,2027-06-30 00:00:00.000,1900-01-01 00:00:00.000,629,1,1900-01-01 00:00:00.000,1900-01-01 00:00:00.000,1900-01-01 00:00:00.000,1900-01-01 00:00:00.000,2021-711202,0,Y
*,65209,National Certificate: Jewellery Manufacturing,,3,137,2018-07-01 00:00:00.000,2027-06-30 00:00:00.000,2027-06-30 00:00:00.000,1900-01-01 00:00:00.000,629,1,1900-01-01 00:00:00.000,1900-01-01 00:00:00.000,1900-01-01 00:00:00.000,1900-01-01 00:00:00.000,2021-711202,0,Y
*,65549,National Certificate: Mining Technical Support,,3,138,2018-07-01 00:00:00.000,2027-06-30 00:00:00.000,2027-06-30 00:00:00.000,1900-01-01 00:00:00.000,,1,1900-01-01 00:00:00.000,1900-01-01 00:00:00.000,1900-01-01 00:00:00.000,1900-01-01 00:00:00.000,2021-351302,0,Y
*,63485,National Certificate: Mechanical Handling (Rigging): Mining and Minerals,,2,127,2018-07-01 00:00:00.000,2026-06-30 00:00:00.000,2026-06-30 00:00:00.000,2029-06-30 00:00:00.000,,1,1900-01-01 00:00:00.000,1900-01-01 00:00:00.000,1900-01-01 00:00:00.000,1900-01-01 00:00:00.000,2021-651501,0,Y
*,63490,National Certificate: Mechanical Handling (Rigging): Mining and Minerals,,3,121,2018-07-01 00:00:00.000,2026-06-30 00:00:00.000,2026-06-30 00:00:00.000,2029-06-30 00:00:00.000,,1,1900-01-01 00:00:00.000,1900-01-01 00:00:00.000,1900-01-01 00:00:00.000,1900-01-01 00:00:00.000,2021-651501,0,Y
*,63494,Further Education and Training Certificate: Mechanical Handling (Rigging): Mining and Minerals,,4,136,2018-07-01 00:00:00.000,2026-06-30 00:00:00.000,2026-06-30 00:00:00.000,2029-06-30 00:00:00.000,,1,1900-01-01 00:00:00.000,1900-01-01 00:00:00.000,1900-01-01 00:00:00.000,1900-01-01 00:00:00.000,2021-651501,0,Y
*,62769,National Certificate: Mineral Processing,,3,130,2018-07-01 00:00:00.000,2027-06-30 00:00:00.000,2027-06-30 00:00:00.000,1900-01-01 00:00:00.000,629,1,1900-01-01 00:00:00.000,1900-01-01 00:00:00.000,1900-01-01 00:00:00.000,1900-01-01 00:00:00.000,2021-711201,0,Y
*,60110,National Certificate: Engineering,,5,120,2008-08-20 00:00:00.000,2012-06-30 00:00:00.000,2013-06-30 00:00:00.000,1900-01-01 00:00:00.000,,2,1900-01-01 00:00:00.000,1900-01-01 00:00:00.000,1900-01-01 00:00:00.000,1900-01-01 00:00:00.000,,0,Y
*,73310,National Certificate: Laboratory Practice: Precious Metal,,2,120,2018-07-01 00:00:00.000,2027-06-30 00:00:00.000,2027-06-30 00:00:00.000,1900-01-01 00:00:00.000,,1,1900-01-01 00:00:00.000,1900-01-01 00:00:00.000,1900-01-01 00:00:00.000,1900-01-01 00:00:00.000,2021-134902,0,Y
*,73312,Further Education and Training Certificate: Laboratory Analysis: Mining and Minerals,,4,140,2018-07-01 00:00:00.000,2026-06-30 00:00:00.000,2026-06-30 00:00:00.000,2029-06-30 00:00:00.000,,1,1900-01-01 00:00:00.000,1900-01-01 00:00:00.000,1900-01-01 00:00:00.000,1900-01-01 00:00:00.000,2021-134902,0,Y
*,20159,NQF 5 NATIONAL DIPLOMA IN ABET PRACITICES,,,240,2007-01-01 00:00:00.000,2010-01-01 00:00:00.000,2007-01-01 00:00:00.000,1900-01-01 00:00:00.000,,2,1900-01-01 00:00:00.000,1900-01-01 00:00:00.000,1900-01-01 00:00:00.000,1900-01-01 00:00:00.000,,0,Y
*,48473,National Certificate in Electrical Engineering (Electrical Construction),,,156,2007-01-01 00:00:00.000,2010-01-01 00:00:00.000,2007-01-01 00:00:00.000,1900-01-01 00:00:00.000,,2,1900-01-01 00:00:00.000,1900-01-01 00:00:00.000,1900-01-01 00:00:00.000,1900-01-01 00:00:00.000,,0,Y
*,3,NATIONAL CERTIFICATE GENERAL SECURITY PRACTICES,,3,0,2007-01-01 00:00:00.000,2010-01-01 00:00:00.000,2007-01-01 00:00:00.000,1900-01-01 00:00:00.000,,2,1900-01-01 00:00:00.000,1900-01-01 00:00:00.000,1900-01-01 00:00:00.000,1900-01-01 00:00:00.000,,0,Y
*,64869,National Certificate: Generic Management: Cement Manufacturing: Mining and Minerals,,5,162,2018-07-01 00:00:00.000,2026-06-30 00:00:00.000,2026-06-30 00:00:00.000,2029-06-30 00:00:00.000,,1,1900-01-01 00:00:00.000,1900-01-01 00:00:00.000,1900-01-01 00:00:00.000,1900-01-01 00:00:00.000,,0,Y
*,64950,Further Education and Training Certificate: Laboratory Analysis,,4,140,2009-05-05 00:00:00.000,2015-06-30 00:00:00.000,2016-06-30 00:00:00.000,1900-01-01 00:00:00.000,,1,1900-01-01 00:00:00.000,1900-01-01 00:00:00.000,1900-01-01 00:00:00.000,1900-01-01 00:00:00.000,,0,Y
*,64889,Further Education and Training Certificate: Mineral Processing,,4,137,2018-07-01 00:00:00.000,2027-06-30 00:00:00.000,2027-06-30 00:00:00.000,1900-01-01 00:00:00.000,,1,1900-01-01 00:00:00.000,1900-01-01 00:00:00.000,1900-01-01 00:00:00.000,1900-01-01 00:00:00.000,,0,Y
*,78903,National Certificate: Chemical Operations,,3,120,2018-07-01 00:00:00.000,2026-06-30 00:00:00.000,2026-06-30 00:00:00.000,2029-06-30 00:00:00.000,,1,1900-01-01 00:00:00.000,1900-01-01 00:00:00.000,1900-01-01 00:00:00.000,1900-01-01 00:00:00.000,,0,Y
*,78547,National Certificate: Chemical Operations,,2,135,2018-07-01 00:00:00.000,2027-06-30 00:00:00.000,2027-06-30 00:00:00.000,1900-01-01 00:00:00.000,,1,1900-01-01 00:00:00.000,1900-01-01 00:00:00.000,1900-01-01 00:00:00.000,1900-01-01 00:00:00.000,,0,Y
*,74550,"National Certificate: Measurement, Control and Instrumentation: Mining and Minerals",,2,133,2018-07-01 00:00:00.000,2026-06-30 00:00:00.000,2026-06-30 00:00:00.000,2029-06-30 00:00:00.000,,1,1900-01-01 00:00:00.000,1900-01-01 00:00:00.000,1900-01-01 00:00:00.000,1900-01-01 00:00:00.000,,0,Y
*,74552,"National Certificate: Measurement, Control and Instrumentaion: Mining and Minerals",,3,120,2018-07-01 00:00:00.000,2026-06-30 00:00:00.000,2026-06-30 00:00:00.000,2029-06-30 00:00:00.000,,1,1900-01-01 00:00:00.000,1900-01-01 00:00:00.000,1900-01-01 00:00:00.000,1900-01-01 00:00:00.000,,0,Y
*,74551,"FETC: Measurement, Control and Instrumentation: Mining and Minerals",,4,134,2018-07-01 00:00:00.000,2026-06-30 00:00:00.000,2026-06-30 00:00:00.000,2029-06-30 00:00:00.000,,1,1900-01-01 00:00:00.000,1900-01-01 00:00:00.000,1900-01-01 00:00:00.000,1900-01-01 00:00:00.000,,0,Y
*,74490,Further Education and Training Certificate: Mining Operations,,4,160,2018-07-01 00:00:00.000,2027-06-30 00:00:00.000,2027-06-30 00:00:00.000,1900-01-01 00:00:00.000,,1,1900-01-01 00:00:00.000,1900-01-01 00:00:00.000,1900-01-01 00:00:00.000,1900-01-01 00:00:00.000,,0,Y
*,77963,Further Education and Training Certificate: Mining/Exploration Geology,,4,160,2018-07-01 00:00:00.000,2026-06-30 00:00:00.000,2026-06-30 00:00:00.000,2029-06-30 00:00:00.000,,1,1900-01-01 00:00:00.000,1900-01-01 00:00:00.000,1900-01-01 00:00:00.000,1900-01-01 00:00:00.000,,0,Y
*,78323,National Certificate: Lamproom Operations,,3,126,2018-07-01 00:00:00.000,2026-06-30 00:00:00.000,2026-06-30 00:00:00.000,2029-06-30 00:00:00.000,,1,1900-01-01 00:00:00.000,1900-01-01 00:00:00.000,1900-01-01 00:00:00.000,1900-01-01 00:00:00.000,,0,Y
*,74292,"National Certificate: Occupational Health, Safety and Environment: Mining and Minerals",,2,120,2018-07-01 00:00:00.000,2027-06-30 00:00:00.000,2027-06-30 00:00:00.000,1900-01-01 00:00:00.000,629,1,1900-01-01 00:00:00.000,1900-01-01 00:00:00.000,1900-01-01 00:00:00.000,1900-01-01 00:00:00.000,2021-226302,0,Y
*,78843,National Certificate: Diamond Processing,,5,121,2018-07-01 00:00:00.000,2026-06-30 00:00:00.000,2026-06-30 00:00:00.000,2029-06-30 00:00:00.000,,1,1900-01-01 00:00:00.000,1900-01-01 00:00:00.000,1900-01-01 00:00:00.000,1900-01-01 00:00:00.000,,0,Y
*,78966,National Certificate: Diamond Design and Evaluation,,5,129,2018-07-01 00:00:00.000,2026-06-30 00:00:00.000,2026-06-30 00:00:00.000,2029-06-30 00:00:00.000,,1,1900-01-01 00:00:00.000,1900-01-01 00:00:00.000,1900-01-01 00:00:00.000,1900-01-01 00:00:00.000,,0,Y
*,78923,National Certificate: Autotronics,,3,132,2010-07-28 00:00:00.000,2013-07-28 00:00:00.000,2014-07-28 00:00:00.000,1900-01-01 00:00:00.000,,1,1900-01-01 00:00:00.000,1900-01-01 00:00:00.000,1900-01-01 00:00:00.000,1900-01-01 00:00:00.000,,0,Y
*,78944,National Certificate: Autotronics,,2,127,2010-07-28 00:00:00.000,2013-07-28 00:00:00.000,2014-07-28 00:00:00.000,1900-01-01 00:00:00.000,,1,1900-01-01 00:00:00.000,1900-01-01 00:00:00.000,1900-01-01 00:00:00.000,1900-01-01 00:00:00.000,,0,Y
*,79826,National Certificate: Occupational Hygiene and Safety: Mining and Minerals,,3,144,2018-07-01 00:00:00.000,2027-06-30 00:00:00.000,2027-06-30 00:00:00.000,1900-01-01 00:00:00.000,,1,1900-01-01 00:00:00.000,1900-01-01 00:00:00.000,1900-01-01 00:00:00.000,1900-01-01 00:00:00.000,,0,Y
*,78543,Natinal Certificate: Automotive Repair and Maintenance: Mining and Minerals,,2,125,2018-07-01 00:00:00.000,2026-06-30 00:00:00.000,2026-06-30 00:00:00.000,2029-06-30 00:00:00.000,,1,1900-01-01 00:00:00.000,1900-01-01 00:00:00.000,1900-01-01 00:00:00.000,1900-01-01 00:00:00.000,,0,Y
*,96532,National Certificate: Measurement,,8,160,2011-06-15 00:00:00.000,2012-06-16 00:00:00.000,2012-06-17 00:00:00.000,1900-01-01 00:00:00.000,,2,1900-01-01 00:00:00.000,1900-01-01 00:00:00.000,1900-01-01 00:00:00.000,1900-01-01 00:00:00.000,,0,Y
*,78883,Further Education and Training Certificate: Autotronics,,4,134,2010-07-28 00:00:00.000,2013-07-28 00:00:00.000,2014-07-28 00:00:00.000,1900-01-01 00:00:00.000,,1,1900-01-01 00:00:00.000,1900-01-01 00:00:00.000,1900-01-01 00:00:00.000,1900-01-01 00:00:00.000,,0,Y
*,99999,National Certificate: Test,,2,120,2012-01-24 00:00:00.000,2012-06-25 00:00:00.000,2012-06-26 00:00:00.000,1900-01-01 00:00:00.000,,1,1900-01-01 00:00:00.000,1900-01-01 00:00:00.000,1900-01-01 00:00:00.000,1900-01-01 00:00:00.000,,0,Y
*,100002,KKKK,,2,120,2012-04-20 00:00:00.000,2015-04-20 00:00:00.000,2013-04-20 00:00:00.000,1900-01-01 00:00:00.000,,2,1900-01-01 00:00:00.000,1900-01-01 00:00:00.000,1900-01-01 00:00:00.000,1900-01-01 00:00:00.000,,0,Y
*,78546,National Certificate: Automotive Repair and Maintenance: Mining and Minerals,,5,144,2018-07-01 00:00:00.000,2026-06-30 00:00:00.000,2026-06-30 00:00:00.000,2029-06-30 00:00:00.000,,1,1900-01-01 00:00:00.000,1900-01-01 00:00:00.000,1900-01-01 00:00:00.000,1900-01-01 00:00:00.000,,0,Y
*,78904,Further Education and Training Certificate: Chemical Operations: Mining and Minerals,,4,140,2018-07-01 00:00:00.000,2026-06-30 00:00:00.000,2026-06-30 00:00:00.000,2029-06-30 00:00:00.000,,1,1900-01-01 00:00:00.000,1900-01-01 00:00:00.000,1900-01-01 00:00:00.000,1900-01-01 00:00:00.000,,0,Y
*,78544,National Certificate: Automotive Repair and Maintenance: Mining and Minerals,,3,135,2012-01-07 00:00:00.000,2015-06-30 00:00:00.000,2016-06-30 00:00:00.000,1900-01-01 00:00:00.000,,2,1900-01-01 00:00:00.000,1900-01-01 00:00:00.000,1900-01-01 00:00:00.000,1900-01-01 00:00:00.000,,0,Y
*,79827,Further Education and Training Certificate: Occupational Hygiene and Safety: Mining and Minerals,,4,145,2018-07-01 00:00:00.000,2026-06-30 00:00:00.000,2026-06-30 00:00:00.000,2029-06-30 00:00:00.000,,1,1900-01-01 00:00:00.000,1900-01-01 00:00:00.000,1900-01-01 00:00:00.000,1900-01-01 00:00:00.000,,0,Y
*,79829,National Diploma: Occupational Safety: Mining and Minerals,,5,242,2018-07-01 00:00:00.000,2026-06-30 00:00:00.000,2026-06-30 00:00:00.000,2029-06-30 00:00:00.000,,1,1900-01-01 00:00:00.000,1900-01-01 00:00:00.000,1900-01-01 00:00:00.000,1900-01-01 00:00:00.000,,0,Y
*,79828,National Certificate: Occupational Safety: Mining and Minerals,,5,145,2018-07-01 00:00:00.000,2026-06-30 00:00:00.000,2026-06-30 00:00:00.000,2029-06-30 00:00:00.000,,1,1900-01-01 00:00:00.000,1900-01-01 00:00:00.000,1900-01-01 00:00:00.000,1900-01-01 00:00:00.000,,0,Y
*,90655,National Certificate: Small Scale Mining,,3,124,2018-07-01 00:00:00.000,2026-06-30 00:00:00.000,2026-06-30 00:00:00.000,2029-06-30 00:00:00.000,,1,1900-01-01 00:00:00.000,1900-01-01 00:00:00.000,1900-01-01 00:00:00.000,1900-01-01 00:00:00.000,,0,Y
*,90656,National Certificate: Mine Ventilation,,2,124,2018-07-01 00:00:00.000,2026-06-30 00:00:00.000,2026-06-30 00:00:00.000,2029-06-30 00:00:00.000,,1,1900-01-01 00:00:00.000,1900-01-01 00:00:00.000,1900-01-01 00:00:00.000,1900-01-01 00:00:00.000,,0,Y
*,23254,National Certificate: Mechanical Engineering: Fitting and Machining,,4,179,2007-05-15 00:00:00.000,2015-06-30 00:00:00.000,2016-06-30 00:00:00.000,1900-01-01 00:00:00.000,,1,1900-01-01 00:00:00.000,1900-01-01 00:00:00.000,1900-01-01 00:00:00.000,1900-01-01 00:00:00.000,,0,Y
*,23256,National Certificate: Mechanical Engineering: Fitting and Machining,,4,179,2007-05-15 00:00:00.000,2015-06-30 00:00:00.000,2016-06-30 00:00:00.000,1900-01-01 00:00:00.000,,1,1900-01-01 00:00:00.000,1900-01-01 00:00:00.000,1900-01-01 00:00:00.000,1900-01-01 00:00:00.000,,0,Y
*,58269,National Certificate: Electro-Mechanics,,2,166,2007-02-05 00:00:00.000,2010-02-05 00:00:00.000,2008-02-05 00:00:00.000,1900-01-01 00:00:00.000,,1,1900-01-01 00:00:00.000,1900-01-01 00:00:00.000,1900-01-01 00:00:00.000,1900-01-01 00:00:00.000,,0,Y
*,73309,National Certificate: Laboratory Practice: General,,2,120,2018-07-01 00:00:00.000,2027-06-30 00:00:00.000,2027-06-30 00:00:00.000,1900-01-01 00:00:00.000,,1,1900-01-01 00:00:00.000,1900-01-01 00:00:00.000,1900-01-01 00:00:00.000,1900-01-01 00:00:00.000,,0,Y
*,73311,National Certificate: Laboratory Practice: Coal,,2,120,2018-07-01 00:00:00.000,2027-06-30 00:00:00.000,2027-06-30 00:00:00.000,1900-01-01 00:00:00.000,,1,1900-01-01 00:00:00.000,1900-01-01 00:00:00.000,1900-01-01 00:00:00.000,1900-01-01 00:00:00.000,,0,Y
*,61305,Automotive electrician mining,,,120,2018-01-07 00:00:00.000,2024-06-30 00:00:00.000,2024-06-30 00:00:00.000,1900-01-01 00:00:00.000,,2,1900-01-01 00:00:00.000,1900-01-01 00:00:00.000,1900-01-01 00:00:00.000,1900-01-01 00:00:00.000,,0,Y
*,96276,Heavy Equipment Mechanic,,,120,2018-07-01 00:00:00.000,2024-06-30 00:00:00.000,2024-06-30 00:00:00.000,1900-01-01 00:00:00.000,,2,1900-01-01 00:00:00.000,1900-01-01 00:00:00.000,1900-01-01 00:00:00.000,1900-01-01 00:00:00.000,,0,Y
*,96283,Goldsmith,,,120,2018-07-01 00:00:00.000,2024-06-30 00:00:00.000,2024-06-30 00:00:00.000,1900-01-01 00:00:00.000,,2,1900-01-01 00:00:00.000,1900-01-01 00:00:00.000,1900-01-01 00:00:00.000,1900-01-01 00:00:00.000,,0,Y
*,96284,Diamond and gemstone setter,,,120,2018-07-01 00:00:00.000,2024-06-30 00:00:00.000,2024-06-30 00:00:00.000,1900-01-01 00:00:00.000,,2,1900-01-01 00:00:00.000,1900-01-01 00:00:00.000,1900-01-01 00:00:00.000,1900-01-01 00:00:00.000,,0,Y
*,96349,Diamond Cutter,,,120,2018-07-01 00:00:00.000,2024-06-30 00:00:00.000,2024-06-30 00:00:00.000,1900-01-01 00:00:00.000,,2,1900-01-01 00:00:00.000,1900-01-01 00:00:00.000,1900-01-01 00:00:00.000,1900-01-01 00:00:00.000,,0,Y
*,97388,Earth Moving Mechanic,,,120,2018-07-01 00:00:00.000,2024-06-30 00:00:00.000,2024-06-30 00:00:00.000,1900-01-01 00:00:00.000,,2,1900-01-01 00:00:00.000,1900-01-01 00:00:00.000,1900-01-01 00:00:00.000,1900-01-01 00:00:00.000,,0,Y
*,202326,Test Qualification,,3,120,2023-01-26 00:00:00.000,2027-01-26 00:00:00.000,2029-01-25 00:00:00.000,2032-01-24 00:00:00.000,629,1,,,,,,18,Y
*,61755,General education and training certificate: Business practice,,1,121,2018-07-01 00:00:00.000,2023-06-30 00:00:00.000,2024-06-30 00:00:00.000,2027-06-30 00:00:00.000,611,2,,,,,,121,Y
*,23833,Business Administration,,2,130,2018-07-01 00:00:00.000,2023-06-01 00:00:00.000,2024-06-30 00:00:00.000,2027-06-29 00:00:00.000,611,1,,,,,,130,Y
*,50080,generic management,,4,150,2018-07-01 00:00:00.000,2023-06-06 00:00:00.000,2024-06-30 00:00:00.000,2027-06-29 00:00:00.000,611,2,,,,,,150,Y
*,83946,Management,,3,120,2021-07-07 00:00:00.000,2023-07-30 00:00:00.000,2027-07-06 00:00:00.000,2030-07-05 00:00:00.000,611,1,,,,,,120,Y
*,67464,Marketing,,4,141,2021-07-07 00:00:00.000,2023-07-30 00:00:00.000,2027-07-06 00:00:00.000,2030-07-05 00:00:00.000,611,1,,,,,,141,Y
*,67465,Business Administration,,3,130,2021-07-07 00:00:00.000,2026-07-30 00:00:00.000,2027-07-06 00:00:00.000,2030-07-05 00:00:00.000,629,1,,,,,,130,Y
*,58375,NC: Bookkeeping,,4,120,2024-04-01 00:00:00.000,2025-05-01 00:00:00.000,2030-03-31 00:00:00.000,2033-03-30 00:00:00.000,611,2,,,,,,120,Y
*,58376,FETC: Bookkeepinh,,1,130,2024-04-01 00:00:00.000,2025-04-01 00:00:00.000,2030-03-31 00:00:00.000,2033-03-30 00:00:00.000,629,2,,,,,,130,Y
*,61595,FETC: Business Administration,,4,140,2024-04-01 00:00:00.000,2026-06-30 00:00:00.000,2030-03-31 00:00:00.000,2033-03-30 00:00:00.000,611,2,,,,,,140,Y
*,59201,generic management,,5,162,2024-04-01 00:00:00.000,2025-03-31 00:00:00.000,2030-03-31 00:00:00.000,2033-03-30 00:00:00.000,611,2,,,,,,162,Y
*,58395,Project Management,,4,143,2024-04-01 00:00:00.000,2025-04-01 00:00:00.000,2030-03-31 00:00:00.000,2033-03-30 00:00:00.000,629,2,,,,,,140,Y
*,123456,Test Qualification,,1,120,2024-04-08 00:00:00.000,2026-04-08 00:00:00.000,2030-04-07 00:00:00.000,2033-04-06 00:00:00.000,629,1,,,,,,6,Y
*,57712,FETC:Generic Management:General Management,,4,150,2018-07-01 00:00:00.000,2023-06-30 00:00:00.000,2026-06-30 00:00:00.000,2029-06-29 00:00:00.000,629,1,,,,,,150,Y
*,49691,Human Resource Management and Support,,1,140,2024-06-19 00:00:00.000,2025-06-19 00:00:00.000,2030-06-18 00:00:00.000,2033-06-17 00:00:00.000,629,1,,,,,,140,Y
*,48979,National Certificate  in Animal Production,,4,140,2024-06-18 00:00:00.000,2025-06-30 00:00:00.000,2030-06-17 00:00:00.000,2033-06-16 00:00:00.000,629,1,,,,,,140,Y
*,74149,Procurement in the Supply Chain,,5,154,2024-06-18 00:00:00.000,2025-06-30 00:00:00.000,2030-06-17 00:00:00.000,2033-06-16 00:00:00.000,629,1,,,,,,154,Y
*,83986,: National Certificate: Management: Stores and Warehousing,,4,120,2024-06-18 00:00:00.000,2025-07-30 00:00:00.000,2030-06-17 00:00:00.000,2033-06-16 00:00:00.000,629,1,,,,,,120,Y
*,66749,National Certicate :Community Development,,3,120,2018-07-01 00:00:00.000,2023-06-30 00:00:00.000,2026-06-30 00:00:00.000,2029-06-29 00:00:00.000,629,1,,,,,,120,Y
*,58761,Further Education and Training Certificate :Early Childhood Development,,4,120,2018-07-01 00:00:00.000,2023-06-30 00:00:00.000,2025-06-30 00:00:00.000,2028-06-29 00:00:00.000,629,1,,,,,,120,Y
*,61591,National Certificate:Information Technology : End User Computing,,3,120,2024-06-28 00:00:00.000,2025-06-27 00:00:00.000,2030-06-27 00:00:00.000,2033-06-26 00:00:00.000,629,2,,,,,,120,Y
*,67229,Payroll Administration,,4,120,2024-07-01 00:00:00.000,2025-06-30 00:00:00.000,2030-06-30 00:00:00.000,2033-06-29 00:00:00.000,629,1,,,,,,120,Y
*,66249,FETC: New Venture Creation,,4,149,2018-07-01 00:00:00.000,2023-06-30 00:00:00.000,2026-06-30 00:00:00.000,2029-06-29 00:00:00.000,629,2,,,,,,11,Y
*,48806,National Certificate: Craft Production,,1,141,2024-07-01 00:00:00.000,2025-05-30 00:00:00.000,2030-06-30 00:00:00.000,2033-06-29 00:00:00.000,629,1,,,,,,141,Y
*,71490,Contact Centre Support,,2,128,2024-03-01 00:00:00.000,2030-04-01 00:00:00.000,2030-02-28 00:00:00.000,2033-02-27 00:00:00.000,629,2,,,,,,128,Y
*,101874,Occupational Certificate Maintenance Planner,,5,261,2018-07-01 00:00:00.000,2025-12-30 00:00:00.000,2026-12-30 00:00:00.000,2029-12-29 00:00:00.000,629,2,,,,,,261,Y
*,97542,Occupation Certificate: Early Childhood Development Practitioner,,4,131,2018-07-01 00:00:00.000,2025-12-30 00:00:00.000,2026-12-30 00:00:00.000,2029-12-30 00:00:00.000,629,1,,,,,,131,Y
*,99714,"Occupational Certificate: Safety, Health and quality Practitioner",,5,256,2018-07-01 00:00:00.000,2025-12-30 00:00:00.000,2026-12-30 00:00:00.000,2029-12-29 00:00:00.000,629,1,,,,,,256,Y
*,49129,inteactive Media,,5,130,2018-07-01 00:00:00.000,2023-06-30 00:00:00.000,2024-06-30 00:00:00.000,2027-06-29 00:00:00.000,629,1,,,,,,130,Y
*,101321,Occupational Certificate,,5,190,2018-07-01 00:00:00.000,2023-06-30 00:00:00.000,2026-06-30 00:00:00.000,2029-06-29 00:00:00.000,629,2,,,,,,190,Y
*,118788,Occupational Certificate: Design Thinking Innovation Lead,,1,160,2018-07-01 00:00:00.000,2025-12-31 00:00:00.000,2026-12-31 00:00:00.000,2029-12-30 00:00:00.000,629,1,,,,,,160,Y
*,48573,National Certificate: Information Technology: Systems Support,,5,147,2018-07-01 00:00:00.000,2023-06-30 00:00:00.000,2026-06-30 00:00:00.000,2029-06-29 00:00:00.000,629,1,,,,,,147,Y
*,50331,"National Certificate: Occupationally Directed Education, Training and Development Practices",,6,145,2018-07-01 00:00:00.000,2023-06-30 00:00:00.000,2026-06-30 00:00:00.000,2029-06-29 00:00:00.000,629,1,,,,,,145,Y
*,49121,National Certificate: Interactive Media,,5,130,2018-07-01 00:00:00.000,2023-06-30 00:00:00.000,2026-06-30 00:00:00.000,2029-06-29 00:00:00.000,629,1,,,,,,130,Y
*,20287,National Certificate: Farming,,1,120,2018-07-30 00:00:00.000,2023-06-30 00:00:00.000,2026-07-29 00:00:00.000,2029-07-28 00:00:00.000,629,1,,,,,,120,Y
*,48967,National Certificate: Business Advising Operations,,6,138,2018-07-01 00:00:00.000,2023-06-30 00:00:00.000,2025-06-30 00:00:00.000,2028-06-29 00:00:00.000,629,1,,,,,,138,Y
*,23118,National Diploma: Early Childhood Development,,5,240,2018-07-01 00:00:00.000,2020-07-30 00:00:00.000,2025-06-30 00:00:00.000,2028-06-29 00:00:00.000,629,1,,,,,,240,Y
*,49580,General Education and Training Certificate: Poultry Production,,1,134,2018-07-30 00:00:00.000,2023-06-30 00:00:00.000,2025-07-29 00:00:00.000,2028-07-28 00:00:00.000,629,1,,,,,,134,Y
*,48977,National Certificate: Mixed Farming Systems,,2,120,2018-07-01 00:00:00.000,2023-06-30 00:00:00.000,2025-06-30 00:00:00.000,2028-06-29 00:00:00.000,629,1,,,,,,120,Y
*,101869,Occupational Certificate: Project Manager,,5,240,2018-07-01 00:00:00.000,2025-12-30 00:00:00.000,2025-12-30 00:00:00.000,2028-12-29 00:00:00.000,629,2,,,,,,240,Y
*,78964,Further Education and Training Certificate: Information Technology: Technical Support,,4,163,2018-07-01 00:00:00.000,2023-06-30 00:00:00.000,2026-06-30 00:00:00.000,2029-06-29 00:00:00.000,629,1,,,,,,163,Y
*,93997,National Certificate: Contact Centre and Business Process Outsourcing Support,,3,124,2021-07-01 00:00:00.000,2025-07-30 00:00:00.000,2027-06-30 00:00:00.000,2030-06-29 00:00:00.000,629,1,,,,,,124,Y
*,74630,Further Education and Training Certificate: Generic Management,,4,150,2018-07-01 00:00:00.000,2023-06-30 00:00:00.000,2026-06-30 00:00:00.000,2029-06-29 00:00:00.000,629,1,,,,,,150,Y
*,66789,National Certificate: Environmental Management,,5,138,2018-07-01 00:00:00.000,2024-06-30 00:00:00.000,2026-06-30 00:00:00.000,2029-06-29 00:00:00.000,629,1,,,,,,138,Y
*,20175,National Certificate: Hygiene and Cleaning Supervision,,3,120,2018-07-01 00:00:00.000,2026-06-30 00:00:00.000,2026-06-30 00:00:00.000,2029-06-29 00:00:00.000,629,1,,,,,,120,Y
*,119262,Occupational certificate: Internet-of-Things Developer,,4,141,2022-06-21 00:00:00.000,2025-12-31 00:00:00.000,2028-06-20 00:00:00.000,2031-06-19 00:00:00.000,629,1,,,,,,141,Y
*,202503,QAQual,,1,120,2025-01-01 00:00:00.000,2028-12-31 00:00:00.000,2030-12-31 00:00:00.000,2033-12-30 00:00:00.000,629,1,,,,,,20,Y
*,118699,Occupational Certificate: Cloud Administrator,,5,149,2022-02-03 00:00:00.000,2025-12-31 00:00:00.000,2028-02-02 00:00:00.000,2031-02-01 00:00:00.000,629,1,,,,,,149,Y
*,118708,Occupational Certificate: Data Science Practitioner,,5,185,2022-02-02 00:00:00.000,2025-12-31 00:00:00.000,2028-02-01 00:00:00.000,2031-01-31 00:00:00.000,629,1,,,,,,185,Y
*,121296,Advanced Occupational Certificate: Extended Reality Developer,,6,218,2023-11-14 00:00:00.000,2028-11-14 00:00:00.000,2029-11-13 00:00:00.000,2032-11-12 00:00:00.000,629,1,,,,,,218,Y
*,118986,Occupational Certificate: Cybersecurity Analyst,,1,173,2022-04-22 00:00:00.000,2025-12-31 00:00:00.000,2028-04-21 00:00:00.000,2031-04-20 00:00:00.000,629,1,,,,,,173,Y
*,101408,Occupational Certificate: Computer Technician,,5,282,2018-07-31 00:00:00.000,2025-12-31 00:00:00.000,2024-07-30 00:00:00.000,2027-07-29 00:00:00.000,629,1,,,,,,282,Y
*,36233,National Certificate: Specialist Hygiene and Cleaning Services,,2,120,2018-07-01 00:00:00.000,2023-06-30 00:00:00.000,2026-06-30 00:00:00.000,2029-06-29 00:00:00.000,629,1,,,,,,120,Y
*,118792,Occupational Certificate: Artificial Intelligence Software Developer,,5,209,2022-02-02 00:00:00.000,2026-12-31 00:00:00.000,2028-02-01 00:00:00.000,2031-01-31 00:00:00.000,629,1,,,,,,209,Y
