AD_Org_ID[Name],Value,Name,Description,ZZNqfLevel,ZZCredits,Registrationstartdate,Registrationenddate,ZZLastEnrolmentDate,ZZLastAchievementDate,ZZQualityAssuranceBody,ZZQualificationType,ZZNewRegistrationStartDate,ZZNewRegistrationEndDate,ZZNewLastEnrolmentDate,ZZNewLastAchievementDate,ZZLkpOfoOccupation_ID[Description],ZZMinimumElectiveCredits,IsActive,_ERROR_
*,23624,National Certificate Diesel Mechanic ,,,120,2018-07-01 00:00:00.000,2024-06-30 00:00:00.000,2024-06-30 00:00:00.000,1900-01-01 00:00:00.000,,,1900-01-01 00:00:00.000,1900-01-01 00:00:00.000,1900-01-01 00:00:00.000,1900-01-01 00:00:00.000,1105,0,Y,""
*,23625,National Certificate: Electrical,,,120,2018-07-01 00:00:00.000,2024-06-30 00:00:00.000,2024-06-30 00:00:00.000,1900-01-01 00:00:00.000,,,1900-01-01 00:00:00.000,1900-01-01 00:00:00.000,1900-01-01 00:00:00.000,1900-01-01 00:00:00.000,1165,0,Y,""
*,23626,National Certificate Fitting and Turning ,,,120,2018-07-01 00:00:00.000,2024-06-30 00:00:00.000,2024-06-30 00:00:00.000,1900-01-01 00:00:00.000,,,1900-01-01 00:00:00.000,1900-01-01 00:00:00.000,1900-01-01 00:00:00.000,1900-01-01 00:00:00.000,1090,0,Y,""
*,23627,National Certificate Fitting (Including Machining) ,,,120,2018-07-01 00:00:00.000,2024-06-30 00:00:00.000,2024-06-30 00:00:00.000,1900-01-01 00:00:00.000,,,1900-01-01 00:00:00.000,1900-01-01 00:00:00.000,1900-01-01 00:00:00.000,1900-01-01 00:00:00.000,1102,0,Y,""
*,23628,National Certificate: Instrumentation Mechanician,,,99,2018-07-01 00:00:00.000,2024-06-30 00:00:00.000,2024-06-30 00:00:00.000,1900-01-01 00:00:00.000,,,1900-01-01 00:00:00.000,1900-01-01 00:00:00.000,1900-01-01 00:00:00.000,1900-01-01 00:00:00.000,1174,0,Y,""
*,23813,National Certificate Rigger Ropesman,,,120,2018-07-01 00:00:00.000,2024-06-30 00:00:00.000,2024-06-30 00:00:00.000,1900-01-01 00:00:00.000,,,1900-01-01 00:00:00.000,1900-01-01 00:00:00.000,1900-01-01 00:00:00.000,1900-01-01 00:00:00.000,1079,0,Y,""
*,21841,National Certificate in Winding Engine Driving,,,127,2018-07-01 00:00:00.000,2027-06-30 00:00:00.000,2027-06-30 00:00:00.000,1900-01-01 00:00:00.000,,,1900-01-01 00:00:00.000,1900-01-01 00:00:00.000,1900-01-01 00:00:00.000,1900-01-01 00:00:00.000,1396,0,Y,""
*,21844,National Certificate in Jewellery Manufacture in a Production Environment,,,159,2005-08-03 00:00:00.000,2008-08-23 00:00:00.000,2013-08-23 00:00:00.000,1900-01-01 00:00:00.000,,,1900-01-01 00:00:00.000,1900-01-01 00:00:00.000,1900-01-01 00:00:00.000,1900-01-01 00:00:00.000,0,0,Y,""
*,21846,National Certificate in Diamond Processing Operator,,,120,2005-08-23 00:00:00.000,2008-08-23 00:00:00.000,2012-08-23 00:00:00.000,1900-01-01 00:00:00.000,,,1900-01-01 00:00:00.000,1900-01-01 00:00:00.000,1900-01-01 00:00:00.000,1900-01-01 00:00:00.000,0,0,Y,""
*,21814,National Certificate in Engineering Maintenance and Repairing for Underground Coal Mining,,,148,2018-07-01 00:00:00.000,2026-06-30 00:00:00.000,2026-06-30 00:00:00.000,2029-06-30 00:00:00.000,,,1900-01-01 00:00:00.000,1900-01-01 00:00:00.000,1900-01-01 00:00:00.000,1900-01-01 00:00:00.000,49,0,Y,""
*,21845,Further Education and Training Certificate in  Diamond Processing: Polisher - Crossworker,,,351,2006-11-07 00:00:00.000,2009-11-07 00:00:00.000,2010-11-07 00:00:00.000,1900-01-01 00:00:00.000,,,1900-01-01 00:00:00.000,1900-01-01 00:00:00.000,1900-01-01 00:00:00.000,1900-01-01 00:00:00.000,0,0,Y,""
*,21812,National certificate in Mining Operations: Underground Coal ,,,120,2018-07-01 00:00:00.000,2027-06-30 00:00:00.000,2027-06-30 00:00:00.000,1900-01-01 00:00:00.000,,,1900-01-01 00:00:00.000,1900-01-01 00:00:00.000,1900-01-01 00:00:00.000,1900-01-01 00:00:00.000,49,0,Y,""
*,21815,National Certificate in Engineering Maintenance for Underground Hard Rock (Metalliferous) ,,,120,2018-07-01 00:00:00.000,2027-06-30 00:00:00.000,2027-06-30 00:00:00.000,1900-01-01 00:00:00.000,,,1900-01-01 00:00:00.000,1900-01-01 00:00:00.000,1900-01-01 00:00:00.000,1900-01-01 00:00:00.000,49,0,Y,""
*,21843,National Certificate in Diamond Processing: Polisher - Brillianteer,,,323,2006-11-07 00:00:00.000,2009-11-07 00:00:00.000,2010-11-07 00:00:00.000,1900-01-01 00:00:00.000,,,1900-01-01 00:00:00.000,1900-01-01 00:00:00.000,1900-01-01 00:00:00.000,1900-01-01 00:00:00.000,0,0,Y,""
*,21842,National Certificate: Surface Mining Rockbreaking ,,,147,2006-11-07 00:00:00.000,2009-11-07 00:00:00.000,2010-11-07 00:00:00.000,1900-01-01 00:00:00.000,,,1900-01-01 00:00:00.000,1900-01-01 00:00:00.000,1900-01-01 00:00:00.000,1900-01-01 00:00:00.000,0,0,Y,""
*,49045,National Certificate in Lump Ore Beneficiation (L2),,,163,2004-12-02 00:00:00.000,2007-12-02 00:00:00.000,2008-12-02 00:00:00.000,1900-01-01 00:00:00.000,,,1900-01-01 00:00:00.000,1900-01-01 00:00:00.000,1900-01-01 00:00:00.000,1900-01-01 00:00:00.000,0,0,Y,""
*,48804,"National Certificate Occupational Safety, Hygiene and Environment ",,,135,2007-08-07 00:00:00.000,2010-08-07 00:00:00.000,2011-08-07 00:00:00.000,1900-01-01 00:00:00.000,,,1900-01-01 00:00:00.000,1900-01-01 00:00:00.000,1900-01-01 00:00:00.000,1900-01-01 00:00:00.000,0,0,Y,""
*,50063,Further Education and Training Certificate in  Occupational Safety (Version1),,,145,2008-10-20 00:00:00.000,2011-10-20 00:00:00.000,2012-10-20 00:00:00.000,1900-01-01 00:00:00.000,,,1900-01-01 00:00:00.000,1900-01-01 00:00:00.000,1900-01-01 00:00:00.000,1900-01-01 00:00:00.000,0,0,Y,""
*,58248,National Certificate in Laboratory Practice,,,120,2007-06-27 00:00:00.000,2010-06-27 00:00:00.000,2011-06-27 00:00:00.000,1900-01-01 00:00:00.000,,,1900-01-01 00:00:00.000,1900-01-01 00:00:00.000,1900-01-01 00:00:00.000,1900-01-01 00:00:00.000,102,0,Y,""
*,48696,National Certificate  Measurement  Control and Instrumentation ,,,175,2007-04-03 00:00:00.000,2010-04-03 00:00:00.000,2011-04-03 00:00:00.000,1900-01-01 00:00:00.000,,,1900-01-01 00:00:00.000,1900-01-01 00:00:00.000,1900-01-01 00:00:00.000,1900-01-01 00:00:00.000,1112,0,Y,""
*,35927,Further Education and Training Certificate in  Payroll Administration Services,,,153,2006-11-07 00:00:00.000,2009-11-07 00:00:00.000,2010-11-07 00:00:00.000,1900-01-01 00:00:00.000,,,1900-01-01 00:00:00.000,1900-01-01 00:00:00.000,1900-01-01 00:00:00.000,1900-01-01 00:00:00.000,0,0,Y,""
*,48695,National Certificate Measurement Control and Instrumentation,,,137,2007-04-03 00:00:00.000,2010-04-03 00:00:00.000,2011-04-03 00:00:00.000,1900-01-01 00:00:00.000,,,1900-01-01 00:00:00.000,1900-01-01 00:00:00.000,1900-01-01 00:00:00.000,1900-01-01 00:00:00.000,1112,0,Y,""
*,21811,National Certificate: Introduction to Mining and Minerals V2,,,120,2005-08-23 00:00:00.000,2008-08-23 00:00:00.000,2009-08-23 00:00:00.000,1900-01-01 00:00:00.000,,,1900-01-01 00:00:00.000,1900-01-01 00:00:00.000,1900-01-01 00:00:00.000,1900-01-01 00:00:00.000,0,0,Y,""
*,35926,National Certificate in Payroll Administration Services,,,240,2006-11-07 00:00:00.000,2009-11-07 00:00:00.000,2010-11-07 00:00:00.000,1900-01-01 00:00:00.000,,,1900-01-01 00:00:00.000,1900-01-01 00:00:00.000,1900-01-01 00:00:00.000,1900-01-01 00:00:00.000,0,0,Y,""
*,48914,National Certificate in  Associate General Accountant,,,547,2007-04-03 00:00:00.000,2010-04-03 00:00:00.000,2011-04-03 00:00:00.000,1900-01-01 00:00:00.000,,,1900-01-01 00:00:00.000,1900-01-01 00:00:00.000,1900-01-01 00:00:00.000,1900-01-01 00:00:00.000,0,0,Y,""
*,22860,Further Education and Training Certificate in Autotronics,,,135,2006-11-07 00:00:00.000,2009-11-07 00:00:00.000,2010-11-07 00:00:00.000,1900-01-01 00:00:00.000,,,1900-01-01 00:00:00.000,1900-01-01 00:00:00.000,1900-01-01 00:00:00.000,1900-01-01 00:00:00.000,0,0,Y,""
*,22858,National Certificate Autotronics,,,128,2006-11-07 00:00:00.000,2009-11-07 00:00:00.000,2010-11-07 00:00:00.000,1900-01-01 00:00:00.000,,,1900-01-01 00:00:00.000,1900-01-01 00:00:00.000,1900-01-01 00:00:00.000,1900-01-01 00:00:00.000,0,0,Y,""
*,48912,National Certificate in  Chartered Accountant Financial Management,,,698,2006-07-01 00:00:00.000,2009-07-01 00:00:00.000,2010-07-01 00:00:00.000,1900-01-01 00:00:00.000,,,1900-01-01 00:00:00.000,1900-01-01 00:00:00.000,1900-01-01 00:00:00.000,1900-01-01 00:00:00.000,0,0,Y,""
*,24493,National Certificate in  Management,,,120,2006-05-02 00:00:00.000,2009-05-02 00:00:00.000,2010-05-02 00:00:00.000,2024-01-01 00:00:00.000,,,1900-01-01 00:30:00.000,1900-01-01 00:30:00.000,1900-01-01 00:30:00.000,1900-01-01 00:30:00.000,NULL,0,Y,""
*,13716,National Certificate Professional Driving,,,120,2003-12-03 00:00:00.000,2006-12-03 00:00:00.000,2007-12-03 00:00:00.000,1900-01-01 00:00:00.000,,,1900-01-01 00:00:00.000,1900-01-01 00:00:00.000,1900-01-01 00:00:00.000,1900-01-01 00:00:00.000,0,0,Y,""
*,22671,National Certificate in Construction Masonry,,,120,2006-08-01 00:00:00.000,2009-08-01 00:00:00.000,2010-08-01 00:00:00.000,1900-01-01 00:00:00.000,,,1900-01-01 00:00:00.000,1900-01-01 00:00:00.000,1900-01-01 00:00:00.000,1900-01-01 00:00:00.000,0,0,Y,""
*,21853,National Certificate: Construction Plumbing,,,159,2006-08-01 00:00:00.000,2009-08-01 00:00:00.000,2010-08-01 00:00:00.000,1900-01-01 00:00:00.000,,,1900-01-01 00:00:00.000,1900-01-01 00:00:00.000,1900-01-01 00:00:00.000,1900-01-01 00:00:00.000,0,0,Y,""
*,22670,National Certificate: Construction Carpentry,,,120,2006-08-01 00:00:00.000,2009-08-01 00:00:00.000,2010-08-01 00:00:00.000,1900-01-01 00:00:00.000,,,1900-01-01 00:00:00.000,1900-01-01 00:00:00.000,1900-01-01 00:00:00.000,1900-01-01 00:00:00.000,0,0,Y,""
*,24273,National Certificate: Community House Building,,,124,2006-08-01 00:00:00.000,2009-08-01 00:00:00.000,2010-08-01 00:00:00.000,1900-01-01 00:00:00.000,,,1900-01-01 00:00:00.000,1900-01-01 00:00:00.000,1900-01-01 00:00:00.000,1900-01-01 00:00:00.000,0,0,Y,""
*,22490,National Certificate General Security Practice,,,124,2005-11-01 00:00:00.000,2008-11-01 00:00:00.000,2009-11-01 00:00:00.000,1900-01-01 00:00:00.000,,,1900-01-01 00:00:00.000,1900-01-01 00:00:00.000,1900-01-01 00:00:00.000,1900-01-01 00:00:00.000,0,0,Y,""
*,21854,Further Education and Training Certificate in Use of Firearms,,,155,2005-11-01 00:00:00.000,2008-11-01 00:00:00.000,2009-11-01 00:00:00.000,1900-01-01 00:00:00.000,,,1900-01-01 00:00:00.000,1900-01-01 00:00:00.000,1900-01-01 00:00:00.000,1900-01-01 00:00:00.000,0,0,Y,""
*,13739,"Further Education and Training Certificate in Occupation-directed Education, Training and Developmen",,,126,2000-10-11 00:00:00.000,2003-10-11 00:00:00.000,2004-10-11 00:00:00.000,1900-01-01 00:00:00.000,,,1900-01-01 00:00:00.000,1900-01-01 00:00:00.000,1900-01-01 00:00:00.000,1900-01-01 00:00:00.000,0,0,Y,""
*,15541,National Certificate in Abet Practice,,,120,2007-12-07 00:00:00.000,2010-12-07 00:00:00.000,2011-12-07 00:00:00.000,1900-01-01 00:00:00.000,,,1900-01-01 00:00:00.000,1900-01-01 00:00:00.000,1900-01-01 00:00:00.000,1900-01-01 00:00:00.000,0,0,Y,""
*,12037,National Certificate in Education: Training and Development,,,128,2006-01-07 00:00:00.000,2009-01-07 00:00:00.000,2010-01-07 00:00:00.000,1900-01-01 00:00:00.000,,,1900-01-01 00:00:00.000,1900-01-01 00:00:00.000,1900-01-01 00:00:00.000,1900-01-01 00:00:00.000,0,0,Y,""
*,20838,Further Education and Training Certificate in   ABET Practice,,,120,2006-11-07 00:00:00.000,2009-11-07 00:00:00.000,2010-11-07 00:00:00.000,1900-01-01 00:00:00.000,,,1900-01-01 00:00:00.000,1900-01-01 00:00:00.000,1900-01-01 00:00:00.000,1900-01-01 00:00:00.000,0,0,Y,""
*,49091,National Certificate in Furniture Making Wood,,,125,2007-10-30 00:00:00.000,2010-10-30 00:00:00.000,2011-10-30 00:00:00.000,1900-01-01 00:00:00.000,,,1900-01-01 00:00:00.000,1900-01-01 00:00:00.000,1900-01-01 00:00:00.000,1900-01-01 00:00:00.000,0,0,Y,""
*,49105,National Certificate Furniture Making Wood,,,122,2007-10-30 00:00:00.000,2010-10-30 00:00:00.000,2011-10-30 00:00:00.000,1900-01-01 00:00:00.000,,,1900-01-01 00:00:00.000,1900-01-01 00:00:00.000,1900-01-01 00:00:00.000,1900-01-01 00:00:00.000,0,0,Y,""
*,49092,Further Education and Training Certificate in Furniture Making Specialism,,,155,2007-10-30 00:00:00.000,2010-10-30 00:00:00.000,2011-10-30 00:00:00.000,1900-01-01 00:00:00.000,,,1900-01-01 00:00:00.000,1900-01-01 00:00:00.000,1900-01-01 00:00:00.000,1900-01-01 00:00:00.000,0,0,Y,""
*,23255,National Certificate Mechanical Engineering Fitting and Machining,,,174,2018-07-01 00:00:00.000,2024-06-30 00:00:00.000,2024-06-30 00:00:00.000,1900-01-01 00:00:00.000,,,1900-01-01 00:00:00.000,1900-01-01 00:00:00.000,1900-01-01 00:00:00.000,1900-01-01 00:00:00.000,1102,0,Y,""
*,49046,National Certificate in Lump Ore Beneficiation (L3),,,120,2007-10-30 00:00:00.000,2010-10-30 00:00:00.000,2011-10-30 00:00:00.000,1900-01-01 00:00:00.000,,,1900-01-01 00:00:00.000,1900-01-01 00:00:00.000,1900-01-01 00:00:00.000,1900-01-01 00:00:00.000,0,0,Y,""
*,49049,Further Education and Training Certificate in Lump Ore Beneficiation,,,135,2007-04-03 00:00:00.000,2010-04-03 00:00:00.000,2011-04-03 00:00:00.000,1900-01-01 00:00:00.000,,,1900-01-01 00:00:00.000,1900-01-01 00:00:00.000,1900-01-01 00:00:00.000,1900-01-01 00:00:00.000,0,0,Y,""
*,49044,"National Certificate in Mineral Processing, Gold Extraction",,,124,2007-10-30 00:00:00.000,2010-10-30 00:00:00.000,2011-10-30 00:00:00.000,1900-01-01 00:00:00.000,,,1900-01-01 00:00:00.000,1900-01-01 00:00:00.000,1900-01-01 00:00:00.000,1900-01-01 00:00:00.000,0,0,Y,""
*,57121,National Certificate in Rockbreaking: Quarrying,,,120,2006-12-11 00:00:00.000,2009-12-11 00:00:00.000,2010-12-11 00:00:00.000,1900-01-01 00:00:00.000,,,1900-01-01 00:00:00.000,1900-01-01 00:00:00.000,1900-01-01 00:00:00.000,1900-01-01 00:00:00.000,0,0,Y,""
*,58186,National Certificate in Sulphuric Acid Production,,,134,2007-01-01 00:00:00.000,2010-01-01 00:00:00.000,2011-01-01 00:00:00.000,1900-01-01 00:00:00.000,,,1900-01-01 00:00:00.000,1900-01-01 00:00:00.000,1900-01-01 00:00:00.000,1900-01-01 00:00:00.000,0,0,Y,""
*,58226,National Certificate in Sulphuric Acid Production,,,166,2007-01-01 00:00:00.000,2010-01-01 00:00:00.000,2011-01-01 00:00:00.000,1900-01-01 00:00:00.000,,,1900-01-01 00:00:00.000,1900-01-01 00:00:00.000,1900-01-01 00:00:00.000,1900-01-01 00:00:00.000,0,0,Y,""
*,58228,Further Education and Training Certificate in Sulphuric Acid Production,,,146,2007-01-01 00:00:00.000,2010-01-01 00:00:00.000,2011-01-01 00:00:00.000,1900-01-01 00:00:00.000,,,1900-01-01 00:00:00.000,1900-01-01 00:00:00.000,1900-01-01 00:00:00.000,1900-01-01 00:00:00.000,0,0,Y,""
*,50082,Further Education and Training Certificate in  Minerals Surveying,,,148,2018-07-01 00:00:00.000,2026-06-30 00:00:00.000,2026-06-30 00:00:00.000,2029-06-30 00:00:00.000,,,1900-01-01 00:00:00.000,1900-01-01 00:00:00.000,1900-01-01 00:00:00.000,1900-01-01 00:00:00.000,528,0,Y,""
*,48972,National Certificate: Plant Production,,,120,2007-10-30 00:00:00.000,2010-10-30 00:00:00.000,2011-10-30 00:00:00.000,1900-01-01 00:00:00.000,,,1900-01-01 00:00:00.000,1900-01-01 00:00:00.000,1900-01-01 00:00:00.000,1900-01-01 00:00:00.000,0,0,Y,""
*,21839,National Certificate In Mining Operations Underground Hardrock Narrow Tabular (Version1),,,159,2002-06-12 00:00:00.000,2005-06-12 00:00:00.000,2006-06-12 00:00:00.000,1900-01-01 00:00:00.000,,,1900-01-01 00:00:00.000,1900-01-01 00:00:00.000,1900-01-01 00:00:00.000,1900-01-01 00:00:00.000,0,0,Y,""
*,21840,National Certificate in Rockbreaking Underground Hardrock Narrow Tabular (Version1),,,140,2002-06-12 00:00:00.000,2005-06-12 00:00:00.000,2006-06-12 00:00:00.000,1900-01-01 00:00:00.000,,,1900-01-01 00:00:00.000,1900-01-01 00:00:00.000,1900-01-01 00:00:00.000,1900-01-01 00:00:00.000,0,0,Y,""
*,14115,National Certificate in Fast Food Services,,,138,2007-08-07 00:00:00.000,2010-08-07 00:00:00.000,2011-08-07 00:00:00.000,1900-01-01 00:00:00.000,,,1900-01-01 00:00:00.000,1900-01-01 00:00:00.000,1900-01-01 00:00:00.000,1900-01-01 00:00:00.000,0,0,Y,""
*,23654,National Certificate in Generic Management,,,120,2006-05-02 00:00:00.000,2012-06-30 00:00:00.000,2013-06-30 00:00:00.000,1900-01-01 00:00:00.000,,,1900-01-01 00:00:00.000,1900-01-01 00:00:00.000,1900-01-01 00:00:00.000,1900-01-01 00:00:00.000,0,0,Y,""
*,23656,Further Education and Training Certificate in Management,,,140,2006-03-14 00:00:00.000,2009-03-14 00:00:00.000,2010-03-14 00:00:00.000,1900-01-01 00:00:00.000,,,1900-01-01 00:00:00.000,1900-01-01 00:00:00.000,1900-01-01 00:00:00.000,1900-01-01 00:00:00.000,0,0,Y,""
*,58274,Further Education and Training Certificate in Jewellery Setting Processes,,,146,2018-07-01 00:00:00.000,2026-06-30 00:00:00.000,2026-06-30 00:00:00.000,2029-06-30 00:00:00.000,,,1900-01-01 00:00:00.000,1900-01-01 00:00:00.000,1900-01-01 00:00:00.000,1900-01-01 00:00:00.000,1117,0,Y,""
*,22859,National Certificate in Autotronics,,,140,2006-11-07 00:00:00.000,2009-11-07 00:00:00.000,2010-11-07 00:00:00.000,1900-01-01 00:00:00.000,,,1900-01-01 00:00:00.000,1900-01-01 00:00:00.000,1900-01-01 00:00:00.000,1900-01-01 00:00:00.000,0,0,Y,""
*,48918,Further Education and Training Certificate in Measurement Control and Instrumentation,,,120,2007-08-07 00:00:00.000,2010-08-07 00:00:00.000,2011-08-07 00:00:00.000,1900-01-01 00:00:00.000,,,1900-01-01 00:00:00.000,1900-01-01 00:00:00.000,1900-01-01 00:00:00.000,1900-01-01 00:00:00.000,1112,0,Y,""
*,50309,Further Education and Training Certificate: Environmental Practice,,,140,2006-04-20 00:00:00.000,2009-04-20 00:00:00.000,2010-04-20 00:00:00.000,1900-01-01 00:00:00.000,,,1900-01-01 00:00:00.000,1900-01-01 00:00:00.000,1900-01-01 00:00:00.000,1900-01-01 00:00:00.000,0,0,Y,""
*,49596,National Certificate: Radiation Monitoring,,,120,2008-06-24 00:00:00.000,2011-06-24 00:00:00.000,2012-06-24 00:00:00.000,1900-01-01 00:00:00.000,,,1900-01-01 00:00:00.000,1900-01-01 00:00:00.000,1900-01-01 00:00:00.000,1900-01-01 00:00:00.000,0,0,Y,""
*,57692,Further Education and Training Certificate: Carbonate Materials Manufacturing Processes,,,159,2018-07-01 00:00:00.000,2026-06-30 00:00:00.000,2026-06-30 00:00:00.000,2029-06-30 00:00:00.000,,,1900-01-01 00:00:00.000,1900-01-01 00:00:00.000,1900-01-01 00:00:00.000,1900-01-01 00:00:00.000,1444,0,Y,""
*,57876,Further Education and Training Certificate: Jewellery Manufacturing Operations,,,150,2018-07-01 00:00:00.000,2027-06-30 00:00:00.000,2027-06-30 00:00:00.000,1900-01-01 00:00:00.000,,,1900-01-01 00:00:00.000,1900-01-01 00:00:00.000,1900-01-01 00:00:00.000,1900-01-01 00:00:00.000,1272,0,Y,""
*,57875,Further Education and Training Certificate: Jewellery Designing,,,146,2018-07-01 00:00:00.000,2027-06-30 00:00:00.000,2027-06-30 00:00:00.000,1900-01-01 00:00:00.000,,,1900-01-01 00:00:00.000,1900-01-01 00:00:00.000,1900-01-01 00:00:00.000,1900-01-01 00:00:00.000,1117,0,Y,""
*,60295,Further Education and Training Certificate: Electro-Mechanics: Mining and Minerals,,,171,2018-07-01 00:00:00.000,2026-06-30 00:00:00.000,2026-06-30 00:00:00.000,2029-06-30 00:00:00.000,,,1900-01-01 00:00:00.000,1900-01-01 00:00:00.000,1900-01-01 00:00:00.000,1900-01-01 00:00:00.000,1167,0,Y,""
*,58267,General Education and Training Certificate: Mining and Minerals Processes,,,120,2018-07-01 00:00:00.000,2026-06-30 00:00:00.000,2026-06-30 00:00:00.000,2029-06-30 00:00:00.000,,,1900-01-01 00:00:00.000,1900-01-01 00:00:00.000,1900-01-01 00:00:00.000,1900-01-01 00:00:00.000,0,0,Y,""
*,60293,National Certificate: Electro-Mechanics: Mining and Minerals,,,166,2018-07-01 00:00:00.000,2027-06-30 00:00:00.000,2027-06-30 00:00:00.000,1900-01-01 00:00:00.000,,,1900-01-01 00:00:00.000,1900-01-01 00:00:00.000,1900-01-01 00:00:00.000,1900-01-01 00:00:00.000,0,0,Y,""
*,60294,National Certificate: Electro-Mechanics: Mining and Minerals,,,141,2018-07-01 00:00:00.000,2026-06-30 00:00:00.000,2026-06-30 00:00:00.000,2029-06-30 00:00:00.000,,,1900-01-01 00:00:00.000,1900-01-01 00:00:00.000,1900-01-01 00:00:00.000,1900-01-01 00:00:00.000,1167,0,Y,""
*,2663/05,Continous Processes: Chemical Operations,,,120,2007-01-01 00:00:00.000,2010-01-01 00:00:00.000,2011-01-01 00:00:00.000,1900-01-01 00:00:00.000,,,1900-01-01 00:00:00.000,1900-01-01 00:00:00.000,1900-01-01 00:00:00.000,1900-01-01 00:00:00.000,0,0,Y,""
*,58739,National Certificate: Mining Operations for Underground Hard Rock,,,130,2018-07-01 00:00:00.000,2027-06-30 00:00:00.000,2027-06-30 00:00:00.000,1900-01-01 00:00:00.000,,,1900-01-01 00:00:00.000,1900-01-01 00:00:00.000,1900-01-01 00:00:00.000,1900-01-01 00:00:00.000,1256,0,Y,""
*,58760,National Certificate: Rock Breaking Underground Hard Rock (Version 3),,,126,2018-07-01 00:00:00.000,2027-06-30 00:00:00.000,2027-06-30 00:00:00.000,1900-01-01 00:00:00.000,,,1900-01-01 00:00:00.000,1900-01-01 00:00:00.000,1900-01-01 00:00:00.000,1900-01-01 00:00:00.000,1256,0,Y,""
*,60290,National Certificate Engineering Fabrication: Mining and Minerals,,,148,2018-07-01 00:00:00.000,2026-06-30 00:00:00.000,2026-06-30 00:00:00.000,2029-06-30 00:00:00.000,,,1900-01-01 00:00:00.000,1900-01-01 00:00:00.000,1900-01-01 00:00:00.000,1900-01-01 00:00:00.000,192,0,Y,""
*,60291,National Ceritificate Engineering Fabrication: Mining and Minerals,,,138,2018-07-01 00:00:00.000,2026-06-30 00:00:00.000,2026-06-30 00:00:00.000,2029-06-30 00:00:00.000,,,1900-01-01 00:00:00.000,1900-01-01 00:00:00.000,1900-01-01 00:00:00.000,1900-01-01 00:00:00.000,192,0,Y,""
*,60292,Further Education and Training Certificate in Engineering Fabrication: Mining and Minerals,,,141,2018-07-01 00:00:00.000,2026-06-30 00:00:00.000,2026-06-30 00:00:00.000,2029-06-30 00:00:00.000,,,1900-01-01 00:00:00.000,1900-01-01 00:00:00.000,1900-01-01 00:00:00.000,1900-01-01 00:00:00.000,192,0,Y,""
*,20907,National Certificate in Customer Management,,,120,2005-09-13 00:00:00.000,2008-09-13 00:00:00.000,2009-09-13 00:00:00.000,1900-01-01 00:00:00.000,,,1900-01-01 00:00:00.000,1900-01-01 00:00:00.000,1900-01-01 00:00:00.000,1900-01-01 00:00:00.000,0,0,Y,""
*,50334,National Certificate in Occupationally Directed Education Training and Develpment Practivrd,,,120,2006-08-30 00:00:00.000,2009-08-30 00:00:00.000,2010-08-30 00:00:00.000,1900-01-01 00:00:00.000,,,1900-01-01 00:00:00.000,1900-01-01 00:00:00.000,1900-01-01 00:00:00.000,1900-01-01 00:00:00.000,0,0,Y,""
*,58952,further Education and Training Certificate: Laboratory Analysis,,,140,2007-10-18 00:00:00.000,2010-10-18 00:00:00.000,2011-10-18 00:00:00.000,1900-01-01 00:00:00.000,,,1900-01-01 00:00:00.000,1900-01-01 00:00:00.000,1900-01-01 00:00:00.000,1900-01-01 00:00:00.000,102,0,Y,""
*,59305,National Certificate Mineral Processing,,,129,2018-07-01 00:00:00.000,2027-06-30 00:00:00.000,2027-06-30 00:00:00.000,1900-01-01 00:00:00.000,,,1900-01-01 00:00:00.000,1900-01-01 00:00:00.000,1900-01-01 00:00:00.000,1900-01-01 00:00:00.000,1258,0,Y,""
*,59851,National Certificate: Diamond Processing,,,150,2018-07-01 00:00:00.000,2027-06-30 00:00:00.000,2027-06-30 00:00:00.000,1900-01-01 00:00:00.000,,,1900-01-01 00:00:00.000,1900-01-01 00:00:00.000,1900-01-01 00:00:00.000,1900-01-01 00:00:00.000,1117,0,Y,""
*,59549,National Certificate: Strata Control Operations,,,123,2018-07-01 00:00:00.000,2027-06-30 00:00:00.000,2027-06-30 00:00:00.000,1900-01-01 00:00:00.000,,,1900-01-01 00:00:00.000,1900-01-01 00:00:00.000,1900-01-01 00:00:00.000,1900-01-01 00:00:00.000,57,0,Y,""
*,60369,National Certificate Strata Contol operations,,,136,2018-07-01 00:00:00.000,2026-06-30 00:00:00.000,2026-06-30 00:00:00.000,2029-06-30 00:00:00.000,,,1900-01-01 00:00:00.000,1900-01-01 00:00:00.000,1900-01-01 00:00:00.000,1900-01-01 00:00:00.000,57,0,Y,""
*,63477,National Certificate: Mechanical Engineering : Mining and Minerals,,,130,2018-07-01 00:00:00.000,2026-06-30 00:00:00.000,2026-06-30 00:00:00.000,2029-06-30 00:00:00.000,,,1900-01-01 00:00:00.000,1900-01-01 00:00:00.000,1900-01-01 00:00:00.000,1900-01-01 00:00:00.000,1090,0,Y,""
*,63471,National Certificate: Mechanical Engineering: Fitting: Mining and Minerals,,,120,2018-07-01 00:00:00.000,2026-06-30 00:00:00.000,2026-06-30 00:00:00.000,2029-06-30 00:00:00.000,,,1900-01-01 00:00:00.000,1900-01-01 00:00:00.000,1900-01-01 00:00:00.000,1900-01-01 00:00:00.000,1090,0,Y,""
*,63481,FETC: Mechanical Engineering : Fitting: Mining and Minerals,,,120,2018-07-01 00:00:00.000,2026-06-30 00:00:00.000,2026-06-30 00:00:00.000,2029-06-30 00:00:00.000,,,1900-01-01 00:00:00.000,1900-01-01 00:00:00.000,1900-01-01 00:00:00.000,1900-01-01 00:00:00.000,1090,0,Y,""
*,60349,National Certificate: Mining Technical Support,,,125,2018-07-01 00:00:00.000,2027-06-30 00:00:00.000,2027-06-30 00:00:00.000,1900-01-01 00:00:00.000,,,1900-01-01 00:00:00.000,1900-01-01 00:00:00.000,1900-01-01 00:00:00.000,1900-01-01 00:00:00.000,814,0,Y,""
*,23953,Further Education and Training Certificate: New Venture Creation (SMME) ,,,162,2008-05-13 00:00:00.000,2011-05-13 00:00:00.000,2012-05-13 00:00:00.000,1900-01-01 00:00:00.000,,,1900-01-01 00:00:00.000,1900-01-01 00:00:00.000,1900-01-01 00:00:00.000,1900-01-01 00:00:00.000,0,0,Y,""
*,23630,National Certificate Plater/Boilermaker ,,,0,2018-07-01 00:00:00.000,2024-06-30 00:00:00.000,2024-06-30 00:00:00.000,1900-01-01 00:00:00.000,,,1900-01-01 00:00:00.000,1900-01-01 00:00:00.000,1900-01-01 00:00:00.000,1900-01-01 00:00:00.000,1074,0,Y,""
*,23631,National Certificate Plater/Welder ,,,0,2018-07-01 00:00:00.000,2024-06-30 00:00:00.000,2024-06-30 00:00:00.000,1900-01-01 00:00:00.000,,,1900-01-01 00:00:00.000,1900-01-01 00:00:00.000,1900-01-01 00:00:00.000,1900-01-01 00:00:00.000,1070,0,Y,""
*,49014,National Certificate in  Rockbreaking for Underground Hard Rock (version 2),,,130,2007-01-01 00:00:00.000,2010-01-01 00:00:00.000,2011-01-01 00:00:00.000,1900-01-01 00:00:00.000,,,1900-01-01 00:00:00.000,1900-01-01 00:00:00.000,1900-01-01 00:00:00.000,1900-01-01 00:00:00.000,0,0,Y,""
*,23633,National Certificate: Millwright,,,0,2018-07-01 00:00:00.000,2024-06-30 00:00:00.000,2024-06-30 00:00:00.000,1900-01-01 00:00:00.000,,,1900-01-01 00:00:00.000,1900-01-01 00:00:00.000,1900-01-01 00:00:00.000,1900-01-01 00:00:00.000,1167,0,Y,""
*,49013,National Certificate Mining Operations Underground Hard Rock ,,,140,2007-04-03 00:00:00.000,2010-04-03 00:00:00.000,2011-04-03 00:00:00.000,1900-01-01 00:00:00.000,,,1900-01-01 00:00:00.000,1900-01-01 00:00:00.000,1900-01-01 00:00:00.000,1900-01-01 00:00:00.000,0,0,Y,""
*,23655,Natioanl Certificate: Business Administration Services,,,120,2006-05-02 00:00:00.000,2009-05-02 00:00:00.000,2010-05-02 00:00:00.000,1900-01-01 00:00:00.000,,,1900-01-01 00:00:00.000,1900-01-01 00:00:00.000,1900-01-01 00:00:00.000,1900-01-01 00:00:00.000,0,0,Y,""
*,48873,Occupationally Directed Education and Training Practices,,,125,2004-06-09 00:00:00.000,2007-06-09 00:00:00.000,2008-06-09 00:00:00.000,1900-01-01 00:00:00.000,,,1900-01-01 00:00:00.000,1900-01-01 00:00:00.000,1900-01-01 00:00:00.000,1900-01-01 00:00:00.000,0,0,Y,""
*,35928,National Certificate: Business Administration,,,140,2007-01-23 00:00:00.000,2010-01-23 00:00:00.000,2011-01-23 00:00:00.000,1900-01-01 00:00:00.000,,,1900-01-01 00:00:00.000,1900-01-01 00:00:00.000,1900-01-01 00:00:00.000,1900-01-01 00:00:00.000,0,0,Y,""
*,16Q1600616,Lump ore Beneficiation: Diamonds  (version2),,,0,2007-01-01 00:00:00.000,2010-01-01 00:00:00.000,2011-01-01 00:00:00.000,1900-01-01 00:00:00.000,,,1900-01-01 00:00:00.000,1900-01-01 00:00:00.000,1900-01-01 00:00:00.000,1900-01-01 00:00:00.000,0,0,Y,""
*,62796,Further Education and Taining CertificateL Strata Control Operations,,,165,2018-07-01 00:00:00.000,2026-06-30 00:00:00.000,2026-06-30 00:00:00.000,2029-06-30 00:00:00.000,,,1900-01-01 00:00:00.000,1900-01-01 00:00:00.000,1900-01-01 00:00:00.000,1900-01-01 00:00:00.000,57,0,Y,""
*,64249,Further Education and Training Certificate: Diamond and Evaluation,,,164,2018-07-01 00:00:00.000,2027-06-30 00:00:00.000,2027-06-30 00:00:00.000,1900-01-01 00:00:00.000,,,1900-01-01 00:00:00.000,1900-01-01 00:00:00.000,1900-01-01 00:00:00.000,1900-01-01 00:00:00.000,1117,0,Y,""
*,49648,National Certificate: New Venture Creation (SMME),,,138,2018-07-01 00:00:00.000,2026-06-30 00:00:00.000,2026-06-30 00:00:00.000,2029-06-29 00:00:00.000,,,2018-07-01 00:00:00.000,2023-06-30 00:00:00.000,2026-06-30 00:00:00.000,2029-07-01 00:00:00.000,NULL,138,Y,""
*,65190,National Certificate: Metals Production: Mining and Minerals,,,120,2018-07-01 00:00:00.000,2027-06-30 00:00:00.000,2027-06-30 00:00:00.000,1900-01-01 00:00:00.000,,,1900-01-01 00:00:00.000,1900-01-01 00:00:00.000,1900-01-01 00:00:00.000,1900-01-01 00:00:00.000,1073,0,Y,""
*,65192,National Certificate: Metals Production: Mining and Minerals,,,120,2018-07-01 00:00:00.000,2026-06-30 00:00:00.000,2026-06-30 00:00:00.000,2029-06-30 00:00:00.000,,,1900-01-01 00:00:00.000,1900-01-01 00:00:00.000,1900-01-01 00:00:00.000,1900-01-01 00:00:00.000,1073,0,Y,""
*,65194,Further Education and Training Certificate: Metals Production: Mining and Minerals,,,140,2018-07-01 00:00:00.000,2026-06-30 00:00:00.000,2026-06-30 00:00:00.000,2029-06-30 00:00:00.000,,,1900-01-01 00:00:00.000,1900-01-01 00:00:00.000,1900-01-01 00:00:00.000,1900-01-01 00:00:00.000,1073,0,Y,""
*,62869,National Certificate: Rockbreaking: Surface Excavations,,,141,2018-07-01 00:00:00.000,2027-06-30 00:00:00.000,2027-06-30 00:00:00.000,1900-01-01 00:00:00.000,,,1900-01-01 00:00:00.000,1900-01-01 00:00:00.000,1900-01-01 00:00:00.000,1900-01-01 00:00:00.000,1236,0,Y,""
*,64309,General Education and Training Certificate: Adult Basic Education and Training,,,120,2008-11-26 00:00:00.000,2012-06-30 00:00:00.000,2013-06-30 00:00:00.000,1900-01-01 00:00:00.000,,,1900-01-01 00:00:00.000,1900-01-01 00:00:00.000,1900-01-01 00:00:00.000,1900-01-01 00:00:00.000,0,0,Y,""
*,64909,National Certificate: Small Scale Mining,,,143,2018-07-01 00:00:00.000,2026-06-30 00:00:00.000,2026-06-30 00:00:00.000,2029-06-30 00:00:00.000,,,1900-01-01 00:00:00.000,1900-01-01 00:00:00.000,1900-01-01 00:00:00.000,1900-01-01 00:00:00.000,211,0,Y,""
*,64729,Further Education and Training Certificate: Diamond Processing,,,161,2018-07-01 00:00:00.000,2027-06-30 00:00:00.000,2027-06-30 00:00:00.000,1900-01-01 00:00:00.000,,,1900-01-01 00:00:00.000,1900-01-01 00:00:00.000,1900-01-01 00:00:00.000,1900-01-01 00:00:00.000,1117,0,Y,""
*,67429,National Certificate: Electrical Engineering: Mining and Minerals,,,140,2018-07-01 00:00:00.000,2026-06-30 00:00:00.000,2026-06-30 00:00:00.000,2029-06-30 00:00:00.000,,,1900-01-01 00:00:00.000,1900-01-01 00:00:00.000,1900-01-01 00:00:00.000,1900-01-01 00:00:00.000,1165,0,Y,""
*,78545,Further Education and Training Certificate: Automotive Repair and Maintenance: Mining and Minerals,,,159,2018-07-01 00:00:00.000,2026-06-30 00:00:00.000,2026-06-30 00:00:00.000,2029-06-30 00:00:00.000,,,1900-01-01 00:00:00.000,1900-01-01 00:00:00.000,1900-01-01 00:00:00.000,1900-01-01 00:00:00.000,0,0,Y,""
*,72071,National Certificate: Electrical Engineering: Mining and Minerals,,,133,2018-07-01 00:00:00.000,2026-06-30 00:00:00.000,2026-06-30 00:00:00.000,2029-06-30 00:00:00.000,,,1900-01-01 00:00:00.000,1900-01-01 00:00:00.000,1900-01-01 00:00:00.000,1900-01-01 00:00:00.000,0,0,Y,""
*,72069,Further Education and Training Certificate: Electrical Engineering: Mining and Minerals,,,130,2018-07-01 00:00:00.000,2026-06-30 00:00:00.000,2026-06-30 00:00:00.000,2029-06-30 00:00:00.000,,,1900-01-01 00:00:00.000,1900-01-01 00:00:00.000,1900-01-01 00:00:00.000,1900-01-01 00:00:00.000,1165,0,Y,""
*,64810,National Certificate: Automotive Repair and Maintenance,,,125,2009-02-18 00:00:00.000,2012-06-30 00:00:00.000,2013-06-30 00:00:00.000,1900-01-01 00:00:00.000,,,1900-01-01 00:00:00.000,1900-01-01 00:00:00.000,1900-01-01 00:00:00.000,1900-01-01 00:00:00.000,1098,0,Y,""
*,64809,National Certificate: Automotive Repair and Maintenance,,,135,2009-02-18 00:00:00.000,2012-06-30 00:00:00.000,2013-06-30 00:00:00.000,1900-01-01 00:00:00.000,,,1900-01-01 00:00:00.000,1900-01-01 00:00:00.000,1900-01-01 00:00:00.000,1900-01-01 00:00:00.000,1098,0,Y,""
*,64789,National Diploma: Automotive Repair and Maintenance,,,144,2009-02-18 00:00:00.000,2012-06-30 00:00:00.000,2013-06-30 00:00:00.000,1900-01-01 00:00:00.000,,,1900-01-01 00:00:00.000,1900-01-01 00:00:00.000,1900-01-01 00:00:00.000,1900-01-01 00:00:00.000,0,0,Y,""
*,65049,National Certificate: Jewellery manufacturing,,,134,2018-07-01 00:00:00.000,2027-06-30 00:00:00.000,2027-06-30 00:00:00.000,1900-01-01 00:00:00.000,,,1900-01-01 00:00:00.000,1900-01-01 00:00:00.000,1900-01-01 00:00:00.000,1900-01-01 00:00:00.000,1259,0,Y,""
*,65209,National Certificate: Jewellery Manufacturing,,,137,2018-07-01 00:00:00.000,2027-06-30 00:00:00.000,2027-06-30 00:00:00.000,1900-01-01 00:00:00.000,,,1900-01-01 00:00:00.000,1900-01-01 00:00:00.000,1900-01-01 00:00:00.000,1900-01-01 00:00:00.000,1259,0,Y,""
*,65549,National Certificate: Mining Technical Support,,,138,2018-07-01 00:00:00.000,2027-06-30 00:00:00.000,2027-06-30 00:00:00.000,1900-01-01 00:00:00.000,,,1900-01-01 00:00:00.000,1900-01-01 00:00:00.000,1900-01-01 00:00:00.000,1900-01-01 00:00:00.000,814,0,Y,""
*,63485,National Certificate: Mechanical Handling (Rigging): Mining and Minerals,,,127,2018-07-01 00:00:00.000,2026-06-30 00:00:00.000,2026-06-30 00:00:00.000,2029-06-30 00:00:00.000,,,1900-01-01 00:00:00.000,1900-01-01 00:00:00.000,1900-01-01 00:00:00.000,1900-01-01 00:00:00.000,1079,0,Y,""
*,63490,National Certificate: Mechanical Handling (Rigging): Mining and Minerals,,,121,2018-07-01 00:00:00.000,2026-06-30 00:00:00.000,2026-06-30 00:00:00.000,2029-06-30 00:00:00.000,,,1900-01-01 00:00:00.000,1900-01-01 00:00:00.000,1900-01-01 00:00:00.000,1900-01-01 00:00:00.000,1079,0,Y,""
*,63494,Further Education and Training Certificate: Mechanical Handling (Rigging): Mining and Minerals,,,136,2018-07-01 00:00:00.000,2026-06-30 00:00:00.000,2026-06-30 00:00:00.000,2029-06-30 00:00:00.000,,,1900-01-01 00:00:00.000,1900-01-01 00:00:00.000,1900-01-01 00:00:00.000,1900-01-01 00:00:00.000,1079,0,Y,""
*,62769,National Certificate: Mineral Processing,,,130,2018-07-01 00:00:00.000,2027-06-30 00:00:00.000,2027-06-30 00:00:00.000,1900-01-01 00:00:00.000,,,1900-01-01 00:00:00.000,1900-01-01 00:00:00.000,1900-01-01 00:00:00.000,1900-01-01 00:00:00.000,1258,0,Y,""
*,60110,National Certificate: Engineering,,,120,2008-08-20 00:00:00.000,2012-06-30 00:00:00.000,2013-06-30 00:00:00.000,1900-01-01 00:00:00.000,,,1900-01-01 00:00:00.000,1900-01-01 00:00:00.000,1900-01-01 00:00:00.000,1900-01-01 00:00:00.000,0,0,Y,""
*,73310,National Certificate: Laboratory Practice: Precious Metal,,,120,2018-07-01 00:00:00.000,2027-06-30 00:00:00.000,2027-06-30 00:00:00.000,1900-01-01 00:00:00.000,,,1900-01-01 00:00:00.000,1900-01-01 00:00:00.000,1900-01-01 00:00:00.000,1900-01-01 00:00:00.000,102,0,Y,""
*,73312,Further Education and Training Certificate: Laboratory Analysis: Mining and Minerals,,,140,2018-07-01 00:00:00.000,2026-06-30 00:00:00.000,2026-06-30 00:00:00.000,2029-06-30 00:00:00.000,,,1900-01-01 00:00:00.000,1900-01-01 00:00:00.000,1900-01-01 00:00:00.000,1900-01-01 00:00:00.000,102,0,Y,""
*,20159,NQF 5 NATIONAL DIPLOMA IN ABET PRACITICES,,,240,2007-01-01 00:00:00.000,2010-01-01 00:00:00.000,2007-01-01 00:00:00.000,1900-01-01 00:00:00.000,,,1900-01-01 00:00:00.000,1900-01-01 00:00:00.000,1900-01-01 00:00:00.000,1900-01-01 00:00:00.000,0,0,Y,""
*,48473,National Certificate in Electrical Engineering (Electrical Construction),,,156,2007-01-01 00:00:00.000,2010-01-01 00:00:00.000,2007-01-01 00:00:00.000,1900-01-01 00:00:00.000,,,1900-01-01 00:00:00.000,1900-01-01 00:00:00.000,1900-01-01 00:00:00.000,1900-01-01 00:00:00.000,0,0,Y,""
*,3,NATIONAL CERTIFICATE GENERAL SECURITY PRACTICES,,,0,2007-01-01 00:00:00.000,2010-01-01 00:00:00.000,2007-01-01 00:00:00.000,1900-01-01 00:00:00.000,,,1900-01-01 00:00:00.000,1900-01-01 00:00:00.000,1900-01-01 00:00:00.000,1900-01-01 00:00:00.000,0,0,Y,""
*,64869,National Certificate: Generic Management: Cement Manufacturing: Mining and Minerals,,,162,2018-07-01 00:00:00.000,2026-06-30 00:00:00.000,2026-06-30 00:00:00.000,2029-06-30 00:00:00.000,,,1900-01-01 00:00:00.000,1900-01-01 00:00:00.000,1900-01-01 00:00:00.000,1900-01-01 00:00:00.000,0,0,Y,""
*,64950,Further Education and Training Certificate: Laboratory Analysis,,,140,2009-05-05 00:00:00.000,2015-06-30 00:00:00.000,2016-06-30 00:00:00.000,1900-01-01 00:00:00.000,,,1900-01-01 00:00:00.000,1900-01-01 00:00:00.000,1900-01-01 00:00:00.000,1900-01-01 00:00:00.000,0,0,Y,""
*,64889,Further Education and Training Certificate: Mineral Processing,,,137,2018-07-01 00:00:00.000,2027-06-30 00:00:00.000,2027-06-30 00:00:00.000,1900-01-01 00:00:00.000,,,1900-01-01 00:00:00.000,1900-01-01 00:00:00.000,1900-01-01 00:00:00.000,1900-01-01 00:00:00.000,0,0,Y,""
*,78903,National Certificate: Chemical Operations,,,120,2018-07-01 00:00:00.000,2026-06-30 00:00:00.000,2026-06-30 00:00:00.000,2029-06-30 00:00:00.000,,,1900-01-01 00:00:00.000,1900-01-01 00:00:00.000,1900-01-01 00:00:00.000,1900-01-01 00:00:00.000,0,0,Y,""
*,78547,National Certificate: Chemical Operations,,,135,2018-07-01 00:00:00.000,2027-06-30 00:00:00.000,2027-06-30 00:00:00.000,1900-01-01 00:00:00.000,,,1900-01-01 00:00:00.000,1900-01-01 00:00:00.000,1900-01-01 00:00:00.000,1900-01-01 00:00:00.000,0,0,Y,""
*,74550,"National Certificate: Measurement, Control and Instrumentation: Mining and Minerals",,,133,2018-07-01 00:00:00.000,2026-06-30 00:00:00.000,2026-06-30 00:00:00.000,2029-06-30 00:00:00.000,,,1900-01-01 00:00:00.000,1900-01-01 00:00:00.000,1900-01-01 00:00:00.000,1900-01-01 00:00:00.000,0,0,Y,""
*,74552,"National Certificate: Measurement, Control and Instrumentaion: Mining and Minerals",,,120,2018-07-01 00:00:00.000,2026-06-30 00:00:00.000,2026-06-30 00:00:00.000,2029-06-30 00:00:00.000,,,1900-01-01 00:00:00.000,1900-01-01 00:00:00.000,1900-01-01 00:00:00.000,1900-01-01 00:00:00.000,0,0,Y,""
*,74551,"FETC: Measurement, Control and Instrumentation: Mining and Minerals",,,134,2018-07-01 00:00:00.000,2026-06-30 00:00:00.000,2026-06-30 00:00:00.000,2029-06-30 00:00:00.000,,,1900-01-01 00:00:00.000,1900-01-01 00:00:00.000,1900-01-01 00:00:00.000,1900-01-01 00:00:00.000,0,0,Y,""
*,74490,Further Education and Training Certificate: Mining Operations,,,160,2018-07-01 00:00:00.000,2027-06-30 00:00:00.000,2027-06-30 00:00:00.000,1900-01-01 00:00:00.000,,,1900-01-01 00:00:00.000,1900-01-01 00:00:00.000,1900-01-01 00:00:00.000,1900-01-01 00:00:00.000,0,0,Y,""
*,77963,Further Education and Training Certificate: Mining/Exploration Geology,,,160,2018-07-01 00:00:00.000,2026-06-30 00:00:00.000,2026-06-30 00:00:00.000,2029-06-30 00:00:00.000,,,1900-01-01 00:00:00.000,1900-01-01 00:00:00.000,1900-01-01 00:00:00.000,1900-01-01 00:00:00.000,0,0,Y,""
*,78323,National Certificate: Lamproom Operations,,,126,2018-07-01 00:00:00.000,2026-06-30 00:00:00.000,2026-06-30 00:00:00.000,2029-06-30 00:00:00.000,,,1900-01-01 00:00:00.000,1900-01-01 00:00:00.000,1900-01-01 00:00:00.000,1900-01-01 00:00:00.000,0,0,Y,""
*,74292,"National Certificate: Occupational Health, Safety and Environment: Mining and Minerals",,,120,2018-07-01 00:00:00.000,2027-06-30 00:00:00.000,2027-06-30 00:00:00.000,1900-01-01 00:00:00.000,,,1900-01-01 00:00:00.000,1900-01-01 00:00:00.000,1900-01-01 00:00:00.000,1900-01-01 00:00:00.000,316,0,Y,""
*,78843,National Certificate: Diamond Processing,,,121,2018-07-01 00:00:00.000,2026-06-30 00:00:00.000,2026-06-30 00:00:00.000,2029-06-30 00:00:00.000,,,1900-01-01 00:00:00.000,1900-01-01 00:00:00.000,1900-01-01 00:00:00.000,1900-01-01 00:00:00.000,0,0,Y,""
*,78966,National Certificate: Diamond Design and Evaluation,,,129,2018-07-01 00:00:00.000,2026-06-30 00:00:00.000,2026-06-30 00:00:00.000,2029-06-30 00:00:00.000,,,1900-01-01 00:00:00.000,1900-01-01 00:00:00.000,1900-01-01 00:00:00.000,1900-01-01 00:00:00.000,0,0,Y,""
*,78923,National Certificate: Autotronics,,,132,2010-07-28 00:00:00.000,2013-07-28 00:00:00.000,2014-07-28 00:00:00.000,1900-01-01 00:00:00.000,,,1900-01-01 00:00:00.000,1900-01-01 00:00:00.000,1900-01-01 00:00:00.000,1900-01-01 00:00:00.000,0,0,Y,""
*,78944,National Certificate: Autotronics,,,127,2010-07-28 00:00:00.000,2013-07-28 00:00:00.000,2014-07-28 00:00:00.000,1900-01-01 00:00:00.000,,,1900-01-01 00:00:00.000,1900-01-01 00:00:00.000,1900-01-01 00:00:00.000,1900-01-01 00:00:00.000,0,0,Y,""
*,79826,National Certificate: Occupational Hygiene and Safety: Mining and Minerals,,,144,2018-07-01 00:00:00.000,2027-06-30 00:00:00.000,2027-06-30 00:00:00.000,1900-01-01 00:00:00.000,,,1900-01-01 00:00:00.000,1900-01-01 00:00:00.000,1900-01-01 00:00:00.000,1900-01-01 00:00:00.000,0,0,Y,""
*,78543,Natinal Certificate: Automotive Repair and Maintenance: Mining and Minerals,,,125,2018-07-01 00:00:00.000,2026-06-30 00:00:00.000,2026-06-30 00:00:00.000,2029-06-30 00:00:00.000,,,1900-01-01 00:00:00.000,1900-01-01 00:00:00.000,1900-01-01 00:00:00.000,1900-01-01 00:00:00.000,0,0,Y,""
*,96532,National Certificate: Measurement,,,160,2011-06-15 00:00:00.000,2012-06-16 00:00:00.000,2012-06-17 00:00:00.000,1900-01-01 00:00:00.000,,,1900-01-01 00:00:00.000,1900-01-01 00:00:00.000,1900-01-01 00:00:00.000,1900-01-01 00:00:00.000,0,0,Y,""
*,78883,Further Education and Training Certificate: Autotronics,,,134,2010-07-28 00:00:00.000,2013-07-28 00:00:00.000,2014-07-28 00:00:00.000,1900-01-01 00:00:00.000,,,1900-01-01 00:00:00.000,1900-01-01 00:00:00.000,1900-01-01 00:00:00.000,1900-01-01 00:00:00.000,0,0,Y,""
*,99999,National Certificate: Test,,,120,2012-01-24 00:00:00.000,2012-06-25 00:00:00.000,2012-06-26 00:00:00.000,1900-01-01 00:00:00.000,,,1900-01-01 00:00:00.000,1900-01-01 00:00:00.000,1900-01-01 00:00:00.000,1900-01-01 00:00:00.000,0,0,Y,""
*,100002,KKKK,,,120,2012-04-20 00:00:00.000,2015-04-20 00:00:00.000,2013-04-20 00:00:00.000,1900-01-01 00:00:00.000,,,1900-01-01 00:00:00.000,1900-01-01 00:00:00.000,1900-01-01 00:00:00.000,1900-01-01 00:00:00.000,0,0,Y,""
*,78546,National Certificate: Automotive Repair and Maintenance: Mining and Minerals,,,144,2018-07-01 00:00:00.000,2026-06-30 00:00:00.000,2026-06-30 00:00:00.000,2029-06-30 00:00:00.000,,,1900-01-01 00:00:00.000,1900-01-01 00:00:00.000,1900-01-01 00:00:00.000,1900-01-01 00:00:00.000,0,0,Y,""
*,78904,Further Education and Training Certificate: Chemical Operations: Mining and Minerals,,,140,2018-07-01 00:00:00.000,2026-06-30 00:00:00.000,2026-06-30 00:00:00.000,2029-06-30 00:00:00.000,,,1900-01-01 00:00:00.000,1900-01-01 00:00:00.000,1900-01-01 00:00:00.000,1900-01-01 00:00:00.000,0,0,Y,""
*,78544,National Certificate: Automotive Repair and Maintenance: Mining and Minerals,,,135,2012-01-07 00:00:00.000,2015-06-30 00:00:00.000,2016-06-30 00:00:00.000,1900-01-01 00:00:00.000,,,1900-01-01 00:00:00.000,1900-01-01 00:00:00.000,1900-01-01 00:00:00.000,1900-01-01 00:00:00.000,0,0,Y,""
*,79827,Further Education and Training Certificate: Occupational Hygiene and Safety: Mining and Minerals,,,145,2018-07-01 00:00:00.000,2026-06-30 00:00:00.000,2026-06-30 00:00:00.000,2029-06-30 00:00:00.000,,,1900-01-01 00:00:00.000,1900-01-01 00:00:00.000,1900-01-01 00:00:00.000,1900-01-01 00:00:00.000,0,0,Y,""
*,79829,National Diploma: Occupational Safety: Mining and Minerals,,,242,2018-07-01 00:00:00.000,2026-06-30 00:00:00.000,2026-06-30 00:00:00.000,2029-06-30 00:00:00.000,,,1900-01-01 00:00:00.000,1900-01-01 00:00:00.000,1900-01-01 00:00:00.000,1900-01-01 00:00:00.000,0,0,Y,""
*,79828,National Certificate: Occupational Safety: Mining and Minerals,,,145,2018-07-01 00:00:00.000,2026-06-30 00:00:00.000,2026-06-30 00:00:00.000,2029-06-30 00:00:00.000,,,1900-01-01 00:00:00.000,1900-01-01 00:00:00.000,1900-01-01 00:00:00.000,1900-01-01 00:00:00.000,0,0,Y,""
*,90655,National Certificate: Small Scale Mining,,,124,2018-07-01 00:00:00.000,2026-06-30 00:00:00.000,2026-06-30 00:00:00.000,2029-06-30 00:00:00.000,,,1900-01-01 00:00:00.000,1900-01-01 00:00:00.000,1900-01-01 00:00:00.000,1900-01-01 00:00:00.000,0,0,Y,""
*,90656,National Certificate: Mine Ventilation,,,124,2018-07-01 00:00:00.000,2026-06-30 00:00:00.000,2026-06-30 00:00:00.000,2029-06-30 00:00:00.000,,,1900-01-01 00:00:00.000,1900-01-01 00:00:00.000,1900-01-01 00:00:00.000,1900-01-01 00:00:00.000,0,0,Y,""
*,23254,National Certificate: Mechanical Engineering: Fitting and Machining,,,179,2007-05-15 00:00:00.000,2015-06-30 00:00:00.000,2016-06-30 00:00:00.000,1900-01-01 00:00:00.000,,,1900-01-01 00:00:00.000,1900-01-01 00:00:00.000,1900-01-01 00:00:00.000,1900-01-01 00:00:00.000,0,0,Y,""
*,23256,National Certificate: Mechanical Engineering: Fitting and Machining,,,179,2007-05-15 00:00:00.000,2015-06-30 00:00:00.000,2016-06-30 00:00:00.000,1900-01-01 00:00:00.000,,,1900-01-01 00:00:00.000,1900-01-01 00:00:00.000,1900-01-01 00:00:00.000,1900-01-01 00:00:00.000,0,0,Y,""
*,58269,National Certificate: Electro-Mechanics,,,166,2007-02-05 00:00:00.000,2010-02-05 00:00:00.000,2008-02-05 00:00:00.000,1900-01-01 00:00:00.000,,,1900-01-01 00:00:00.000,1900-01-01 00:00:00.000,1900-01-01 00:00:00.000,1900-01-01 00:00:00.000,0,0,Y,""
*,73309,National Certificate: Laboratory Practice: General,,,120,2018-07-01 00:00:00.000,2027-06-30 00:00:00.000,2027-06-30 00:00:00.000,1900-01-01 00:00:00.000,,,1900-01-01 00:00:00.000,1900-01-01 00:00:00.000,1900-01-01 00:00:00.000,1900-01-01 00:00:00.000,0,0,Y,""
*,73311,National Certificate: Laboratory Practice: Coal,,,120,2018-07-01 00:00:00.000,2027-06-30 00:00:00.000,2027-06-30 00:00:00.000,1900-01-01 00:00:00.000,,,1900-01-01 00:00:00.000,1900-01-01 00:00:00.000,1900-01-01 00:00:00.000,1900-01-01 00:00:00.000,0,0,Y,""
*,61305,Automotive electrician mining,,,120,2018-01-07 00:00:00.000,2024-06-30 00:00:00.000,2024-06-30 00:00:00.000,1900-01-01 00:00:00.000,,,1900-01-01 00:00:00.000,1900-01-01 00:00:00.000,1900-01-01 00:00:00.000,1900-01-01 00:00:00.000,0,0,Y,""
*,96276,Heavy Equipment Mechanic,,,120,2018-07-01 00:00:00.000,2024-06-30 00:00:00.000,2024-06-30 00:00:00.000,1900-01-01 00:00:00.000,,,1900-01-01 00:00:00.000,1900-01-01 00:00:00.000,1900-01-01 00:00:00.000,1900-01-01 00:00:00.000,0,0,Y,""
*,96283,Goldsmith,,,120,2018-07-01 00:00:00.000,2024-06-30 00:00:00.000,2024-06-30 00:00:00.000,1900-01-01 00:00:00.000,,,1900-01-01 00:00:00.000,1900-01-01 00:00:00.000,1900-01-01 00:00:00.000,1900-01-01 00:00:00.000,0,0,Y,""
*,96284,Diamond and gemstone setter,,,120,2018-07-01 00:00:00.000,2024-06-30 00:00:00.000,2024-06-30 00:00:00.000,1900-01-01 00:00:00.000,,,1900-01-01 00:00:00.000,1900-01-01 00:00:00.000,1900-01-01 00:00:00.000,1900-01-01 00:00:00.000,0,0,Y,""
*,96349,Diamond Cutter,,,120,2018-07-01 00:00:00.000,2024-06-30 00:00:00.000,2024-06-30 00:00:00.000,1900-01-01 00:00:00.000,,,1900-01-01 00:00:00.000,1900-01-01 00:00:00.000,1900-01-01 00:00:00.000,1900-01-01 00:00:00.000,0,0,Y,""
*,97388,Earth Moving Mechanic,,,120,2018-07-01 00:00:00.000,2024-06-30 00:00:00.000,2024-06-30 00:00:00.000,1900-01-01 00:00:00.000,,,1900-01-01 00:00:00.000,1900-01-01 00:00:00.000,1900-01-01 00:00:00.000,1900-01-01 00:00:00.000,0,0,Y,""
*,202326,Test Qualification,,,120,2023-01-26 00:00:00.000,2027-01-26 00:00:00.000,2029-01-25 00:00:00.000,2032-01-24 00:00:00.000,,,NULL,NULL,NULL,NULL,NULL,18,Y,"ZZNewRegistrationStartDate: 'NULL' could not be parsed as a Date"
*,61755,General education and training certificate: Business practice,,,121,2018-07-01 00:00:00.000,2023-06-30 00:00:00.000,2024-06-30 00:00:00.000,2027-06-30 00:00:00.000,,,NULL,NULL,NULL,NULL,NULL,121,Y,"ZZNewRegistrationStartDate: 'NULL' could not be parsed as a Date"
*,23833,Business Administration,,,130,2018-07-01 00:00:00.000,2023-06-01 00:00:00.000,2024-06-30 00:00:00.000,2027-06-29 00:00:00.000,,,NULL,NULL,NULL,NULL,NULL,130,Y,"ZZNewRegistrationStartDate: 'NULL' could not be parsed as a Date"
*,50080,generic management,,,150,2018-07-01 00:00:00.000,2023-06-06 00:00:00.000,2024-06-30 00:00:00.000,2027-06-29 00:00:00.000,,,NULL,NULL,NULL,NULL,NULL,150,Y,"ZZNewRegistrationStartDate: 'NULL' could not be parsed as a Date"
*,83946,Management,,,120,2021-07-07 00:00:00.000,2023-07-30 00:00:00.000,2027-07-06 00:00:00.000,2030-07-05 00:00:00.000,,,NULL,NULL,NULL,NULL,NULL,120,Y,"ZZNewRegistrationStartDate: 'NULL' could not be parsed as a Date"
*,67464,Marketing,,,141,2021-07-07 00:00:00.000,2023-07-30 00:00:00.000,2027-07-06 00:00:00.000,2030-07-05 00:00:00.000,,,NULL,NULL,NULL,NULL,NULL,141,Y,"ZZNewRegistrationStartDate: 'NULL' could not be parsed as a Date"
*,67465,Business Administration,,,130,2021-07-07 00:00:00.000,2026-07-30 00:00:00.000,2027-07-06 00:00:00.000,2030-07-05 00:00:00.000,,,NULL,NULL,NULL,NULL,NULL,130,Y,"ZZNewRegistrationStartDate: 'NULL' could not be parsed as a Date"
*,58375,NC: Bookkeeping,,,120,2024-04-01 00:00:00.000,2025-05-01 00:00:00.000,2030-03-31 00:00:00.000,2033-03-30 00:00:00.000,,,NULL,NULL,NULL,NULL,NULL,120,Y,"ZZNewRegistrationStartDate: 'NULL' could not be parsed as a Date"
*,58376,FETC: Bookkeepinh,,,130,2024-04-01 00:00:00.000,2025-04-01 00:00:00.000,2030-03-31 00:00:00.000,2033-03-30 00:00:00.000,,,NULL,NULL,NULL,NULL,NULL,130,Y,"ZZNewRegistrationStartDate: 'NULL' could not be parsed as a Date"
*,61595,FETC: Business Administration,,,140,2024-04-01 00:00:00.000,2026-06-30 00:00:00.000,2030-03-31 00:00:00.000,2033-03-30 00:00:00.000,,,NULL,NULL,NULL,NULL,NULL,140,Y,"ZZNewRegistrationStartDate: 'NULL' could not be parsed as a Date"
*,59201,generic management,,,162,2024-04-01 00:00:00.000,2025-03-31 00:00:00.000,2030-03-31 00:00:00.000,2033-03-30 00:00:00.000,,,NULL,NULL,NULL,NULL,NULL,162,Y,"ZZNewRegistrationStartDate: 'NULL' could not be parsed as a Date"
*,58395,Project Management,,,143,2024-04-01 00:00:00.000,2025-04-01 00:00:00.000,2030-03-31 00:00:00.000,2033-03-30 00:00:00.000,,,NULL,NULL,NULL,NULL,NULL,140,Y,"ZZNewRegistrationStartDate: 'NULL' could not be parsed as a Date"
*,123456,Test Qualification,,,120,2024-04-08 00:00:00.000,2026-04-08 00:00:00.000,2030-04-07 00:00:00.000,2033-04-06 00:00:00.000,,,NULL,NULL,NULL,NULL,NULL,6,Y,"ZZNewRegistrationStartDate: 'NULL' could not be parsed as a Date"
*,57712,FETC:Generic Management:General Management,,,150,2018-07-01 00:00:00.000,2023-06-30 00:00:00.000,2026-06-30 00:00:00.000,2029-06-29 00:00:00.000,,,NULL,NULL,NULL,NULL,NULL,150,Y,"ZZNewRegistrationStartDate: 'NULL' could not be parsed as a Date"
*,49691,Human Resource Management and Support,,,140,2024-06-19 00:00:00.000,2025-06-19 00:00:00.000,2030-06-18 00:00:00.000,2033-06-17 00:00:00.000,,,NULL,NULL,NULL,NULL,NULL,140,Y,"ZZNewRegistrationStartDate: 'NULL' could not be parsed as a Date"
*,48979,National Certificate  in Animal Production,,,140,2024-06-18 00:00:00.000,2025-06-30 00:00:00.000,2030-06-17 00:00:00.000,2033-06-16 00:00:00.000,,,NULL,NULL,NULL,NULL,NULL,140,Y,"ZZNewRegistrationStartDate: 'NULL' could not be parsed as a Date"
*,74149,Procurement in the Supply Chain,,,154,2024-06-18 00:00:00.000,2025-06-30 00:00:00.000,2030-06-17 00:00:00.000,2033-06-16 00:00:00.000,,,NULL,NULL,NULL,NULL,NULL,154,Y,"ZZNewRegistrationStartDate: 'NULL' could not be parsed as a Date"
*,83986,: National Certificate: Management: Stores and Warehousing,,,120,2024-06-18 00:00:00.000,2025-07-30 00:00:00.000,2030-06-17 00:00:00.000,2033-06-16 00:00:00.000,,,NULL,NULL,NULL,NULL,NULL,120,Y,"ZZNewRegistrationStartDate: 'NULL' could not be parsed as a Date"
*,66749,National Certicate :Community Development,,,120,2018-07-01 00:00:00.000,2023-06-30 00:00:00.000,2026-06-30 00:00:00.000,2029-06-29 00:00:00.000,,,NULL,NULL,NULL,NULL,NULL,120,Y,"ZZNewRegistrationStartDate: 'NULL' could not be parsed as a Date"
*,58761,Further Education and Training Certificate :Early Childhood Development,,,120,2018-07-01 00:00:00.000,2023-06-30 00:00:00.000,2025-06-30 00:00:00.000,2028-06-29 00:00:00.000,,,NULL,NULL,NULL,NULL,NULL,120,Y,"ZZNewRegistrationStartDate: 'NULL' could not be parsed as a Date"
*,61591,National Certificate:Information Technology : End User Computing,,,120,2024-06-28 00:00:00.000,2025-06-27 00:00:00.000,2030-06-27 00:00:00.000,2033-06-26 00:00:00.000,,,NULL,NULL,NULL,NULL,NULL,120,Y,"ZZNewRegistrationStartDate: 'NULL' could not be parsed as a Date"
*,67229,Payroll Administration,,,120,2024-07-01 00:00:00.000,2025-06-30 00:00:00.000,2030-06-30 00:00:00.000,2033-06-29 00:00:00.000,,,NULL,NULL,NULL,NULL,NULL,120,Y,"ZZNewRegistrationStartDate: 'NULL' could not be parsed as a Date"
*,66249,FETC: New Venture Creation,,,149,2018-07-01 00:00:00.000,2023-06-30 00:00:00.000,2026-06-30 00:00:00.000,2029-06-29 00:00:00.000,,,NULL,NULL,NULL,NULL,NULL,11,Y,"ZZNewRegistrationStartDate: 'NULL' could not be parsed as a Date"
*,48806,National Certificate: Craft Production,,,141,2024-07-01 00:00:00.000,2025-05-30 00:00:00.000,2030-06-30 00:00:00.000,2033-06-29 00:00:00.000,,,NULL,NULL,NULL,NULL,NULL,141,Y,"ZZNewRegistrationStartDate: 'NULL' could not be parsed as a Date"
*,71490,Contact Centre Support,,,128,2024-03-01 00:00:00.000,2030-04-01 00:00:00.000,2030-02-28 00:00:00.000,2033-02-27 00:00:00.000,,,NULL,NULL,NULL,NULL,NULL,128,Y,"ZZNewRegistrationStartDate: 'NULL' could not be parsed as a Date"
*,101874,Occupational Certificate Maintenance Planner,,,261,2018-07-01 00:00:00.000,2025-12-30 00:00:00.000,2026-12-30 00:00:00.000,2029-12-29 00:00:00.000,,,NULL,NULL,NULL,NULL,NULL,261,Y,"ZZNewRegistrationStartDate: 'NULL' could not be parsed as a Date"
*,97542,Occupation Certificate: Early Childhood Development Practitioner,,,131,2018-07-01 00:00:00.000,2025-12-30 00:00:00.000,2026-12-30 00:00:00.000,2029-12-30 00:00:00.000,,,NULL,NULL,NULL,NULL,NULL,131,Y,"ZZNewRegistrationStartDate: 'NULL' could not be parsed as a Date"
*,99714,"Occupational Certificate: Safety, Health and quality Practitioner",,,256,2018-07-01 00:00:00.000,2025-12-30 00:00:00.000,2026-12-30 00:00:00.000,2029-12-29 00:00:00.000,,,NULL,NULL,NULL,NULL,NULL,256,Y,"ZZNewRegistrationStartDate: 'NULL' could not be parsed as a Date"
*,49129,inteactive Media,,,130,2018-07-01 00:00:00.000,2023-06-30 00:00:00.000,2024-06-30 00:00:00.000,2027-06-29 00:00:00.000,,,NULL,NULL,NULL,NULL,NULL,130,Y,"ZZNewRegistrationStartDate: 'NULL' could not be parsed as a Date"
*,101321,Occupational Certificate,,,190,2018-07-01 00:00:00.000,2023-06-30 00:00:00.000,2026-06-30 00:00:00.000,2029-06-29 00:00:00.000,,,NULL,NULL,NULL,NULL,NULL,190,Y,"ZZNewRegistrationStartDate: 'NULL' could not be parsed as a Date"
*,118788,Occupational Certificate: Design Thinking Innovation Lead,,,160,2018-07-01 00:00:00.000,2025-12-31 00:00:00.000,2026-12-31 00:00:00.000,2029-12-30 00:00:00.000,,,NULL,NULL,NULL,NULL,NULL,160,Y,"ZZNewRegistrationStartDate: 'NULL' could not be parsed as a Date"
*,48573,National Certificate: Information Technology: Systems Support,,,147,2018-07-01 00:00:00.000,2023-06-30 00:00:00.000,2026-06-30 00:00:00.000,2029-06-29 00:00:00.000,,,NULL,NULL,NULL,NULL,NULL,147,Y,"ZZNewRegistrationStartDate: 'NULL' could not be parsed as a Date"
*,50331,"National Certificate: Occupationally Directed Education, Training and Development Practices",,,145,2018-07-01 00:00:00.000,2023-06-30 00:00:00.000,2026-06-30 00:00:00.000,2029-06-29 00:00:00.000,,,NULL,NULL,NULL,NULL,NULL,145,Y,"ZZNewRegistrationStartDate: 'NULL' could not be parsed as a Date"
*,49121,National Certificate: Interactive Media,,,130,2018-07-01 00:00:00.000,2023-06-30 00:00:00.000,2026-06-30 00:00:00.000,2029-06-29 00:00:00.000,,,NULL,NULL,NULL,NULL,NULL,130,Y,"ZZNewRegistrationStartDate: 'NULL' could not be parsed as a Date"
*,20287,National Certificate: Farming,,,120,2018-07-30 00:00:00.000,2023-06-30 00:00:00.000,2026-07-29 00:00:00.000,2029-07-28 00:00:00.000,,,NULL,NULL,NULL,NULL,NULL,120,Y,"ZZNewRegistrationStartDate: 'NULL' could not be parsed as a Date"
*,48967,National Certificate: Business Advising Operations,,,138,2018-07-01 00:00:00.000,2023-06-30 00:00:00.000,2025-06-30 00:00:00.000,2028-06-29 00:00:00.000,,,NULL,NULL,NULL,NULL,NULL,138,Y,"ZZNewRegistrationStartDate: 'NULL' could not be parsed as a Date"
*,23118,National Diploma: Early Childhood Development,,,240,2018-07-01 00:00:00.000,2020-07-30 00:00:00.000,2025-06-30 00:00:00.000,2028-06-29 00:00:00.000,,,NULL,NULL,NULL,NULL,NULL,240,Y,"ZZNewRegistrationStartDate: 'NULL' could not be parsed as a Date"
*,49580,General Education and Training Certificate: Poultry Production,,,134,2018-07-30 00:00:00.000,2023-06-30 00:00:00.000,2025-07-29 00:00:00.000,2028-07-28 00:00:00.000,,,NULL,NULL,NULL,NULL,NULL,134,Y,"ZZNewRegistrationStartDate: 'NULL' could not be parsed as a Date"
*,48977,National Certificate: Mixed Farming Systems,,,120,2018-07-01 00:00:00.000,2023-06-30 00:00:00.000,2025-06-30 00:00:00.000,2028-06-29 00:00:00.000,,,NULL,NULL,NULL,NULL,NULL,120,Y,"ZZNewRegistrationStartDate: 'NULL' could not be parsed as a Date"
*,101869,Occupational Certificate: Project Manager,,,240,2018-07-01 00:00:00.000,2025-12-30 00:00:00.000,2025-12-30 00:00:00.000,2028-12-29 00:00:00.000,,,NULL,NULL,NULL,NULL,NULL,240,Y,"ZZNewRegistrationStartDate: 'NULL' could not be parsed as a Date"
*,78964,Further Education and Training Certificate: Information Technology: Technical Support,,,163,2018-07-01 00:00:00.000,2023-06-30 00:00:00.000,2026-06-30 00:00:00.000,2029-06-29 00:00:00.000,,,NULL,NULL,NULL,NULL,NULL,163,Y,"ZZNewRegistrationStartDate: 'NULL' could not be parsed as a Date"
*,93997,National Certificate: Contact Centre and Business Process Outsourcing Support,,,124,2021-07-01 00:00:00.000,2025-07-30 00:00:00.000,2027-06-30 00:00:00.000,2030-06-29 00:00:00.000,,,NULL,NULL,NULL,NULL,NULL,124,Y,"ZZNewRegistrationStartDate: 'NULL' could not be parsed as a Date"
*,74630,Further Education and Training Certificate: Generic Management,,,150,2018-07-01 00:00:00.000,2023-06-30 00:00:00.000,2026-06-30 00:00:00.000,2029-06-29 00:00:00.000,,,NULL,NULL,NULL,NULL,NULL,150,Y,"ZZNewRegistrationStartDate: 'NULL' could not be parsed as a Date"
*,66789,National Certificate: Environmental Management,,,138,2018-07-01 00:00:00.000,2024-06-30 00:00:00.000,2026-06-30 00:00:00.000,2029-06-29 00:00:00.000,,,NULL,NULL,NULL,NULL,NULL,138,Y,"ZZNewRegistrationStartDate: 'NULL' could not be parsed as a Date"
*,20175,National Certificate: Hygiene and Cleaning Supervision,,,120,2018-07-01 00:00:00.000,2026-06-30 00:00:00.000,2026-06-30 00:00:00.000,2029-06-29 00:00:00.000,,,NULL,NULL,NULL,NULL,NULL,120,Y,"ZZNewRegistrationStartDate: 'NULL' could not be parsed as a Date"
*,119262,Occupational certificate: Internet-of-Things Developer,,,141,2022-06-21 00:00:00.000,2025-12-31 00:00:00.000,2028-06-20 00:00:00.000,2031-06-19 00:00:00.000,,,NULL,NULL,NULL,NULL,NULL,141,Y,"ZZNewRegistrationStartDate: 'NULL' could not be parsed as a Date"
*,202503,QAQual,,,120,2025-01-01 00:00:00.000,2028-12-31 00:00:00.000,2030-12-31 00:00:00.000,2033-12-30 00:00:00.000,,,NULL,NULL,NULL,NULL,NULL,20,Y,"ZZNewRegistrationStartDate: 'NULL' could not be parsed as a Date"
*,118699,Occupational Certificate: Cloud Administrator,,,149,2022-02-03 00:00:00.000,2025-12-31 00:00:00.000,2028-02-02 00:00:00.000,2031-02-01 00:00:00.000,,,NULL,NULL,NULL,NULL,NULL,149,Y,"ZZNewRegistrationStartDate: 'NULL' could not be parsed as a Date"
*,118708,Occupational Certificate: Data Science Practitioner,,,185,2022-02-02 00:00:00.000,2025-12-31 00:00:00.000,2028-02-01 00:00:00.000,2031-01-31 00:00:00.000,,,NULL,NULL,NULL,NULL,NULL,185,Y,"ZZNewRegistrationStartDate: 'NULL' could not be parsed as a Date"
*,121296,Advanced Occupational Certificate: Extended Reality Developer,,,218,2023-11-14 00:00:00.000,2028-11-14 00:00:00.000,2029-11-13 00:00:00.000,2032-11-12 00:00:00.000,,,NULL,NULL,NULL,NULL,NULL,218,Y,"ZZNewRegistrationStartDate: 'NULL' could not be parsed as a Date"
*,118986,Occupational Certificate: Cybersecurity Analyst,,,173,2022-04-22 00:00:00.000,2025-12-31 00:00:00.000,2028-04-21 00:00:00.000,2031-04-20 00:00:00.000,,,NULL,NULL,NULL,NULL,NULL,173,Y,"ZZNewRegistrationStartDate: 'NULL' could not be parsed as a Date"
*,101408,Occupational Certificate: Computer Technician,,,282,2018-07-31 00:00:00.000,2025-12-31 00:00:00.000,2024-07-30 00:00:00.000,2027-07-29 00:00:00.000,,,NULL,NULL,NULL,NULL,NULL,282,Y,"ZZNewRegistrationStartDate: 'NULL' could not be parsed as a Date"
*,36233,National Certificate: Specialist Hygiene and Cleaning Services,,,120,2018-07-01 00:00:00.000,2023-06-30 00:00:00.000,2026-06-30 00:00:00.000,2029-06-29 00:00:00.000,,,NULL,NULL,NULL,NULL,NULL,120,Y,"ZZNewRegistrationStartDate: 'NULL' could not be parsed as a Date"
*,118792,Occupational Certificate: Artificial Intelligence Software Developer,,,209,2022-02-02 00:00:00.000,2026-12-31 00:00:00.000,2028-02-01 00:00:00.000,2031-01-31 00:00:00.000,,,NULL,NULL,NULL,NULL,NULL,209,Y,"ZZNewRegistrationStartDate: 'NULL' could not be parsed as a Date"
