ID,SAQAQualificationID,SAQAQualificationTitle,NQFLevelID,Credits,RegistrationStartDate,RegistrationEndDate,LastEnrolmentDate,LastAchievementDate,QualityAssuranceBodyID,QualificationTypeId,ReplacementQualificationID,NewRegistrationStartDate,NewRegistrationEndDate,NewLastEnrolmentDate,NewLastAchievementDate,OFOOccupationID,DateCreated,CreatedBy,DateUpdated,UpdatedBy,IsDeleted,MigrationRecordID,IsReplacement,IsReregistered,MinimumElectiveCredits,SysStartTime,SysEndTime
1,23624,"National Certificate Diesel Mechanic ",3,120,2018-07-01 00:00:00.000,2024-06-30 00:00:00.000,2024-06-30 00:00:00.000,1900-01-01 00:00:00.000,0,1,0,1900-01-01 00:00:00.000,1900-01-01 00:00:00.000,1900-01-01 00:00:00.000,1900-01-01 00:00:00.000,1105,2022-12-12 12:37:50.647,1,2023-07-07 21:23:16.630,3553,1,2,0,0,0,2023-07-07 19:23:16.6205767,9999-12-31 23:59:59.9999999
2,23625,National Certificate: Electrical,4,120,2018-07-01 00:00:00.000,2024-06-30 00:00:00.000,2024-06-30 00:00:00.000,1900-01-01 00:00:00.000,57,1,0,1900-01-01 00:00:00.000,1900-01-01 00:00:00.000,1900-01-01 00:00:00.000,1900-01-01 00:00:00.000,1165,2022-12-12 12:37:50.647,1,2023-07-07 21:23:16.630,3553,1,3,0,0,0,2023-07-07 19:23:16.6205767,9999-12-31 23:59:59.9999999
3,23626,"National Certificate Fitting and Turning ",3,120,2018-07-01 00:00:00.000,2024-06-30 00:00:00.000,2024-06-30 00:00:00.000,1900-01-01 00:00:00.000,57,1,0,1900-01-01 00:00:00.000,1900-01-01 00:00:00.000,1900-01-01 00:00:00.000,1900-01-01 00:00:00.000,1090,2022-12-12 12:37:50.647,1,2023-07-07 21:23:16.630,3553,1,4,0,0,0,2023-07-07 19:23:16.6205767,9999-12-31 23:59:59.9999999
4,23627,"National Certificate Fitting (Including Machining) ",3,120,2018-07-01 00:00:00.000,2024-06-30 00:00:00.000,2024-06-30 00:00:00.000,1900-01-01 00:00:00.000,57,1,0,1900-01-01 00:00:00.000,1900-01-01 00:00:00.000,1900-01-01 00:00:00.000,1900-01-01 00:00:00.000,1102,2022-12-12 12:37:50.647,1,2023-07-07 21:23:16.630,3553,1,5,0,0,0,2023-07-07 19:23:16.6205767,9999-12-31 23:59:59.9999999
5,23628,National Certificate: Instrumentation Mechanician,4,99,2018-07-01 00:00:00.000,2024-06-30 00:00:00.000,2024-06-30 00:00:00.000,1900-01-01 00:00:00.000,57,1,0,1900-01-01 00:00:00.000,1900-01-01 00:00:00.000,1900-01-01 00:00:00.000,1900-01-01 00:00:00.000,1174,2022-12-12 12:37:50.647,1,2023-07-07 21:23:16.630,3553,1,6,0,0,0,2023-07-07 19:23:16.6205767,9999-12-31 23:59:59.9999999
6,23813,National Certificate Rigger Ropesman,3,120,2018-07-01 00:00:00.000,2024-06-30 00:00:00.000,2024-06-30 00:00:00.000,1900-01-01 00:00:00.000,57,1,0,1900-01-01 00:00:00.000,1900-01-01 00:00:00.000,1900-01-01 00:00:00.000,1900-01-01 00:00:00.000,1079,2022-12-12 12:37:50.647,1,2023-07-07 21:23:16.630,3553,1,7,0,0,0,2023-07-07 19:23:16.6205767,9999-12-31 23:59:59.9999999
7,21841,National Certificate in Winding Engine Driving,3,127,2018-07-01 00:00:00.000,2027-06-30 00:00:00.000,2027-06-30 00:00:00.000,1900-01-01 00:00:00.000,57,1,0,1900-01-01 00:00:00.000,1900-01-01 00:00:00.000,1900-01-01 00:00:00.000,1900-01-01 00:00:00.000,1396,2022-12-12 12:37:50.647,1,2024-07-16 09:02:47.270,4483,0,8,0,0,0,2024-07-16 07:02:47.2642948,9999-12-31 23:59:59.9999999
8,21844,National Certificate in Jewellery Manufacture in a Production Environment,3,159,2005-08-03 00:00:00.000,2008-08-23 00:00:00.000,2013-08-23 00:00:00.000,1900-01-01 00:00:00.000,57,1,0,1900-01-01 00:00:00.000,1900-01-01 00:00:00.000,1900-01-01 00:00:00.000,1900-01-01 00:00:00.000,0,2022-12-12 12:37:50.647,1,2022-12-12 12:37:50.647,1,0,9,0,0,0,2022-12-12 10:37:50.6435168,9999-12-31 23:59:59.9999999
9,21846,National Certificate in Diamond Processing Operator,2,120,2005-08-23 00:00:00.000,2008-08-23 00:00:00.000,2012-08-23 00:00:00.000,1900-01-01 00:00:00.000,0,1,0,1900-01-01 00:00:00.000,1900-01-01 00:00:00.000,1900-01-01 00:00:00.000,1900-01-01 00:00:00.000,0,2022-12-12 12:37:50.647,1,2022-12-12 12:37:50.647,1,0,10,0,0,0,2022-12-12 10:37:50.6435168,9999-12-31 23:59:59.9999999
10,21814,National Certificate in Engineering Maintenance and Repairing for Underground Coal Mining,2,148,2018-07-01 00:00:00.000,2026-06-30 00:00:00.000,2026-06-30 00:00:00.000,2029-06-30 00:00:00.000,57,1,0,1900-01-01 00:00:00.000,1900-01-01 00:00:00.000,1900-01-01 00:00:00.000,1900-01-01 00:00:00.000,49,2022-12-12 12:37:50.647,1,2024-07-16 09:18:15.340,4483,0,11,0,0,0,2024-07-16 07:18:15.3268315,9999-12-31 23:59:59.9999999
11,21845,Further Education and Training Certificate in  Diamond Processing: Polisher - Crossworker,4,351,2006-11-07 00:00:00.000,2009-11-07 00:00:00.000,2010-11-07 00:00:00.000,1900-01-01 00:00:00.000,57,1,0,1900-01-01 00:00:00.000,1900-01-01 00:00:00.000,1900-01-01 00:00:00.000,1900-01-01 00:00:00.000,0,2022-12-12 12:37:50.647,1,2022-12-12 12:37:50.647,1,0,12,0,0,0,2022-12-12 10:37:50.6435168,9999-12-31 23:59:59.9999999
12,21812,"National certificate in Mining Operations: Underground Coal ",3,120,2018-07-01 00:00:00.000,2027-06-30 00:00:00.000,2027-06-30 00:00:00.000,1900-01-01 00:00:00.000,57,1,0,1900-01-01 00:00:00.000,1900-01-01 00:00:00.000,1900-01-01 00:00:00.000,1900-01-01 00:00:00.000,49,2022-12-12 12:37:50.647,1,2024-07-16 09:02:47.270,4483,0,13,0,0,0,2024-07-16 07:02:47.2642948,9999-12-31 23:59:59.9999999
13,21815,"National Certificate in Engineering Maintenance for Underground Hard Rock (Metalliferous) ",2,120,2018-07-01 00:00:00.000,2027-06-30 00:00:00.000,2027-06-30 00:00:00.000,1900-01-01 00:00:00.000,57,1,0,1900-01-01 00:00:00.000,1900-01-01 00:00:00.000,1900-01-01 00:00:00.000,1900-01-01 00:00:00.000,49,2022-12-12 12:37:50.647,1,2024-07-16 09:02:47.270,4483,0,14,0,0,0,2024-07-16 07:02:47.2642948,9999-12-31 23:59:59.9999999
14,21843,National Certificate in Diamond Processing: Polisher - Brillianteer,3,323,2006-11-07 00:00:00.000,2009-11-07 00:00:00.000,2010-11-07 00:00:00.000,1900-01-01 00:00:00.000,57,1,0,1900-01-01 00:00:00.000,1900-01-01 00:00:00.000,1900-01-01 00:00:00.000,1900-01-01 00:00:00.000,0,2022-12-12 12:37:50.647,1,2022-12-12 12:37:50.647,1,0,15,0,0,0,2022-12-12 10:37:50.6435168,9999-12-31 23:59:59.9999999
15,21842,"National Certificate: Surface Mining Rockbreaking ",2,147,2006-11-07 00:00:00.000,2009-11-07 00:00:00.000,2010-11-07 00:00:00.000,1900-01-01 00:00:00.000,57,1,0,1900-01-01 00:00:00.000,1900-01-01 00:00:00.000,1900-01-01 00:00:00.000,1900-01-01 00:00:00.000,0,2022-12-12 12:37:50.647,1,2022-12-12 12:37:50.647,1,0,16,0,0,0,2022-12-12 10:37:50.6435168,9999-12-31 23:59:59.9999999
16,49045,National Certificate in Lump Ore Beneficiation (L2),2,163,2004-12-02 00:00:00.000,2007-12-02 00:00:00.000,2008-12-02 00:00:00.000,1900-01-01 00:00:00.000,57,1,0,1900-01-01 00:00:00.000,1900-01-01 00:00:00.000,1900-01-01 00:00:00.000,1900-01-01 00:00:00.000,0,2022-12-12 12:37:50.647,1,2022-12-12 12:37:50.647,1,0,17,0,0,0,2022-12-12 10:37:50.6435168,9999-12-31 23:59:59.9999999
17,48804,"National Certificate Occupational Safety, Hygiene and Environment ",2,135,2007-08-07 00:00:00.000,2010-08-07 00:00:00.000,2011-08-07 00:00:00.000,1900-01-01 00:00:00.000,0,1,0,1900-01-01 00:00:00.000,1900-01-01 00:00:00.000,1900-01-01 00:00:00.000,1900-01-01 00:00:00.000,0,2022-12-12 12:37:50.647,1,2022-12-12 12:37:50.647,1,0,18,0,0,0,2022-12-12 10:37:50.6435168,9999-12-31 23:59:59.9999999
18,50063,Further Education and Training Certificate in  Occupational Safety (Version1),4,145,2008-10-20 00:00:00.000,2011-10-20 00:00:00.000,2012-10-20 00:00:00.000,1900-01-01 00:00:00.000,0,1,0,1900-01-01 00:00:00.000,1900-01-01 00:00:00.000,1900-01-01 00:00:00.000,1900-01-01 00:00:00.000,0,2022-12-12 12:37:50.647,1,2022-12-12 12:37:50.647,1,0,19,0,0,0,2022-12-12 10:37:50.6435168,9999-12-31 23:59:59.9999999
19,58248,National Certificate in Laboratory Practice,2,120,2007-06-27 00:00:00.000,2010-06-27 00:00:00.000,2011-06-27 00:00:00.000,1900-01-01 00:00:00.000,57,1,0,1900-01-01 00:00:00.000,1900-01-01 00:00:00.000,1900-01-01 00:00:00.000,1900-01-01 00:00:00.000,102,2022-12-12 12:37:50.647,1,2022-12-12 12:37:50.647,1,0,20,0,0,0,2022-12-12 10:37:50.6435168,9999-12-31 23:59:59.9999999
20,"48696 ","National Certificate  Measurement  Control and Instrumentation ",3,175,2007-04-03 00:00:00.000,2010-04-03 00:00:00.000,2011-04-03 00:00:00.000,1900-01-01 00:00:00.000,0,1,0,1900-01-01 00:00:00.000,1900-01-01 00:00:00.000,1900-01-01 00:00:00.000,1900-01-01 00:00:00.000,1112,2022-12-12 12:37:50.647,1,2022-12-12 12:37:50.647,1,0,21,0,0,0,2022-12-12 10:37:50.6435168,9999-12-31 23:59:59.9999999
21,35927,Further Education and Training Certificate in  Payroll Administration Services,4,153,2006-11-07 00:00:00.000,2009-11-07 00:00:00.000,2010-11-07 00:00:00.000,1900-01-01 00:00:00.000,0,1,0,1900-01-01 00:00:00.000,1900-01-01 00:00:00.000,1900-01-01 00:00:00.000,1900-01-01 00:00:00.000,0,2022-12-12 12:37:50.647,1,2022-12-12 12:37:50.647,1,0,22,0,0,0,2022-12-12 10:37:50.6435168,9999-12-31 23:59:59.9999999
22,48695,National Certificate Measurement Control and Instrumentation,2,137,2007-04-03 00:00:00.000,2010-04-03 00:00:00.000,2011-04-03 00:00:00.000,1900-01-01 00:00:00.000,0,1,0,1900-01-01 00:00:00.000,1900-01-01 00:00:00.000,1900-01-01 00:00:00.000,1900-01-01 00:00:00.000,1112,2022-12-12 12:37:50.647,1,2022-12-12 12:37:50.647,1,0,23,0,0,0,2022-12-12 10:37:50.6435168,9999-12-31 23:59:59.9999999
23,21811,National Certificate: Introduction to Mining and Minerals V2,1,120,2005-08-23 00:00:00.000,2008-08-23 00:00:00.000,2009-08-23 00:00:00.000,1900-01-01 00:00:00.000,57,1,0,1900-01-01 00:00:00.000,1900-01-01 00:00:00.000,1900-01-01 00:00:00.000,1900-01-01 00:00:00.000,0,2022-12-12 12:37:50.647,1,2022-12-12 12:37:50.647,1,0,24,0,0,0,2022-12-12 10:37:50.6435168,9999-12-31 23:59:59.9999999
24,35926,National Certificate in Payroll Administration Services,5,240,2006-11-07 00:00:00.000,2009-11-07 00:00:00.000,2010-11-07 00:00:00.000,1900-01-01 00:00:00.000,57,2,0,1900-01-01 00:00:00.000,1900-01-01 00:00:00.000,1900-01-01 00:00:00.000,1900-01-01 00:00:00.000,0,2022-12-12 12:37:50.647,1,2022-12-12 12:37:50.647,1,0,25,0,0,0,2022-12-12 10:37:50.6435168,9999-12-31 23:59:59.9999999
25,48914,National Certificate in  Associate General Accountant,6,547,2007-04-03 00:00:00.000,2010-04-03 00:00:00.000,2011-04-03 00:00:00.000,1900-01-01 00:00:00.000,0,2,0,1900-01-01 00:00:00.000,1900-01-01 00:00:00.000,1900-01-01 00:00:00.000,1900-01-01 00:00:00.000,0,2022-12-12 12:37:50.647,1,2022-12-12 12:37:50.647,1,0,27,0,0,0,2022-12-12 10:37:50.6435168,9999-12-31 23:59:59.9999999
26,22860,Further Education and Training Certificate in Autotronics,4,135,2006-11-07 00:00:00.000,2009-11-07 00:00:00.000,2010-11-07 00:00:00.000,1900-01-01 00:00:00.000,0,1,0,1900-01-01 00:00:00.000,1900-01-01 00:00:00.000,1900-01-01 00:00:00.000,1900-01-01 00:00:00.000,0,2022-12-12 12:37:50.647,1,2022-12-12 12:37:50.647,1,0,28,0,0,0,2022-12-12 10:37:50.6435168,9999-12-31 23:59:59.9999999
27,22858,National Certificate Autotronics,2,128,2006-11-07 00:00:00.000,2009-11-07 00:00:00.000,2010-11-07 00:00:00.000,1900-01-01 00:00:00.000,0,1,0,1900-01-01 00:00:00.000,1900-01-01 00:00:00.000,1900-01-01 00:00:00.000,1900-01-01 00:00:00.000,0,2022-12-12 12:37:50.647,1,2023-01-30 11:46:21.453,1,1,29,0,0,0,2023-01-30 09:46:21.4535058,9999-12-31 23:59:59.9999999
28,48912,National Certificate in  Chartered Accountant Financial Management,7,698,2006-07-01 00:00:00.000,2009-07-01 00:00:00.000,2010-07-01 00:00:00.000,1900-01-01 00:00:00.000,0,2,0,1900-01-01 00:00:00.000,1900-01-01 00:00:00.000,1900-01-01 00:00:00.000,1900-01-01 00:00:00.000,0,2022-12-12 12:37:50.647,1,2022-12-12 12:37:50.647,1,0,30,0,0,0,2022-12-12 10:37:50.6435168,9999-12-31 23:59:59.9999999
29,24493,National Certificate in  Management,5,120,2006-05-02 00:00:00.000,2009-05-02 00:00:00.000,2010-05-02 00:00:00.000,2024-01-01 00:00:00.000,65,2,NULL,1900-01-01 00:30:00.000,1900-01-01 00:30:00.000,1900-01-01 00:30:00.000,1900-01-01 00:30:00.000,NULL,2022-12-12 12:37:50.647,1,2024-05-16 13:57:02.130,4286,0,31,0,0,0,2024-05-16 11:57:02.1200793,9999-12-31 23:59:59.9999999
30,13716,National Certificate Professional Driving,3,120,2003-12-03 00:00:00.000,2006-12-03 00:00:00.000,2007-12-03 00:00:00.000,1900-01-01 00:00:00.000,57,2,0,1900-01-01 00:00:00.000,1900-01-01 00:00:00.000,1900-01-01 00:00:00.000,1900-01-01 00:00:00.000,0,2022-12-12 12:37:50.647,1,2022-12-12 12:37:50.647,1,0,32,0,0,0,2022-12-12 10:37:50.6435168,9999-12-31 23:59:59.9999999
31,22671,National Certificate in Construction Masonry,3,120,2006-08-01 00:00:00.000,2009-08-01 00:00:00.000,2010-08-01 00:00:00.000,1900-01-01 00:00:00.000,0,1,0,1900-01-01 00:00:00.000,1900-01-01 00:00:00.000,1900-01-01 00:00:00.000,1900-01-01 00:00:00.000,0,2022-12-12 12:37:50.647,1,2022-12-12 12:37:50.647,1,0,33,0,0,0,2022-12-12 10:37:50.6435168,9999-12-31 23:59:59.9999999
32,21853,National Certificate: Construction Plumbing,3,159,2006-08-01 00:00:00.000,2009-08-01 00:00:00.000,2010-08-01 00:00:00.000,1900-01-01 00:00:00.000,0,1,0,1900-01-01 00:00:00.000,1900-01-01 00:00:00.000,1900-01-01 00:00:00.000,1900-01-01 00:00:00.000,0,2022-12-12 12:37:50.647,1,2022-12-12 12:37:50.647,1,0,34,0,0,0,2022-12-12 10:37:50.6435168,9999-12-31 23:59:59.9999999
33,22670,National Certificate: Construction Carpentry,3,120,2006-08-01 00:00:00.000,2009-08-01 00:00:00.000,2010-08-01 00:00:00.000,1900-01-01 00:00:00.000,0,1,0,1900-01-01 00:00:00.000,1900-01-01 00:00:00.000,1900-01-01 00:00:00.000,1900-01-01 00:00:00.000,0,2022-12-12 12:37:50.647,1,2022-12-12 12:37:50.647,1,0,35,0,0,0,2022-12-12 10:37:50.6435168,9999-12-31 23:59:59.9999999
34,24273,National Certificate: Community House Building,2,124,2006-08-01 00:00:00.000,2009-08-01 00:00:00.000,2010-08-01 00:00:00.000,1900-01-01 00:00:00.000,0,1,0,1900-01-01 00:00:00.000,1900-01-01 00:00:00.000,1900-01-01 00:00:00.000,1900-01-01 00:00:00.000,0,2022-12-12 12:37:50.647,1,2022-12-12 12:37:50.647,1,0,36,0,0,0,2022-12-12 10:37:50.6435168,9999-12-31 23:59:59.9999999
35,22490,National Certificate General Security Practice,3,124,2005-11-01 00:00:00.000,2008-11-01 00:00:00.000,2009-11-01 00:00:00.000,1900-01-01 00:00:00.000,0,2,0,1900-01-01 00:00:00.000,1900-01-01 00:00:00.000,1900-01-01 00:00:00.000,1900-01-01 00:00:00.000,0,2022-12-12 12:37:50.647,1,2022-12-12 12:37:50.647,1,0,37,0,0,0,2022-12-12 10:37:50.6435168,9999-12-31 23:59:59.9999999
36,21854,Further Education and Training Certificate in Use of Firearms,4,155,2005-11-01 00:00:00.000,2008-11-01 00:00:00.000,2009-11-01 00:00:00.000,1900-01-01 00:00:00.000,0,2,0,1900-01-01 00:00:00.000,1900-01-01 00:00:00.000,1900-01-01 00:00:00.000,1900-01-01 00:00:00.000,0,2022-12-12 12:37:50.647,1,2022-12-12 12:37:50.647,1,0,38,0,0,0,2022-12-12 10:37:50.6435168,9999-12-31 23:59:59.9999999
37,13739,"Further Education and Training Certificate in Occupation-directed Education, Training and Developmen",4,126,2000-10-11 00:00:00.000,2003-10-11 00:00:00.000,2004-10-11 00:00:00.000,1900-01-01 00:00:00.000,57,1,0,1900-01-01 00:00:00.000,1900-01-01 00:00:00.000,1900-01-01 00:00:00.000,1900-01-01 00:00:00.000,0,2022-12-12 12:37:50.647,1,2022-12-12 12:37:50.647,1,0,39,0,0,0,2022-12-12 10:37:50.6435168,9999-12-31 23:59:59.9999999
38,15541,National Certificate in Abet Practice,5,120,2007-12-07 00:00:00.000,2010-12-07 00:00:00.000,2011-12-07 00:00:00.000,1900-01-01 00:00:00.000,0,2,0,1900-01-01 00:00:00.000,1900-01-01 00:00:00.000,1900-01-01 00:00:00.000,1900-01-01 00:00:00.000,0,2022-12-12 12:37:50.647,1,2022-12-12 12:37:50.647,1,0,40,0,0,0,2022-12-12 10:37:50.6435168,9999-12-31 23:59:59.9999999
39,12037,National Certificate in Education: Training and Development,2,128,2006-01-07 00:00:00.000,2009-01-07 00:00:00.000,2010-01-07 00:00:00.000,1900-01-01 00:00:00.000,0,2,0,1900-01-01 00:00:00.000,1900-01-01 00:00:00.000,1900-01-01 00:00:00.000,1900-01-01 00:00:00.000,0,2022-12-12 12:37:50.647,1,2022-12-12 12:37:50.647,1,0,41,0,0,0,2022-12-12 10:37:50.6435168,9999-12-31 23:59:59.9999999
40,20838,Further Education and Training Certificate in   ABET Practice,4,120,2006-11-07 00:00:00.000,2009-11-07 00:00:00.000,2010-11-07 00:00:00.000,1900-01-01 00:00:00.000,0,1,0,1900-01-01 00:00:00.000,1900-01-01 00:00:00.000,1900-01-01 00:00:00.000,1900-01-01 00:00:00.000,0,2022-12-12 12:37:50.647,1,2022-12-12 12:37:50.647,1,0,42,0,0,0,2022-12-12 10:37:50.6435168,9999-12-31 23:59:59.9999999
41,49091,National Certificate in Furniture Making Wood,2,125,2007-10-30 00:00:00.000,2010-10-30 00:00:00.000,2011-10-30 00:00:00.000,1900-01-01 00:00:00.000,0,1,0,1900-01-01 00:00:00.000,1900-01-01 00:00:00.000,1900-01-01 00:00:00.000,1900-01-01 00:00:00.000,0,2022-12-12 12:37:50.647,1,2022-12-12 12:37:50.647,1,0,43,0,0,0,2022-12-12 10:37:50.6435168,9999-12-31 23:59:59.9999999
42,49105,National Certificate Furniture Making Wood,3,122,2007-10-30 00:00:00.000,2010-10-30 00:00:00.000,2011-10-30 00:00:00.000,1900-01-01 00:00:00.000,57,1,0,1900-01-01 00:00:00.000,1900-01-01 00:00:00.000,1900-01-01 00:00:00.000,1900-01-01 00:00:00.000,0,2022-12-12 12:37:50.647,1,2022-12-12 12:37:50.647,1,0,44,0,0,0,2022-12-12 10:37:50.6435168,9999-12-31 23:59:59.9999999
43,49092,Further Education and Training Certificate in Furniture Making Specialism,4,155,2007-10-30 00:00:00.000,2010-10-30 00:00:00.000,2011-10-30 00:00:00.000,1900-01-01 00:00:00.000,57,1,0,1900-01-01 00:00:00.000,1900-01-01 00:00:00.000,1900-01-01 00:00:00.000,1900-01-01 00:00:00.000,0,2022-12-12 12:37:50.647,1,2022-12-12 12:37:50.647,1,0,45,0,0,0,2022-12-12 10:37:50.6435168,9999-12-31 23:59:59.9999999
44,23255,National Certificate Mechanical Engineering Fitting and Machining,3,174,2018-07-01 00:00:00.000,2024-06-30 00:00:00.000,2024-06-30 00:00:00.000,1900-01-01 00:00:00.000,0,1,0,1900-01-01 00:00:00.000,1900-01-01 00:00:00.000,1900-01-01 00:00:00.000,1900-01-01 00:00:00.000,1102,2022-12-12 12:37:50.647,1,2023-07-07 21:23:16.630,3553,1,46,0,0,0,2023-07-07 19:23:16.6205767,9999-12-31 23:59:59.9999999
45,49046,National Certificate in Lump Ore Beneficiation (L3),3,120,2007-10-30 00:00:00.000,2010-10-30 00:00:00.000,2011-10-30 00:00:00.000,1900-01-01 00:00:00.000,57,1,0,1900-01-01 00:00:00.000,1900-01-01 00:00:00.000,1900-01-01 00:00:00.000,1900-01-01 00:00:00.000,0,2022-12-12 12:37:50.647,1,2022-12-12 12:37:50.647,1,0,48,0,0,0,2022-12-12 10:37:50.6435168,9999-12-31 23:59:59.9999999
46,49049,Further Education and Training Certificate in Lump Ore Beneficiation,4,135,2007-04-03 00:00:00.000,2010-04-03 00:00:00.000,2011-04-03 00:00:00.000,1900-01-01 00:00:00.000,57,1,0,1900-01-01 00:00:00.000,1900-01-01 00:00:00.000,1900-01-01 00:00:00.000,1900-01-01 00:00:00.000,0,2022-12-12 12:37:50.647,1,2022-12-12 12:37:50.647,1,0,49,0,0,0,2022-12-12 10:37:50.6435168,9999-12-31 23:59:59.9999999
47,49044,"National Certificate in Mineral Processing, Gold Extraction",3,124,2007-10-30 00:00:00.000,2010-10-30 00:00:00.000,2011-10-30 00:00:00.000,1900-01-01 00:00:00.000,57,1,0,1900-01-01 00:00:00.000,1900-01-01 00:00:00.000,1900-01-01 00:00:00.000,1900-01-01 00:00:00.000,0,2022-12-12 12:37:50.647,1,2022-12-12 12:37:50.647,1,0,50,0,0,0,2022-12-12 10:37:50.6435168,9999-12-31 23:59:59.9999999
48,57121,National Certificate in Rockbreaking: Quarrying,3,120,2006-12-11 00:00:00.000,2009-12-11 00:00:00.000,2010-12-11 00:00:00.000,1900-01-01 00:00:00.000,57,1,0,1900-01-01 00:00:00.000,1900-01-01 00:00:00.000,1900-01-01 00:00:00.000,1900-01-01 00:00:00.000,0,2022-12-12 12:37:50.647,1,2022-12-12 12:37:50.647,1,0,51,0,0,0,2022-12-12 10:37:50.6435168,9999-12-31 23:59:59.9999999
49,58186,National Certificate in Sulphuric Acid Production,3,134,2007-01-01 00:00:00.000,2010-01-01 00:00:00.000,2011-01-01 00:00:00.000,1900-01-01 00:00:00.000,0,1,0,1900-01-01 00:00:00.000,1900-01-01 00:00:00.000,1900-01-01 00:00:00.000,1900-01-01 00:00:00.000,0,2022-12-12 12:37:50.647,1,2022-12-12 12:37:50.647,1,0,52,0,0,0,2022-12-12 10:37:50.6435168,9999-12-31 23:59:59.9999999
50,58226,National Certificate in Sulphuric Acid Production,2,166,2007-01-01 00:00:00.000,2010-01-01 00:00:00.000,2011-01-01 00:00:00.000,1900-01-01 00:00:00.000,57,2,0,1900-01-01 00:00:00.000,1900-01-01 00:00:00.000,1900-01-01 00:00:00.000,1900-01-01 00:00:00.000,0,2022-12-12 12:37:50.647,1,2022-12-12 12:37:50.647,1,0,53,0,0,0,2022-12-12 10:37:50.6435168,9999-12-31 23:59:59.9999999
51,58228,Further Education and Training Certificate in Sulphuric Acid Production,4,146,2007-01-01 00:00:00.000,2010-01-01 00:00:00.000,2011-01-01 00:00:00.000,1900-01-01 00:00:00.000,57,1,0,1900-01-01 00:00:00.000,1900-01-01 00:00:00.000,1900-01-01 00:00:00.000,1900-01-01 00:00:00.000,0,2022-12-12 12:37:50.647,1,2022-12-12 12:37:50.647,1,0,54,0,0,0,2022-12-12 10:37:50.6435168,9999-12-31 23:59:59.9999999
52,50082,Further Education and Training Certificate in  Minerals Surveying,4,148,2018-07-01 00:00:00.000,2026-06-30 00:00:00.000,2026-06-30 00:00:00.000,2029-06-30 00:00:00.000,57,1,0,1900-01-01 00:00:00.000,1900-01-01 00:00:00.000,1900-01-01 00:00:00.000,1900-01-01 00:00:00.000,528,2022-12-12 12:37:50.647,1,2024-07-16 09:18:15.340,4483,0,55,0,0,0,2024-07-16 07:18:15.3268315,9999-12-31 23:59:59.9999999
53,48972,National Certificate: Plant Production,1,120,2007-10-30 00:00:00.000,2010-10-30 00:00:00.000,2011-10-30 00:00:00.000,1900-01-01 00:00:00.000,0,1,0,1900-01-01 00:00:00.000,1900-01-01 00:00:00.000,1900-01-01 00:00:00.000,1900-01-01 00:00:00.000,0,2022-12-12 12:37:50.647,1,2022-12-12 12:37:50.647,1,0,56,0,0,0,2022-12-12 10:37:50.6435168,9999-12-31 23:59:59.9999999
54,21839,National Certificate In Mining Operations Underground Hardrock Narrow Tabular (Version1),2,159,2002-06-12 00:00:00.000,2005-06-12 00:00:00.000,2006-06-12 00:00:00.000,1900-01-01 00:00:00.000,57,1,0,1900-01-01 00:00:00.000,1900-01-01 00:00:00.000,1900-01-01 00:00:00.000,1900-01-01 00:00:00.000,0,2022-12-12 12:37:50.647,1,2022-12-12 12:37:50.647,1,0,57,0,0,0,2022-12-12 10:37:50.6435168,9999-12-31 23:59:59.9999999
55,21840,National Certificate in Rockbreaking Underground Hardrock Narrow Tabular (Version1),3,140,2002-06-12 00:00:00.000,2005-06-12 00:00:00.000,2006-06-12 00:00:00.000,1900-01-01 00:00:00.000,57,1,0,1900-01-01 00:00:00.000,1900-01-01 00:00:00.000,1900-01-01 00:00:00.000,1900-01-01 00:00:00.000,0,2022-12-12 12:37:50.647,1,2022-12-12 12:37:50.647,1,0,58,0,0,0,2022-12-12 10:37:50.6435168,9999-12-31 23:59:59.9999999
56,14115,National Certificate in Fast Food Services,3,138,2007-08-07 00:00:00.000,2010-08-07 00:00:00.000,2011-08-07 00:00:00.000,1900-01-01 00:00:00.000,0,2,0,1900-01-01 00:00:00.000,1900-01-01 00:00:00.000,1900-01-01 00:00:00.000,1900-01-01 00:00:00.000,0,2022-12-12 12:37:50.647,1,2022-12-12 12:37:50.647,1,0,59,0,0,0,2022-12-12 10:37:50.6435168,9999-12-31 23:59:59.9999999
57,23654,National Certificate in Generic Management,3,120,2006-05-02 00:00:00.000,2012-06-30 00:00:00.000,2013-06-30 00:00:00.000,1900-01-01 00:00:00.000,0,1,0,1900-01-01 00:00:00.000,1900-01-01 00:00:00.000,1900-01-01 00:00:00.000,1900-01-01 00:00:00.000,0,2022-12-12 12:37:50.647,1,2022-12-12 12:37:50.647,1,0,62,0,0,0,2022-12-12 10:37:50.6435168,9999-12-31 23:59:59.9999999
58,23656,Further Education and Training Certificate in Management,4,140,2006-03-14 00:00:00.000,2009-03-14 00:00:00.000,2010-03-14 00:00:00.000,1900-01-01 00:00:00.000,0,1,0,1900-01-01 00:00:00.000,1900-01-01 00:00:00.000,1900-01-01 00:00:00.000,1900-01-01 00:00:00.000,0,2022-12-12 12:37:50.647,1,2022-12-12 12:37:50.647,1,0,63,0,0,0,2022-12-12 10:37:50.6435168,9999-12-31 23:59:59.9999999
59,58274,Further Education and Training Certificate in Jewellery Setting Processes,4,146,2018-07-01 00:00:00.000,2026-06-30 00:00:00.000,2026-06-30 00:00:00.000,2029-06-30 00:00:00.000,57,1,0,1900-01-01 00:00:00.000,1900-01-01 00:00:00.000,1900-01-01 00:00:00.000,1900-01-01 00:00:00.000,1117,2022-12-12 12:37:50.647,1,2024-07-16 09:18:15.340,4483,0,64,0,0,0,2024-07-16 07:18:15.3268315,9999-12-31 23:59:59.9999999
60,22859,National Certificate in Autotronics,3,140,2006-11-07 00:00:00.000,2009-11-07 00:00:00.000,2010-11-07 00:00:00.000,1900-01-01 00:00:00.000,0,1,0,1900-01-01 00:00:00.000,1900-01-01 00:00:00.000,1900-01-01 00:00:00.000,1900-01-01 00:00:00.000,0,2022-12-12 12:37:50.647,1,2022-12-12 12:37:50.647,1,0,65,0,0,0,2022-12-12 10:37:50.6435168,9999-12-31 23:59:59.9999999
61,48918,Further Education and Training Certificate in Measurement Control and Instrumentation,6,120,2007-08-07 00:00:00.000,2010-08-07 00:00:00.000,2011-08-07 00:00:00.000,1900-01-01 00:00:00.000,57,2,0,1900-01-01 00:00:00.000,1900-01-01 00:00:00.000,1900-01-01 00:00:00.000,1900-01-01 00:00:00.000,1112,2022-12-12 12:37:50.647,1,2022-12-12 12:37:50.647,1,0,66,0,0,0,2022-12-12 10:37:50.6435168,9999-12-31 23:59:59.9999999
62,50309,Further Education and Training Certificate: Environmental Practice,4,140,2006-04-20 00:00:00.000,2009-04-20 00:00:00.000,2010-04-20 00:00:00.000,1900-01-01 00:00:00.000,0,1,0,1900-01-01 00:00:00.000,1900-01-01 00:00:00.000,1900-01-01 00:00:00.000,1900-01-01 00:00:00.000,0,2022-12-12 12:37:50.647,1,2022-12-12 12:37:50.647,1,0,67,0,0,0,2022-12-12 10:37:50.6435168,9999-12-31 23:59:59.9999999
63,49596,National Certificate: Radiation Monitoring,3,120,2008-06-24 00:00:00.000,2011-06-24 00:00:00.000,2012-06-24 00:00:00.000,1900-01-01 00:00:00.000,0,2,0,1900-01-01 00:00:00.000,1900-01-01 00:00:00.000,1900-01-01 00:00:00.000,1900-01-01 00:00:00.000,0,2022-12-12 12:37:50.647,1,2022-12-12 12:37:50.647,1,0,68,0,0,0,2022-12-12 10:37:50.6435168,9999-12-31 23:59:59.9999999
64,57692,Further Education and Training Certificate: Carbonate Materials Manufacturing Processes,4,159,2018-07-01 00:00:00.000,2026-06-30 00:00:00.000,2026-06-30 00:00:00.000,2029-06-30 00:00:00.000,57,1,0,1900-01-01 00:00:00.000,1900-01-01 00:00:00.000,1900-01-01 00:00:00.000,1900-01-01 00:00:00.000,1444,2022-12-12 12:37:50.647,1,2024-07-16 09:18:15.340,4483,0,69,0,0,0,2024-07-16 07:18:15.3268315,9999-12-31 23:59:59.9999999
65,57876,Further Education and Training Certificate: Jewellery Manufacturing Operations,4,150,2018-07-01 00:00:00.000,2027-06-30 00:00:00.000,2027-06-30 00:00:00.000,1900-01-01 00:00:00.000,57,1,0,1900-01-01 00:00:00.000,1900-01-01 00:00:00.000,1900-01-01 00:00:00.000,1900-01-01 00:00:00.000,1272,2022-12-12 12:37:50.647,1,2024-07-16 09:02:47.270,4483,0,70,0,0,0,2024-07-16 07:02:47.2642948,9999-12-31 23:59:59.9999999
66,57875,Further Education and Training Certificate: Jewellery Designing,4,146,2018-07-01 00:00:00.000,2027-06-30 00:00:00.000,2027-06-30 00:00:00.000,1900-01-01 00:00:00.000,57,1,0,1900-01-01 00:00:00.000,1900-01-01 00:00:00.000,1900-01-01 00:00:00.000,1900-01-01 00:00:00.000,1117,2022-12-12 12:37:50.647,1,2024-07-16 09:02:47.270,4483,0,71,0,0,0,2024-07-16 07:02:47.2642948,9999-12-31 23:59:59.9999999
67,60295,Further Education and Training Certificate: Electro-Mechanics: Mining and Minerals,4,171,2018-07-01 00:00:00.000,2026-06-30 00:00:00.000,2026-06-30 00:00:00.000,2029-06-30 00:00:00.000,57,1,0,1900-01-01 00:00:00.000,1900-01-01 00:00:00.000,1900-01-01 00:00:00.000,1900-01-01 00:00:00.000,1167,2022-12-12 12:37:50.647,1,2024-07-16 09:18:15.340,4483,0,72,0,0,0,2024-07-16 07:18:15.3268315,9999-12-31 23:59:59.9999999
68,58267,General Education and Training Certificate: Mining and Minerals Processes,1,120,2018-07-01 00:00:00.000,2026-06-30 00:00:00.000,2026-06-30 00:00:00.000,2029-06-30 00:00:00.000,57,1,0,1900-01-01 00:00:00.000,1900-01-01 00:00:00.000,1900-01-01 00:00:00.000,1900-01-01 00:00:00.000,0,2022-12-12 12:37:50.647,1,2024-07-16 09:18:15.340,4483,0,73,0,0,0,2024-07-16 07:18:15.3268315,9999-12-31 23:59:59.9999999
69,60293,National Certificate: Electro-Mechanics: Mining and Minerals,2,166,2018-07-01 00:00:00.000,2027-06-30 00:00:00.000,2027-06-30 00:00:00.000,1900-01-01 00:00:00.000,57,1,0,1900-01-01 00:00:00.000,1900-01-01 00:00:00.000,1900-01-01 00:00:00.000,1900-01-01 00:00:00.000,0,2022-12-12 12:37:50.647,1,2024-07-16 09:02:47.270,4483,0,74,0,0,0,2024-07-16 07:02:47.2642948,9999-12-31 23:59:59.9999999
70,60294,National Certificate: Electro-Mechanics: Mining and Minerals,3,141,2018-07-01 00:00:00.000,2026-06-30 00:00:00.000,2026-06-30 00:00:00.000,2029-06-30 00:00:00.000,57,1,0,1900-01-01 00:00:00.000,1900-01-01 00:00:00.000,1900-01-01 00:00:00.000,1900-01-01 00:00:00.000,1167,2022-12-12 12:37:50.647,1,2024-07-16 09:18:15.340,4483,0,75,0,0,0,2024-07-16 07:18:15.3268315,9999-12-31 23:59:59.9999999
71,2663/05,Continous Processes: Chemical Operations,0,120,2007-01-01 00:00:00.000,2010-01-01 00:00:00.000,2011-01-01 00:00:00.000,1900-01-01 00:00:00.000,0,2,0,1900-01-01 00:00:00.000,1900-01-01 00:00:00.000,1900-01-01 00:00:00.000,1900-01-01 00:00:00.000,0,2022-12-12 12:37:50.647,1,2022-12-12 12:37:50.647,1,0,76,0,0,0,2022-12-12 10:37:50.6435168,9999-12-31 23:59:59.9999999
72,58739,National Certificate: Mining Operations for Underground Hard Rock,2,130,2018-07-01 00:00:00.000,2027-06-30 00:00:00.000,2027-06-30 00:00:00.000,1900-01-01 00:00:00.000,57,1,0,1900-01-01 00:00:00.000,1900-01-01 00:00:00.000,1900-01-01 00:00:00.000,1900-01-01 00:00:00.000,1256,2022-12-12 12:37:50.647,1,2024-07-16 09:02:47.270,4483,0,77,0,0,0,2024-07-16 07:02:47.2642948,9999-12-31 23:59:59.9999999
73,58760,National Certificate: Rock Breaking Underground Hard Rock (Version 3),3,126,2018-07-01 00:00:00.000,2027-06-30 00:00:00.000,2027-06-30 00:00:00.000,1900-01-01 00:00:00.000,57,1,0,1900-01-01 00:00:00.000,1900-01-01 00:00:00.000,1900-01-01 00:00:00.000,1900-01-01 00:00:00.000,1256,2022-12-12 12:37:50.647,1,2024-07-16 09:02:47.270,4483,0,78,0,0,0,2024-07-16 07:02:47.2642948,9999-12-31 23:59:59.9999999
74,60290,National Certificate Engineering Fabrication: Mining and Minerals,2,148,2018-07-01 00:00:00.000,2026-06-30 00:00:00.000,2026-06-30 00:00:00.000,2029-06-30 00:00:00.000,57,1,0,1900-01-01 00:00:00.000,1900-01-01 00:00:00.000,1900-01-01 00:00:00.000,1900-01-01 00:00:00.000,192,2022-12-12 12:37:50.647,1,2024-07-16 09:18:15.340,4483,0,79,0,0,0,2024-07-16 07:18:15.3268315,9999-12-31 23:59:59.9999999
75,60291,National Ceritificate Engineering Fabrication: Mining and Minerals,3,138,2018-07-01 00:00:00.000,2026-06-30 00:00:00.000,2026-06-30 00:00:00.000,2029-06-30 00:00:00.000,0,1,0,1900-01-01 00:00:00.000,1900-01-01 00:00:00.000,1900-01-01 00:00:00.000,1900-01-01 00:00:00.000,192,2022-12-12 12:37:50.647,1,2024-07-16 09:18:15.340,4483,0,80,0,0,0,2024-07-16 07:18:15.3268315,9999-12-31 23:59:59.9999999
76,60292,Further Education and Training Certificate in Engineering Fabrication: Mining and Minerals,4,141,2018-07-01 00:00:00.000,2026-06-30 00:00:00.000,2026-06-30 00:00:00.000,2029-06-30 00:00:00.000,0,1,0,1900-01-01 00:00:00.000,1900-01-01 00:00:00.000,1900-01-01 00:00:00.000,1900-01-01 00:00:00.000,192,2022-12-12 12:37:50.647,1,2024-07-16 09:18:15.340,4483,0,81,0,0,0,2024-07-16 07:18:15.3268315,9999-12-31 23:59:59.9999999
77,20907,National Certificate in Customer Management,4,120,2005-09-13 00:00:00.000,2008-09-13 00:00:00.000,2009-09-13 00:00:00.000,1900-01-01 00:00:00.000,0,1,0,1900-01-01 00:00:00.000,1900-01-01 00:00:00.000,1900-01-01 00:00:00.000,1900-01-01 00:00:00.000,0,2022-12-12 12:37:50.647,1,2022-12-12 12:37:50.647,1,0,82,0,0,0,2022-12-12 10:37:50.6435168,9999-12-31 23:59:59.9999999
78,50334,National Certificate in Occupationally Directed Education Training and Develpment Practivrd,5,120,2006-08-30 00:00:00.000,2009-08-30 00:00:00.000,2010-08-30 00:00:00.000,1900-01-01 00:00:00.000,0,1,0,1900-01-01 00:00:00.000,1900-01-01 00:00:00.000,1900-01-01 00:00:00.000,1900-01-01 00:00:00.000,0,2022-12-12 12:37:50.647,1,2022-12-12 12:37:50.647,1,0,83,0,0,0,2022-12-12 10:37:50.6435168,9999-12-31 23:59:59.9999999
79,58952,further Education and Training Certificate: Laboratory Analysis,4,140,2007-10-18 00:00:00.000,2010-10-18 00:00:00.000,2011-10-18 00:00:00.000,1900-01-01 00:00:00.000,0,1,0,1900-01-01 00:00:00.000,1900-01-01 00:00:00.000,1900-01-01 00:00:00.000,1900-01-01 00:00:00.000,102,2022-12-12 12:37:50.647,1,2022-12-12 12:37:50.647,1,0,84,0,0,0,2022-12-12 10:37:50.6435168,9999-12-31 23:59:59.9999999
80,59305,National Certificate Mineral Processing,2,129,2018-07-01 00:00:00.000,2027-06-30 00:00:00.000,2027-06-30 00:00:00.000,1900-01-01 00:00:00.000,57,1,0,1900-01-01 00:00:00.000,1900-01-01 00:00:00.000,1900-01-01 00:00:00.000,1900-01-01 00:00:00.000,1258,2022-12-12 12:37:50.647,1,2024-07-16 09:02:47.270,4483,0,85,0,0,0,2024-07-16 07:02:47.2642948,9999-12-31 23:59:59.9999999
81,59851,National Certificate: Diamond Processing,3,150,2018-07-01 00:00:00.000,2027-06-30 00:00:00.000,2027-06-30 00:00:00.000,1900-01-01 00:00:00.000,57,1,0,1900-01-01 00:00:00.000,1900-01-01 00:00:00.000,1900-01-01 00:00:00.000,1900-01-01 00:00:00.000,1117,2022-12-12 12:37:50.647,1,2024-07-16 09:02:47.270,4483,0,86,0,0,0,2024-07-16 07:02:47.2642948,9999-12-31 23:59:59.9999999
82,59549,National Certificate: Strata Control Operations,2,123,2018-07-01 00:00:00.000,2027-06-30 00:00:00.000,2027-06-30 00:00:00.000,1900-01-01 00:00:00.000,57,1,0,1900-01-01 00:00:00.000,1900-01-01 00:00:00.000,1900-01-01 00:00:00.000,1900-01-01 00:00:00.000,57,2022-12-12 12:37:50.647,1,2024-07-16 09:02:47.270,4483,0,87,0,0,0,2024-07-16 07:02:47.2642948,9999-12-31 23:59:59.9999999
83,60369,National Certificate Strata Contol operations,3,136,2018-07-01 00:00:00.000,2026-06-30 00:00:00.000,2026-06-30 00:00:00.000,2029-06-30 00:00:00.000,57,1,0,1900-01-01 00:00:00.000,1900-01-01 00:00:00.000,1900-01-01 00:00:00.000,1900-01-01 00:00:00.000,57,2022-12-12 12:37:50.647,1,2024-07-16 09:18:15.340,4483,0,88,0,0,0,2024-07-16 07:18:15.3268315,9999-12-31 23:59:59.9999999
84,63477,National Certificate: Mechanical Engineering : Mining and Minerals,2,130,2018-07-01 00:00:00.000,2026-06-30 00:00:00.000,2026-06-30 00:00:00.000,2029-06-30 00:00:00.000,0,1,0,1900-01-01 00:00:00.000,1900-01-01 00:00:00.000,1900-01-01 00:00:00.000,1900-01-01 00:00:00.000,1090,2022-12-12 12:37:50.647,1,2024-07-16 09:18:15.340,4483,0,89,0,0,0,2024-07-16 07:18:15.3268315,9999-12-31 23:59:59.9999999
85,63471,National Certificate: Mechanical Engineering: Fitting: Mining and Minerals,3,120,2018-07-01 00:00:00.000,2026-06-30 00:00:00.000,2026-06-30 00:00:00.000,2029-06-30 00:00:00.000,0,1,0,1900-01-01 00:00:00.000,1900-01-01 00:00:00.000,1900-01-01 00:00:00.000,1900-01-01 00:00:00.000,1090,2022-12-12 12:37:50.647,1,2024-07-16 09:18:15.340,4483,0,90,0,0,0,2024-07-16 07:18:15.3268315,9999-12-31 23:59:59.9999999
86,63481,FETC: Mechanical Engineering : Fitting: Mining and Minerals,4,120,2018-07-01 00:00:00.000,2026-06-30 00:00:00.000,2026-06-30 00:00:00.000,2029-06-30 00:00:00.000,0,1,0,1900-01-01 00:00:00.000,1900-01-01 00:00:00.000,1900-01-01 00:00:00.000,1900-01-01 00:00:00.000,1090,2022-12-12 12:37:50.647,1,2024-07-16 09:18:15.340,4483,0,91,0,0,0,2024-07-16 07:18:15.3268315,9999-12-31 23:59:59.9999999
87,60349,National Certificate: Mining Technical Support,2,125,2018-07-01 00:00:00.000,2027-06-30 00:00:00.000,2027-06-30 00:00:00.000,1900-01-01 00:00:00.000,57,1,0,1900-01-01 00:00:00.000,1900-01-01 00:00:00.000,1900-01-01 00:00:00.000,1900-01-01 00:00:00.000,814,2022-12-12 12:37:50.647,1,2024-07-16 09:02:47.270,4483,0,92,0,0,0,2024-07-16 07:02:47.2642948,9999-12-31 23:59:59.9999999
88,"23953 ","Further Education and Training Certificate: New Venture Creation (SMME) ",4,162,2008-05-13 00:00:00.000,2011-05-13 00:00:00.000,2012-05-13 00:00:00.000,1900-01-01 00:00:00.000,0,1,0,1900-01-01 00:00:00.000,1900-01-01 00:00:00.000,1900-01-01 00:00:00.000,1900-01-01 00:00:00.000,0,2022-12-12 12:37:50.647,1,2022-12-12 12:37:50.647,1,0,94,0,0,0,2022-12-12 10:37:50.6435168,9999-12-31 23:59:59.9999999
89,23630,"National Certificate Plater/Boilermaker ",3,0,2018-07-01 00:00:00.000,2024-06-30 00:00:00.000,2024-06-30 00:00:00.000,1900-01-01 00:00:00.000,57,1,0,1900-01-01 00:00:00.000,1900-01-01 00:00:00.000,1900-01-01 00:00:00.000,1900-01-01 00:00:00.000,1074,2022-12-12 12:37:50.647,1,2023-07-07 21:23:16.630,3553,1,95,0,0,0,2023-07-07 19:23:16.6205767,9999-12-31 23:59:59.9999999
90,23631,"National Certificate Plater/Welder ",3,0,2018-07-01 00:00:00.000,2024-06-30 00:00:00.000,2024-06-30 00:00:00.000,1900-01-01 00:00:00.000,57,1,0,1900-01-01 00:00:00.000,1900-01-01 00:00:00.000,1900-01-01 00:00:00.000,1900-01-01 00:00:00.000,1070,2022-12-12 12:37:50.647,1,2023-07-07 21:23:16.630,3553,1,96,0,0,0,2023-07-07 19:23:16.6205767,9999-12-31 23:59:59.9999999
91,49014,National Certificate in  Rockbreaking for Underground Hard Rock (version 2),3,130,2007-01-01 00:00:00.000,2010-01-01 00:00:00.000,2011-01-01 00:00:00.000,1900-01-01 00:00:00.000,57,1,0,1900-01-01 00:00:00.000,1900-01-01 00:00:00.000,1900-01-01 00:00:00.000,1900-01-01 00:00:00.000,0,2022-12-12 12:37:50.647,1,2022-12-12 12:37:50.647,1,0,97,0,0,0,2022-12-12 10:37:50.6435168,9999-12-31 23:59:59.9999999
92,23633,National Certificate: Millwright,4,0,2018-07-01 00:00:00.000,2024-06-30 00:00:00.000,2024-06-30 00:00:00.000,1900-01-01 00:00:00.000,57,1,0,1900-01-01 00:00:00.000,1900-01-01 00:00:00.000,1900-01-01 00:00:00.000,1900-01-01 00:00:00.000,1167,2022-12-12 12:37:50.647,1,2023-07-07 21:23:16.630,3553,1,98,0,0,0,2023-07-07 19:23:16.6205767,9999-12-31 23:59:59.9999999
93,49013,"National Certificate Mining Operations Underground Hard Rock ",2,140,2007-04-03 00:00:00.000,2010-04-03 00:00:00.000,2011-04-03 00:00:00.000,1900-01-01 00:00:00.000,57,1,0,1900-01-01 00:00:00.000,1900-01-01 00:00:00.000,1900-01-01 00:00:00.000,1900-01-01 00:00:00.000,0,2022-12-12 12:37:50.647,1,2022-12-12 12:37:50.647,1,0,99,0,0,0,2022-12-12 10:37:50.6435168,9999-12-31 23:59:59.9999999
94,23655,Natioanl Certificate: Business Administration Services,3,120,2006-05-02 00:00:00.000,2009-05-02 00:00:00.000,2010-05-02 00:00:00.000,1900-01-01 00:00:00.000,0,1,0,1900-01-01 00:00:00.000,1900-01-01 00:00:00.000,1900-01-01 00:00:00.000,1900-01-01 00:00:00.000,0,2022-12-12 12:37:50.647,1,2022-12-12 12:37:50.647,1,0,100,0,0,0,2022-12-12 10:37:50.6435168,9999-12-31 23:59:59.9999999
95,48873,Occupationally Directed Education and Training Practices,5,125,2004-06-09 00:00:00.000,2007-06-09 00:00:00.000,2008-06-09 00:00:00.000,1900-01-01 00:00:00.000,0,1,0,1900-01-01 00:00:00.000,1900-01-01 00:00:00.000,1900-01-01 00:00:00.000,1900-01-01 00:00:00.000,0,2022-12-12 12:37:50.647,1,2022-12-12 12:37:50.647,1,0,144,0,0,0,2022-12-12 10:37:50.6435168,9999-12-31 23:59:59.9999999
96,35928,National Certificate: Business Administration,4,140,2007-01-23 00:00:00.000,2010-01-23 00:00:00.000,2011-01-23 00:00:00.000,1900-01-01 00:00:00.000,0,1,0,1900-01-01 00:00:00.000,1900-01-01 00:00:00.000,1900-01-01 00:00:00.000,1900-01-01 00:00:00.000,0,2022-12-12 12:37:50.647,1,2022-12-12 12:37:50.647,1,0,145,0,0,0,2022-12-12 10:37:50.6435168,9999-12-31 23:59:59.9999999
97,16Q1600616,Lump ore Beneficiation: Diamonds  (version2),2,0,2007-01-01 00:00:00.000,2010-01-01 00:00:00.000,2011-01-01 00:00:00.000,1900-01-01 00:00:00.000,0,1,0,1900-01-01 00:00:00.000,1900-01-01 00:00:00.000,1900-01-01 00:00:00.000,1900-01-01 00:00:00.000,0,2022-12-12 12:37:50.647,1,2022-12-12 12:37:50.647,1,0,146,0,0,0,2022-12-12 10:37:50.6435168,9999-12-31 23:59:59.9999999
98,62796,Further Education and Taining CertificateL Strata Control Operations,4,165,2018-07-01 00:00:00.000,2026-06-30 00:00:00.000,2026-06-30 00:00:00.000,2029-06-30 00:00:00.000,57,1,0,1900-01-01 00:00:00.000,1900-01-01 00:00:00.000,1900-01-01 00:00:00.000,1900-01-01 00:00:00.000,57,2022-12-12 12:37:50.647,1,2024-07-16 09:18:15.340,4483,0,147,0,0,0,2024-07-16 07:18:15.3268315,9999-12-31 23:59:59.9999999
99,64249,Further Education and Training Certificate: Diamond and Evaluation,4,164,2018-07-01 00:00:00.000,2027-06-30 00:00:00.000,2027-06-30 00:00:00.000,1900-01-01 00:00:00.000,0,1,0,1900-01-01 00:00:00.000,1900-01-01 00:00:00.000,1900-01-01 00:00:00.000,1900-01-01 00:00:00.000,1117,2022-12-12 12:37:50.647,1,2024-07-16 09:02:47.270,4483,0,148,0,0,0,2024-07-16 07:02:47.2642948,9999-12-31 23:59:59.9999999
100,49648,National Certificate: New Venture Creation (SMME),2,138,2018-07-01 00:00:00.000,2026-06-30 00:00:00.000,2026-06-30 00:00:00.000,2029-06-29 00:00:00.000,65,1,NULL,2018-07-01 00:00:00.000,2023-06-30 00:00:00.000,2026-06-30 00:00:00.000,2029-07-01 00:00:00.000,NULL,2022-12-12 12:37:50.647,1,2024-12-03 14:37:17.800,4286,0,149,0,1,138,2024-12-03 12:37:17.7928487,9999-12-31 23:59:59.9999999
101,65190,National Certificate: Metals Production: Mining and Minerals,2,120,2018-07-01 00:00:00.000,2027-06-30 00:00:00.000,2027-06-30 00:00:00.000,1900-01-01 00:00:00.000,57,1,0,1900-01-01 00:00:00.000,1900-01-01 00:00:00.000,1900-01-01 00:00:00.000,1900-01-01 00:00:00.000,1073,2022-12-12 12:37:50.647,1,2024-07-16 09:02:47.270,4483,0,150,0,0,0,2024-07-16 07:02:47.2642948,9999-12-31 23:59:59.9999999
102,65192,National Certificate: Metals Production: Mining and Minerals,3,120,2018-07-01 00:00:00.000,2026-06-30 00:00:00.000,2026-06-30 00:00:00.000,2029-06-30 00:00:00.000,0,1,0,1900-01-01 00:00:00.000,1900-01-01 00:00:00.000,1900-01-01 00:00:00.000,1900-01-01 00:00:00.000,1073,2022-12-12 12:37:50.647,1,2024-07-16 09:18:15.340,4483,0,151,0,0,0,2024-07-16 07:18:15.3268315,9999-12-31 23:59:59.9999999
103,65194,Further Education and Training Certificate: Metals Production: Mining and Minerals,4,140,2018-07-01 00:00:00.000,2026-06-30 00:00:00.000,2026-06-30 00:00:00.000,2029-06-30 00:00:00.000,0,1,0,1900-01-01 00:00:00.000,1900-01-01 00:00:00.000,1900-01-01 00:00:00.000,1900-01-01 00:00:00.000,1073,2022-12-12 12:37:50.647,1,2024-07-16 09:18:15.340,4483,0,152,0,0,0,2024-07-16 07:18:15.3268315,9999-12-31 23:59:59.9999999
104,62869,National Certificate: Rockbreaking: Surface Excavations,3,141,2018-07-01 00:00:00.000,2027-06-30 00:00:00.000,2027-06-30 00:00:00.000,1900-01-01 00:00:00.000,57,1,0,1900-01-01 00:00:00.000,1900-01-01 00:00:00.000,1900-01-01 00:00:00.000,1900-01-01 00:00:00.000,1236,2022-12-12 12:37:50.647,1,2024-07-16 09:02:47.270,4483,0,153,0,0,0,2024-07-16 07:02:47.2642948,9999-12-31 23:59:59.9999999
105,64309,General Education and Training Certificate: Adult Basic Education and Training,1,120,2008-11-26 00:00:00.000,2012-06-30 00:00:00.000,2013-06-30 00:00:00.000,1900-01-01 00:00:00.000,0,1,0,1900-01-01 00:00:00.000,1900-01-01 00:00:00.000,1900-01-01 00:00:00.000,1900-01-01 00:00:00.000,0,2022-12-12 12:37:50.647,1,2022-12-12 12:37:50.647,1,0,154,0,0,0,2022-12-12 10:37:50.6435168,9999-12-31 23:59:59.9999999
106,64909,National Certificate: Small Scale Mining,2,143,2018-07-01 00:00:00.000,2026-06-30 00:00:00.000,2026-06-30 00:00:00.000,2029-06-30 00:00:00.000,0,1,0,1900-01-01 00:00:00.000,1900-01-01 00:00:00.000,1900-01-01 00:00:00.000,1900-01-01 00:00:00.000,211,2022-12-12 12:37:50.647,1,2024-07-16 09:18:15.340,4483,0,156,0,0,0,2024-07-16 07:18:15.3268315,9999-12-31 23:59:59.9999999
107,64729,Further Education and Training Certificate: Diamond Processing,4,161,2018-07-01 00:00:00.000,2027-06-30 00:00:00.000,2027-06-30 00:00:00.000,1900-01-01 00:00:00.000,57,1,0,1900-01-01 00:00:00.000,1900-01-01 00:00:00.000,1900-01-01 00:00:00.000,1900-01-01 00:00:00.000,1117,2022-12-12 12:37:50.647,1,2024-07-16 09:02:47.270,4483,0,157,0,0,0,2024-07-16 07:02:47.2642948,9999-12-31 23:59:59.9999999
108,67429,National Certificate: Electrical Engineering: Mining and Minerals,2,140,2018-07-01 00:00:00.000,2026-06-30 00:00:00.000,2026-06-30 00:00:00.000,2029-06-30 00:00:00.000,0,1,0,1900-01-01 00:00:00.000,1900-01-01 00:00:00.000,1900-01-01 00:00:00.000,1900-01-01 00:00:00.000,1165,2022-12-12 12:37:50.647,1,2024-07-16 09:18:15.340,4483,0,158,0,0,0,2024-07-16 07:18:15.3268315,9999-12-31 23:59:59.9999999
109,78545,Further Education and Training Certificate: Automotive Repair and Maintenance: Mining and Minerals,4,159,2018-07-01 00:00:00.000,2026-06-30 00:00:00.000,2026-06-30 00:00:00.000,2029-06-30 00:00:00.000,0,1,0,1900-01-01 00:00:00.000,1900-01-01 00:00:00.000,1900-01-01 00:00:00.000,1900-01-01 00:00:00.000,0,2022-12-12 12:37:50.647,1,2024-07-16 09:18:15.340,4483,0,159,0,0,0,2024-07-16 07:18:15.3268315,9999-12-31 23:59:59.9999999
110,72071,National Certificate: Electrical Engineering: Mining and Minerals,3,133,2018-07-01 00:00:00.000,2026-06-30 00:00:00.000,2026-06-30 00:00:00.000,2029-06-30 00:00:00.000,0,1,0,1900-01-01 00:00:00.000,1900-01-01 00:00:00.000,1900-01-01 00:00:00.000,1900-01-01 00:00:00.000,0,2022-12-12 12:37:50.647,1,2024-07-16 09:18:15.340,4483,0,160,0,0,0,2024-07-16 07:18:15.3268315,9999-12-31 23:59:59.9999999
111,72069,Further Education and Training Certificate: Electrical Engineering: Mining and Minerals,4,130,2018-07-01 00:00:00.000,2026-06-30 00:00:00.000,2026-06-30 00:00:00.000,2029-06-30 00:00:00.000,0,1,0,1900-01-01 00:00:00.000,1900-01-01 00:00:00.000,1900-01-01 00:00:00.000,1900-01-01 00:00:00.000,1165,2022-12-12 12:37:50.647,1,2024-07-16 09:18:15.340,4483,0,161,0,0,0,2024-07-16 07:18:15.3268315,9999-12-31 23:59:59.9999999
112,64810,National Certificate: Automotive Repair and Maintenance,2,125,2009-02-18 00:00:00.000,2012-06-30 00:00:00.000,2013-06-30 00:00:00.000,1900-01-01 00:00:00.000,0,1,0,1900-01-01 00:00:00.000,1900-01-01 00:00:00.000,1900-01-01 00:00:00.000,1900-01-01 00:00:00.000,1098,2022-12-12 12:37:50.647,1,2022-12-12 12:37:50.647,1,0,162,0,0,0,2022-12-12 10:37:50.6435168,9999-12-31 23:59:59.9999999
113,64809,National Certificate: Automotive Repair and Maintenance,3,135,2009-02-18 00:00:00.000,2012-06-30 00:00:00.000,2013-06-30 00:00:00.000,1900-01-01 00:00:00.000,0,1,0,1900-01-01 00:00:00.000,1900-01-01 00:00:00.000,1900-01-01 00:00:00.000,1900-01-01 00:00:00.000,1098,2022-12-12 12:37:50.647,1,2022-12-12 12:37:50.647,1,0,163,0,0,0,2022-12-12 10:37:50.6435168,9999-12-31 23:59:59.9999999
114,64789,National Diploma: Automotive Repair and Maintenance,5,144,2009-02-18 00:00:00.000,2012-06-30 00:00:00.000,2013-06-30 00:00:00.000,1900-01-01 00:00:00.000,0,1,0,1900-01-01 00:00:00.000,1900-01-01 00:00:00.000,1900-01-01 00:00:00.000,1900-01-01 00:00:00.000,0,2022-12-12 12:37:50.647,1,2022-12-12 12:37:50.647,1,0,164,0,0,0,2022-12-12 10:37:50.6435168,9999-12-31 23:59:59.9999999
115,65049,National Certificate: Jewellery manufacturing,2,134,2018-07-01 00:00:00.000,2027-06-30 00:00:00.000,2027-06-30 00:00:00.000,1900-01-01 00:00:00.000,57,1,0,1900-01-01 00:00:00.000,1900-01-01 00:00:00.000,1900-01-01 00:00:00.000,1900-01-01 00:00:00.000,1259,2022-12-12 12:37:50.647,1,2024-07-16 09:02:47.270,4483,0,165,0,0,0,2024-07-16 07:02:47.2642948,9999-12-31 23:59:59.9999999
116,65209,National Certificate: Jewellery Manufacturing,3,137,2018-07-01 00:00:00.000,2027-06-30 00:00:00.000,2027-06-30 00:00:00.000,1900-01-01 00:00:00.000,57,1,0,1900-01-01 00:00:00.000,1900-01-01 00:00:00.000,1900-01-01 00:00:00.000,1900-01-01 00:00:00.000,1259,2022-12-12 12:37:50.647,1,2024-07-16 09:02:47.270,4483,0,166,0,0,0,2024-07-16 07:02:47.2642948,9999-12-31 23:59:59.9999999
117,65549,National Certificate: Mining Technical Support,3,138,2018-07-01 00:00:00.000,2027-06-30 00:00:00.000,2027-06-30 00:00:00.000,1900-01-01 00:00:00.000,0,1,0,1900-01-01 00:00:00.000,1900-01-01 00:00:00.000,1900-01-01 00:00:00.000,1900-01-01 00:00:00.000,814,2022-12-12 12:37:50.647,1,2024-07-16 09:02:47.270,4483,0,167,0,0,0,2024-07-16 07:02:47.2642948,9999-12-31 23:59:59.9999999
118,63485,National Certificate: Mechanical Handling (Rigging): Mining and Minerals,2,127,2018-07-01 00:00:00.000,2026-06-30 00:00:00.000,2026-06-30 00:00:00.000,2029-06-30 00:00:00.000,0,1,0,1900-01-01 00:00:00.000,1900-01-01 00:00:00.000,1900-01-01 00:00:00.000,1900-01-01 00:00:00.000,1079,2022-12-12 12:37:50.647,1,2024-07-16 09:18:15.340,4483,0,168,0,0,0,2024-07-16 07:18:15.3268315,9999-12-31 23:59:59.9999999
119,63490,National Certificate: Mechanical Handling (Rigging): Mining and Minerals,3,121,2018-07-01 00:00:00.000,2026-06-30 00:00:00.000,2026-06-30 00:00:00.000,2029-06-30 00:00:00.000,0,1,0,1900-01-01 00:00:00.000,1900-01-01 00:00:00.000,1900-01-01 00:00:00.000,1900-01-01 00:00:00.000,1079,2022-12-12 12:37:50.647,1,2024-07-16 09:18:15.340,4483,0,169,0,0,0,2024-07-16 07:18:15.3268315,9999-12-31 23:59:59.9999999
120,63494,Further Education and Training Certificate: Mechanical Handling (Rigging): Mining and Minerals,4,136,2018-07-01 00:00:00.000,2026-06-30 00:00:00.000,2026-06-30 00:00:00.000,2029-06-30 00:00:00.000,0,1,0,1900-01-01 00:00:00.000,1900-01-01 00:00:00.000,1900-01-01 00:00:00.000,1900-01-01 00:00:00.000,1079,2022-12-12 12:37:50.647,1,2024-07-16 09:18:15.340,4483,0,170,0,0,0,2024-07-16 07:18:15.3268315,9999-12-31 23:59:59.9999999
121,62769,National Certificate: Mineral Processing,3,130,2018-07-01 00:00:00.000,2027-06-30 00:00:00.000,2027-06-30 00:00:00.000,1900-01-01 00:00:00.000,57,1,0,1900-01-01 00:00:00.000,1900-01-01 00:00:00.000,1900-01-01 00:00:00.000,1900-01-01 00:00:00.000,1258,2022-12-12 12:37:50.647,1,2024-07-16 09:02:47.270,4483,0,171,0,0,0,2024-07-16 07:02:47.2642948,9999-12-31 23:59:59.9999999
122,60110,National Certificate: Engineering,5,120,2008-08-20 00:00:00.000,2012-06-30 00:00:00.000,2013-06-30 00:00:00.000,1900-01-01 00:00:00.000,0,2,0,1900-01-01 00:00:00.000,1900-01-01 00:00:00.000,1900-01-01 00:00:00.000,1900-01-01 00:00:00.000,0,2022-12-12 12:37:50.647,1,2022-12-12 12:37:50.647,1,0,172,0,0,0,2022-12-12 10:37:50.6435168,9999-12-31 23:59:59.9999999
123,73310,National Certificate: Laboratory Practice: Precious Metal,2,120,2018-07-01 00:00:00.000,2027-06-30 00:00:00.000,2027-06-30 00:00:00.000,1900-01-01 00:00:00.000,0,1,0,1900-01-01 00:00:00.000,1900-01-01 00:00:00.000,1900-01-01 00:00:00.000,1900-01-01 00:00:00.000,102,2022-12-12 12:37:50.647,1,2024-07-16 09:02:47.270,4483,0,173,0,0,0,2024-07-16 07:02:47.2642948,9999-12-31 23:59:59.9999999
124,73312,Further Education and Training Certificate: Laboratory Analysis: Mining and Minerals,4,140,2018-07-01 00:00:00.000,2026-06-30 00:00:00.000,2026-06-30 00:00:00.000,2029-06-30 00:00:00.000,0,1,0,1900-01-01 00:00:00.000,1900-01-01 00:00:00.000,1900-01-01 00:00:00.000,1900-01-01 00:00:00.000,102,2022-12-12 12:37:50.647,1,2024-07-16 09:18:15.340,4483,0,174,0,0,0,2024-07-16 07:18:15.3268315,9999-12-31 23:59:59.9999999
125,20159,NQF 5 NATIONAL DIPLOMA IN ABET PRACITICES,0,240,2007-01-01 00:00:00.000,2010-01-01 00:00:00.000,2007-01-01 00:00:00.000,1900-01-01 00:00:00.000,0,2,0,1900-01-01 00:00:00.000,1900-01-01 00:00:00.000,1900-01-01 00:00:00.000,1900-01-01 00:00:00.000,0,2022-12-12 12:37:50.647,1,2022-12-12 12:37:50.647,1,0,175,0,0,0,2022-12-12 10:37:50.6435168,9999-12-31 23:59:59.9999999
126,48473,National Certificate in Electrical Engineering (Electrical Construction),0,156,2007-01-01 00:00:00.000,2010-01-01 00:00:00.000,2007-01-01 00:00:00.000,1900-01-01 00:00:00.000,0,2,0,1900-01-01 00:00:00.000,1900-01-01 00:00:00.000,1900-01-01 00:00:00.000,1900-01-01 00:00:00.000,0,2022-12-12 12:37:50.647,1,2022-12-12 12:37:50.647,1,0,176,0,0,0,2022-12-12 10:37:50.6435168,9999-12-31 23:59:59.9999999
127,03,NATIONAL CERTIFICATE GENERAL SECURITY PRACTICES,3,0,2007-01-01 00:00:00.000,2010-01-01 00:00:00.000,2007-01-01 00:00:00.000,1900-01-01 00:00:00.000,0,2,0,1900-01-01 00:00:00.000,1900-01-01 00:00:00.000,1900-01-01 00:00:00.000,1900-01-01 00:00:00.000,0,2022-12-12 12:37:50.647,1,2022-12-12 12:37:50.647,1,0,177,0,0,0,2022-12-12 10:37:50.6435168,9999-12-31 23:59:59.9999999
128,64869,National Certificate: Generic Management: Cement Manufacturing: Mining and Minerals,5,162,2018-07-01 00:00:00.000,2026-06-30 00:00:00.000,2026-06-30 00:00:00.000,2029-06-30 00:00:00.000,0,1,0,1900-01-01 00:00:00.000,1900-01-01 00:00:00.000,1900-01-01 00:00:00.000,1900-01-01 00:00:00.000,0,2022-12-12 12:37:50.647,1,2024-07-16 09:18:15.340,4483,0,178,0,0,0,2024-07-16 07:18:15.3268315,9999-12-31 23:59:59.9999999
129,64950,Further Education and Training Certificate: Laboratory Analysis,4,140,2009-05-05 00:00:00.000,2015-06-30 00:00:00.000,2016-06-30 00:00:00.000,1900-01-01 00:00:00.000,0,1,0,1900-01-01 00:00:00.000,1900-01-01 00:00:00.000,1900-01-01 00:00:00.000,1900-01-01 00:00:00.000,0,2022-12-12 12:37:50.647,1,2022-12-12 12:37:50.647,1,0,179,0,0,0,2022-12-12 10:37:50.6435168,9999-12-31 23:59:59.9999999
130,64889,Further Education and Training Certificate: Mineral Processing,4,137,2018-07-01 00:00:00.000,2027-06-30 00:00:00.000,2027-06-30 00:00:00.000,1900-01-01 00:00:00.000,0,1,0,1900-01-01 00:00:00.000,1900-01-01 00:00:00.000,1900-01-01 00:00:00.000,1900-01-01 00:00:00.000,0,2022-12-12 12:37:50.647,1,2024-07-16 09:02:47.270,4483,0,180,0,0,0,2024-07-16 07:02:47.2642948,9999-12-31 23:59:59.9999999
131,78903,National Certificate: Chemical Operations,3,120,2018-07-01 00:00:00.000,2026-06-30 00:00:00.000,2026-06-30 00:00:00.000,2029-06-30 00:00:00.000,0,1,0,1900-01-01 00:00:00.000,1900-01-01 00:00:00.000,1900-01-01 00:00:00.000,1900-01-01 00:00:00.000,0,2022-12-12 12:37:50.647,1,2024-07-16 09:18:15.340,4483,0,181,0,0,0,2024-07-16 07:18:15.3268315,9999-12-31 23:59:59.9999999
132,78547,National Certificate: Chemical Operations,2,135,2018-07-01 00:00:00.000,2027-06-30 00:00:00.000,2027-06-30 00:00:00.000,1900-01-01 00:00:00.000,0,1,0,1900-01-01 00:00:00.000,1900-01-01 00:00:00.000,1900-01-01 00:00:00.000,1900-01-01 00:00:00.000,0,2022-12-12 12:37:50.647,1,2024-07-16 09:02:47.270,4483,0,182,0,0,0,2024-07-16 07:02:47.2642948,9999-12-31 23:59:59.9999999
133,74550,"National Certificate: Measurement, Control and Instrumentation: Mining and Minerals",2,133,2018-07-01 00:00:00.000,2026-06-30 00:00:00.000,2026-06-30 00:00:00.000,2029-06-30 00:00:00.000,0,1,0,1900-01-01 00:00:00.000,1900-01-01 00:00:00.000,1900-01-01 00:00:00.000,1900-01-01 00:00:00.000,0,2022-12-12 12:37:50.647,1,2024-07-16 09:18:15.340,4483,0,183,0,0,0,2024-07-16 07:18:15.3268315,9999-12-31 23:59:59.9999999
134,74552,"National Certificate: Measurement, Control and Instrumentaion: Mining and Minerals",3,120,2018-07-01 00:00:00.000,2026-06-30 00:00:00.000,2026-06-30 00:00:00.000,2029-06-30 00:00:00.000,0,1,0,1900-01-01 00:00:00.000,1900-01-01 00:00:00.000,1900-01-01 00:00:00.000,1900-01-01 00:00:00.000,0,2022-12-12 12:37:50.647,1,2024-07-16 09:18:15.340,4483,0,184,0,0,0,2024-07-16 07:18:15.3268315,9999-12-31 23:59:59.9999999
135,74551,"FETC: Measurement, Control and Instrumentation: Mining and Minerals",4,134,2018-07-01 00:00:00.000,2026-06-30 00:00:00.000,2026-06-30 00:00:00.000,2029-06-30 00:00:00.000,0,1,0,1900-01-01 00:00:00.000,1900-01-01 00:00:00.000,1900-01-01 00:00:00.000,1900-01-01 00:00:00.000,0,2022-12-12 12:37:50.647,1,2024-07-16 09:18:15.340,4483,0,185,0,0,0,2024-07-16 07:18:15.3268315,9999-12-31 23:59:59.9999999
136,74490,Further Education and Training Certificate: Mining Operations,4,160,2018-07-01 00:00:00.000,2027-06-30 00:00:00.000,2027-06-30 00:00:00.000,1900-01-01 00:00:00.000,0,1,0,1900-01-01 00:00:00.000,1900-01-01 00:00:00.000,1900-01-01 00:00:00.000,1900-01-01 00:00:00.000,0,2022-12-12 12:37:50.647,1,2024-07-16 09:02:47.270,4483,0,186,0,0,0,2024-07-16 07:02:47.2642948,9999-12-31 23:59:59.9999999
137,77963,Further Education and Training Certificate: Mining/Exploration Geology,4,160,2018-07-01 00:00:00.000,2026-06-30 00:00:00.000,2026-06-30 00:00:00.000,2029-06-30 00:00:00.000,0,1,0,1900-01-01 00:00:00.000,1900-01-01 00:00:00.000,1900-01-01 00:00:00.000,1900-01-01 00:00:00.000,0,2022-12-12 12:37:50.647,1,2024-07-16 09:18:15.340,4483,0,187,0,0,0,2024-07-16 07:18:15.3268315,9999-12-31 23:59:59.9999999
138,78323,National Certificate: Lamproom Operations,3,126,2018-07-01 00:00:00.000,2026-06-30 00:00:00.000,2026-06-30 00:00:00.000,2029-06-30 00:00:00.000,0,1,0,1900-01-01 00:00:00.000,1900-01-01 00:00:00.000,1900-01-01 00:00:00.000,1900-01-01 00:00:00.000,0,2022-12-12 12:37:50.647,1,2024-07-16 09:18:15.340,4483,0,188,0,0,0,2024-07-16 07:18:15.3268315,9999-12-31 23:59:59.9999999
139,74292,"National Certificate: Occupational Health, Safety and Environment: Mining and Minerals",2,120,2018-07-01 00:00:00.000,2027-06-30 00:00:00.000,2027-06-30 00:00:00.000,1900-01-01 00:00:00.000,57,1,0,1900-01-01 00:00:00.000,1900-01-01 00:00:00.000,1900-01-01 00:00:00.000,1900-01-01 00:00:00.000,316,2022-12-12 12:37:50.647,1,2024-07-16 09:02:47.270,4483,0,189,0,0,0,2024-07-16 07:02:47.2642948,9999-12-31 23:59:59.9999999
140,78843,National Certificate: Diamond Processing,5,121,2018-07-01 00:00:00.000,2026-06-30 00:00:00.000,2026-06-30 00:00:00.000,2029-06-30 00:00:00.000,0,1,0,1900-01-01 00:00:00.000,1900-01-01 00:00:00.000,1900-01-01 00:00:00.000,1900-01-01 00:00:00.000,0,2022-12-12 12:37:50.647,1,2024-07-16 09:18:15.340,4483,0,190,0,0,0,2024-07-16 07:18:15.3268315,9999-12-31 23:59:59.9999999
141,78966,National Certificate: Diamond Design and Evaluation,5,129,2018-07-01 00:00:00.000,2026-06-30 00:00:00.000,2026-06-30 00:00:00.000,2029-06-30 00:00:00.000,0,1,0,1900-01-01 00:00:00.000,1900-01-01 00:00:00.000,1900-01-01 00:00:00.000,1900-01-01 00:00:00.000,0,2022-12-12 12:37:50.647,1,2024-07-16 09:18:15.340,4483,0,191,0,0,0,2024-07-16 07:18:15.3268315,9999-12-31 23:59:59.9999999
142,78923,National Certificate: Autotronics,3,132,2010-07-28 00:00:00.000,2013-07-28 00:00:00.000,2014-07-28 00:00:00.000,1900-01-01 00:00:00.000,0,1,0,1900-01-01 00:00:00.000,1900-01-01 00:00:00.000,1900-01-01 00:00:00.000,1900-01-01 00:00:00.000,0,2022-12-12 12:37:50.647,1,2022-12-12 12:37:50.647,1,0,192,0,0,0,2022-12-12 10:37:50.6435168,9999-12-31 23:59:59.9999999
143,78944,National Certificate: Autotronics,2,127,2010-07-28 00:00:00.000,2013-07-28 00:00:00.000,2014-07-28 00:00:00.000,1900-01-01 00:00:00.000,0,1,0,1900-01-01 00:00:00.000,1900-01-01 00:00:00.000,1900-01-01 00:00:00.000,1900-01-01 00:00:00.000,0,2022-12-12 12:37:50.647,1,2022-12-12 12:37:50.647,1,0,193,0,0,0,2022-12-12 10:37:50.6435168,9999-12-31 23:59:59.9999999
144,79826,National Certificate: Occupational Hygiene and Safety: Mining and Minerals,3,144,2018-07-01 00:00:00.000,2027-06-30 00:00:00.000,2027-06-30 00:00:00.000,1900-01-01 00:00:00.000,0,1,0,1900-01-01 00:00:00.000,1900-01-01 00:00:00.000,1900-01-01 00:00:00.000,1900-01-01 00:00:00.000,0,2022-12-12 12:37:50.647,1,2024-07-16 09:02:47.270,4483,0,194,0,0,0,2024-07-16 07:02:47.2642948,9999-12-31 23:59:59.9999999
145,78543,Natinal Certificate: Automotive Repair and Maintenance: Mining and Minerals,2,125,2018-07-01 00:00:00.000,2026-06-30 00:00:00.000,2026-06-30 00:00:00.000,2029-06-30 00:00:00.000,0,1,0,1900-01-01 00:00:00.000,1900-01-01 00:00:00.000,1900-01-01 00:00:00.000,1900-01-01 00:00:00.000,0,2022-12-12 12:37:50.647,1,2024-07-16 09:18:15.340,4483,0,195,0,0,0,2024-07-16 07:18:15.3268315,9999-12-31 23:59:59.9999999
146,96532,National Certificate: Measurement,8,160,2011-06-15 00:00:00.000,2012-06-16 00:00:00.000,2012-06-17 00:00:00.000,1900-01-01 00:00:00.000,0,2,0,1900-01-01 00:00:00.000,1900-01-01 00:00:00.000,1900-01-01 00:00:00.000,1900-01-01 00:00:00.000,0,2022-12-12 12:37:50.647,1,2023-01-30 11:34:53.623,1,1,196,0,0,0,2023-01-30 09:34:53.6098976,9999-12-31 23:59:59.9999999
147,78883,Further Education and Training Certificate: Autotronics,4,134,2010-07-28 00:00:00.000,2013-07-28 00:00:00.000,2014-07-28 00:00:00.000,1900-01-01 00:00:00.000,0,1,0,1900-01-01 00:00:00.000,1900-01-01 00:00:00.000,1900-01-01 00:00:00.000,1900-01-01 00:00:00.000,0,2022-12-12 12:37:50.647,1,2022-12-12 12:37:50.647,1,0,197,0,0,0,2022-12-12 10:37:50.6435168,9999-12-31 23:59:59.9999999
148,99999,National Certificate: Test,2,120,2012-01-24 00:00:00.000,2012-06-25 00:00:00.000,2012-06-26 00:00:00.000,1900-01-01 00:00:00.000,0,1,0,1900-01-01 00:00:00.000,1900-01-01 00:00:00.000,1900-01-01 00:00:00.000,1900-01-01 00:00:00.000,0,2022-12-12 12:37:50.647,1,2022-12-12 12:37:50.647,1,0,198,0,0,0,2022-12-12 10:37:50.6435168,9999-12-31 23:59:59.9999999
149,100002,KKKK,2,120,2012-04-20 00:00:00.000,2015-04-20 00:00:00.000,2013-04-20 00:00:00.000,1900-01-01 00:00:00.000,0,2,0,1900-01-01 00:00:00.000,1900-01-01 00:00:00.000,1900-01-01 00:00:00.000,1900-01-01 00:00:00.000,0,2022-12-12 12:37:50.647,1,2022-12-12 12:37:50.647,1,0,199,0,0,0,2022-12-12 10:37:50.6435168,9999-12-31 23:59:59.9999999
150,78546,National Certificate: Automotive Repair and Maintenance: Mining and Minerals,5,144,2018-07-01 00:00:00.000,2026-06-30 00:00:00.000,2026-06-30 00:00:00.000,2029-06-30 00:00:00.000,0,1,0,1900-01-01 00:00:00.000,1900-01-01 00:00:00.000,1900-01-01 00:00:00.000,1900-01-01 00:00:00.000,0,2022-12-12 12:37:50.647,1,2024-07-16 09:18:15.340,4483,0,200,0,0,0,2024-07-16 07:18:15.3268315,9999-12-31 23:59:59.9999999
151,78904,Further Education and Training Certificate: Chemical Operations: Mining and Minerals,4,140,2018-07-01 00:00:00.000,2026-06-30 00:00:00.000,2026-06-30 00:00:00.000,2029-06-30 00:00:00.000,0,1,0,1900-01-01 00:00:00.000,1900-01-01 00:00:00.000,1900-01-01 00:00:00.000,1900-01-01 00:00:00.000,0,2022-12-12 12:37:50.647,1,2024-07-16 09:18:15.340,4483,0,201,0,0,0,2024-07-16 07:18:15.3268315,9999-12-31 23:59:59.9999999
152,78544,National Certificate: Automotive Repair and Maintenance: Mining and Minerals,3,135,2012-01-07 00:00:00.000,2015-06-30 00:00:00.000,2016-06-30 00:00:00.000,1900-01-01 00:00:00.000,0,2,0,1900-01-01 00:00:00.000,1900-01-01 00:00:00.000,1900-01-01 00:00:00.000,1900-01-01 00:00:00.000,0,2022-12-12 12:37:50.647,1,2022-12-12 12:37:50.647,1,0,202,0,0,0,2022-12-12 10:37:50.6435168,9999-12-31 23:59:59.9999999
153,79827,Further Education and Training Certificate: Occupational Hygiene and Safety: Mining and Minerals,4,145,2018-07-01 00:00:00.000,2026-06-30 00:00:00.000,2026-06-30 00:00:00.000,2029-06-30 00:00:00.000,0,1,0,1900-01-01 00:00:00.000,1900-01-01 00:00:00.000,1900-01-01 00:00:00.000,1900-01-01 00:00:00.000,0,2022-12-12 12:37:50.647,1,2024-07-16 09:18:15.340,4483,0,203,0,0,0,2024-07-16 07:18:15.3268315,9999-12-31 23:59:59.9999999
154,79829,National Diploma: Occupational Safety: Mining and Minerals,5,242,2018-07-01 00:00:00.000,2026-06-30 00:00:00.000,2026-06-30 00:00:00.000,2029-06-30 00:00:00.000,0,1,0,1900-01-01 00:00:00.000,1900-01-01 00:00:00.000,1900-01-01 00:00:00.000,1900-01-01 00:00:00.000,0,2022-12-12 12:37:50.647,1,2024-07-16 09:18:15.340,4483,0,204,0,0,0,2024-07-16 07:18:15.3268315,9999-12-31 23:59:59.9999999
155,79828,National Certificate: Occupational Safety: Mining and Minerals,5,145,2018-07-01 00:00:00.000,2026-06-30 00:00:00.000,2026-06-30 00:00:00.000,2029-06-30 00:00:00.000,0,1,0,1900-01-01 00:00:00.000,1900-01-01 00:00:00.000,1900-01-01 00:00:00.000,1900-01-01 00:00:00.000,0,2022-12-12 12:37:50.647,1,2024-07-16 09:18:15.340,4483,0,207,0,0,0,2024-07-16 07:18:15.3268315,9999-12-31 23:59:59.9999999
156,90655,National Certificate: Small Scale Mining,3,124,2018-07-01 00:00:00.000,2026-06-30 00:00:00.000,2026-06-30 00:00:00.000,2029-06-30 00:00:00.000,0,1,0,1900-01-01 00:00:00.000,1900-01-01 00:00:00.000,1900-01-01 00:00:00.000,1900-01-01 00:00:00.000,0,2022-12-12 12:37:50.647,1,2024-07-16 09:18:15.340,4483,0,210,0,0,0,2024-07-16 07:18:15.3268315,9999-12-31 23:59:59.9999999
157,90656,National Certificate: Mine Ventilation,2,124,2018-07-01 00:00:00.000,2026-06-30 00:00:00.000,2026-06-30 00:00:00.000,2029-06-30 00:00:00.000,0,1,0,1900-01-01 00:00:00.000,1900-01-01 00:00:00.000,1900-01-01 00:00:00.000,1900-01-01 00:00:00.000,0,2022-12-12 12:37:50.647,1,2024-07-16 09:18:15.340,4483,0,212,0,0,0,2024-07-16 07:18:15.3268315,9999-12-31 23:59:59.9999999
158,23254,National Certificate: Mechanical Engineering: Fitting and Machining,4,179,2007-05-15 00:00:00.000,2015-06-30 00:00:00.000,2016-06-30 00:00:00.000,1900-01-01 00:00:00.000,0,1,0,1900-01-01 00:00:00.000,1900-01-01 00:00:00.000,1900-01-01 00:00:00.000,1900-01-01 00:00:00.000,0,2022-12-12 12:37:50.647,1,2023-01-30 11:46:21.453,1,1,213,0,0,0,2023-01-30 09:46:21.4535058,9999-12-31 23:59:59.9999999
159,23256,National Certificate: Mechanical Engineering: Fitting and Machining,4,179,2007-05-15 00:00:00.000,2015-06-30 00:00:00.000,2016-06-30 00:00:00.000,1900-01-01 00:00:00.000,0,1,0,1900-01-01 00:00:00.000,1900-01-01 00:00:00.000,1900-01-01 00:00:00.000,1900-01-01 00:00:00.000,0,2022-12-12 12:37:50.647,1,2023-01-30 11:46:21.453,1,1,214,0,0,0,2023-01-30 09:46:21.4535058,9999-12-31 23:59:59.9999999
160,58269,National Certificate: Electro-Mechanics,2,166,2007-02-05 00:00:00.000,2010-02-05 00:00:00.000,2008-02-05 00:00:00.000,1900-01-01 00:00:00.000,0,1,0,1900-01-01 00:00:00.000,1900-01-01 00:00:00.000,1900-01-01 00:00:00.000,1900-01-01 00:00:00.000,0,2022-12-12 12:37:50.647,1,2022-12-12 12:37:50.647,1,0,215,0,0,0,2022-12-12 10:37:50.6435168,9999-12-31 23:59:59.9999999
161,73309,National Certificate: Laboratory Practice: General,2,120,2018-07-01 00:00:00.000,2027-06-30 00:00:00.000,2027-06-30 00:00:00.000,1900-01-01 00:00:00.000,0,1,0,1900-01-01 00:00:00.000,1900-01-01 00:00:00.000,1900-01-01 00:00:00.000,1900-01-01 00:00:00.000,0,2022-12-12 12:37:50.647,1,2024-07-16 09:02:47.270,4483,0,216,0,0,0,2024-07-16 07:02:47.2642948,9999-12-31 23:59:59.9999999
162,73311,National Certificate: Laboratory Practice: Coal,2,120,2018-07-01 00:00:00.000,2027-06-30 00:00:00.000,2027-06-30 00:00:00.000,1900-01-01 00:00:00.000,0,1,0,1900-01-01 00:00:00.000,1900-01-01 00:00:00.000,1900-01-01 00:00:00.000,1900-01-01 00:00:00.000,0,2022-12-12 12:37:50.647,1,2024-07-16 09:02:47.270,4483,0,217,0,0,0,2024-07-16 07:02:47.2642948,9999-12-31 23:59:59.9999999
163,61305,Automotive electrician mining,0,120,2018-01-07 00:00:00.000,2024-06-30 00:00:00.000,2024-06-30 00:00:00.000,1900-01-01 00:00:00.000,0,2,0,1900-01-01 00:00:00.000,1900-01-01 00:00:00.000,1900-01-01 00:00:00.000,1900-01-01 00:00:00.000,0,2022-12-12 12:37:50.647,1,2023-07-07 21:23:16.630,3553,1,218,0,0,0,2023-07-07 19:23:16.6205767,9999-12-31 23:59:59.9999999
164,96276,Heavy Equipment Mechanic,0,120,2018-07-01 00:00:00.000,2024-06-30 00:00:00.000,2024-06-30 00:00:00.000,1900-01-01 00:00:00.000,0,2,0,1900-01-01 00:00:00.000,1900-01-01 00:00:00.000,1900-01-01 00:00:00.000,1900-01-01 00:00:00.000,0,2022-12-12 12:37:50.647,1,2023-07-07 21:23:16.630,3553,1,219,0,0,0,2023-07-07 19:23:16.6205767,9999-12-31 23:59:59.9999999
165,96283,Goldsmith,0,120,2018-07-01 00:00:00.000,2024-06-30 00:00:00.000,2024-06-30 00:00:00.000,1900-01-01 00:00:00.000,0,2,0,1900-01-01 00:00:00.000,1900-01-01 00:00:00.000,1900-01-01 00:00:00.000,1900-01-01 00:00:00.000,0,2022-12-12 12:37:50.647,1,2023-07-07 21:23:16.630,3553,1,220,0,0,0,2023-07-07 19:23:16.6205767,9999-12-31 23:59:59.9999999
166,96284,Diamond and gemstone setter,0,120,2018-07-01 00:00:00.000,2024-06-30 00:00:00.000,2024-06-30 00:00:00.000,1900-01-01 00:00:00.000,0,2,0,1900-01-01 00:00:00.000,1900-01-01 00:00:00.000,1900-01-01 00:00:00.000,1900-01-01 00:00:00.000,0,2022-12-12 12:37:50.647,1,2023-07-07 21:23:16.630,3553,1,221,0,0,0,2023-07-07 19:23:16.6205767,9999-12-31 23:59:59.9999999
167,96349,Diamond Cutter,0,120,2018-07-01 00:00:00.000,2024-06-30 00:00:00.000,2024-06-30 00:00:00.000,1900-01-01 00:00:00.000,0,2,0,1900-01-01 00:00:00.000,1900-01-01 00:00:00.000,1900-01-01 00:00:00.000,1900-01-01 00:00:00.000,0,2022-12-12 12:37:50.647,1,2023-07-07 21:23:16.630,3553,1,222,0,0,0,2023-07-07 19:23:16.6205767,9999-12-31 23:59:59.9999999
168,97388,Earth Moving Mechanic,0,120,2018-07-01 00:00:00.000,2024-06-30 00:00:00.000,2024-06-30 00:00:00.000,1900-01-01 00:00:00.000,0,2,0,1900-01-01 00:00:00.000,1900-01-01 00:00:00.000,1900-01-01 00:00:00.000,1900-01-01 00:00:00.000,0,2022-12-12 12:37:50.647,1,2023-07-07 21:23:16.630,3553,1,223,0,0,0,2023-07-07 19:23:16.6205767,9999-12-31 23:59:59.9999999
169,202326,Test Qualification,3,120,2023-01-26 00:00:00.000,2027-01-26 00:00:00.000,2029-01-25 00:00:00.000,2032-01-24 00:00:00.000,57,1,NULL,NULL,NULL,NULL,NULL,NULL,2023-01-26 15:14:19.483,1,2023-01-26 15:14:19.483,1,0,NULL,0,0,18,2023-01-26 13:14:19.4789773,9999-12-31 23:59:59.9999999
170,61755,General education and training certificate: Business practice,1,121,2018-07-01 00:00:00.000,2023-06-30 00:00:00.000,2024-06-30 00:00:00.000,2027-06-30 00:00:00.000,65,2,NULL,NULL,NULL,NULL,NULL,NULL,2024-05-15 10:08:56.777,1,2024-05-15 10:31:39.540,4286,0,NULL,0,0,121,2024-05-15 08:31:39.5419028,9999-12-31 23:59:59.9999999
171,23833,Business Administration,2,130,2018-07-01 00:00:00.000,2023-06-01 00:00:00.000,2024-06-30 00:00:00.000,2027-06-29 00:00:00.000,65,1,NULL,NULL,NULL,NULL,NULL,NULL,2024-05-15 11:19:55.180,1,2024-05-15 11:19:55.180,1,0,NULL,0,0,130,2024-05-15 09:19:55.1829280,9999-12-31 23:59:59.9999999
172,50080,generic management,4,150,2018-07-01 00:00:00.000,2023-06-06 00:00:00.000,2024-06-30 00:00:00.000,2027-06-29 00:00:00.000,65,2,NULL,NULL,NULL,NULL,NULL,NULL,2024-05-16 12:44:02.007,1,2024-05-16 12:45:11.680,4286,0,NULL,0,0,150,2024-05-16 10:45:11.6668680,9999-12-31 23:59:59.9999999
173,83946,Management,3,120,2021-07-07 00:00:00.000,2023-07-30 00:00:00.000,2027-07-06 00:00:00.000,2030-07-05 00:00:00.000,65,1,NULL,NULL,NULL,NULL,NULL,NULL,2024-05-16 12:46:50.610,1,2024-05-16 12:46:50.610,1,0,NULL,0,0,120,2024-05-16 10:46:50.6044847,9999-12-31 23:59:59.9999999
174,67464,Marketing,4,141,2021-07-07 00:00:00.000,2023-07-30 00:00:00.000,2027-07-06 00:00:00.000,2030-07-05 00:00:00.000,65,1,NULL,NULL,NULL,NULL,NULL,NULL,2024-05-16 12:49:39.947,1,2024-05-20 10:50:47.783,4286,0,NULL,0,0,141,2024-05-20 08:50:47.7817728,9999-12-31 23:59:59.9999999
175,67465,Business Administration,3,130,2021-07-07 00:00:00.000,2026-07-30 00:00:00.000,2027-07-06 00:00:00.000,2030-07-05 00:00:00.000,57,1,NULL,NULL,NULL,NULL,NULL,NULL,2024-05-16 12:57:47.770,1,2025-04-23 14:24:33.343,4659,0,NULL,0,0,130,2025-04-23 12:24:33.3311812,9999-12-31 23:59:59.9999999
176,58375,NC: Bookkeeping,4,120,2024-04-01 00:00:00.000,2025-05-01 00:00:00.000,2030-03-31 00:00:00.000,2033-03-30 00:00:00.000,65,2,NULL,NULL,NULL,NULL,NULL,NULL,2024-05-20 10:39:11.790,1,2024-05-20 10:39:11.790,1,0,NULL,0,0,120,2024-05-20 08:39:11.7815547,9999-12-31 23:59:59.9999999
177,58376,FETC: Bookkeepinh,1,130,2024-04-01 00:00:00.000,2025-04-01 00:00:00.000,2030-03-31 00:00:00.000,2033-03-30 00:00:00.000,57,2,NULL,NULL,NULL,NULL,NULL,NULL,2024-05-20 10:43:23.700,1,2024-05-20 10:43:23.700,1,0,NULL,0,0,130,2024-05-20 08:43:23.6879174,9999-12-31 23:59:59.9999999
178,61595,FETC: Business Administration,4,140,2024-04-01 00:00:00.000,2026-06-30 00:00:00.000,2030-03-31 00:00:00.000,2033-03-30 00:00:00.000,65,2,NULL,NULL,NULL,NULL,NULL,NULL,2024-05-20 10:46:42.163,1,2025-04-15 13:09:30.910,6,0,NULL,0,0,140,2025-04-15 11:09:30.9034729,9999-12-31 23:59:59.9999999
179,59201,generic management,5,162,2024-04-01 00:00:00.000,2025-03-31 00:00:00.000,2030-03-31 00:00:00.000,2033-03-30 00:00:00.000,65,2,NULL,NULL,NULL,NULL,NULL,NULL,2024-05-20 13:04:12.997,1,2024-05-20 13:10:49.810,4286,0,NULL,0,0,162,2024-05-20 11:10:49.7973607,9999-12-31 23:59:59.9999999
180,58395,Project Management,4,143,2024-04-01 00:00:00.000,2025-04-01 00:00:00.000,2030-03-31 00:00:00.000,2033-03-30 00:00:00.000,57,2,NULL,NULL,NULL,NULL,NULL,NULL,2024-06-13 15:05:04.877,1,2024-06-13 15:05:04.877,1,0,NULL,0,0,140,2024-06-13 13:05:04.8673909,9999-12-31 23:59:59.9999999
181,123456,Test Qualification,1,120,2024-04-08 00:00:00.000,2026-04-08 00:00:00.000,2030-04-07 00:00:00.000,2033-04-06 00:00:00.000,57,1,NULL,NULL,NULL,NULL,NULL,NULL,2024-06-18 16:59:29.413,1,2024-06-18 16:59:29.413,1,0,NULL,0,0,6,2024-06-18 14:59:29.4050198,9999-12-31 23:59:59.9999999
182,57712,FETC:Generic Management:General Management,4,150,2018-07-01 00:00:00.000,2023-06-30 00:00:00.000,2026-06-30 00:00:00.000,2029-06-29 00:00:00.000,57,1,NULL,NULL,NULL,NULL,NULL,NULL,2024-06-19 14:33:15.657,1,2024-11-18 11:32:28.580,4286,0,NULL,0,0,150,2024-11-18 09:32:28.5698579,9999-12-31 23:59:59.9999999
183,49691,Human Resource Management and Support,1,140,2024-06-19 00:00:00.000,2025-06-19 00:00:00.000,2030-06-18 00:00:00.000,2033-06-17 00:00:00.000,57,1,NULL,NULL,NULL,NULL,NULL,NULL,2024-06-19 16:29:39.600,1,2024-06-19 16:29:39.600,1,0,NULL,0,0,140,2024-06-19 14:29:39.5925970,9999-12-31 23:59:59.9999999
184,48979,National Certificate  in Animal Production,4,140,2024-06-18 00:00:00.000,2025-06-30 00:00:00.000,2030-06-17 00:00:00.000,2033-06-16 00:00:00.000,57,1,NULL,NULL,NULL,NULL,NULL,NULL,2024-06-20 10:46:23.063,1,2024-06-20 10:46:23.063,1,0,NULL,0,0,140,2024-06-20 08:46:23.0609526,9999-12-31 23:59:59.9999999
185,74149,Procurement in the Supply Chain,5,154,2024-06-18 00:00:00.000,2025-06-30 00:00:00.000,2030-06-17 00:00:00.000,2033-06-16 00:00:00.000,57,1,NULL,NULL,NULL,NULL,NULL,NULL,2024-06-20 11:37:06.917,1,2024-06-20 11:37:06.917,1,0,NULL,0,0,154,2024-06-20 09:37:06.9203817,9999-12-31 23:59:59.9999999
186,83986,: National Certificate: Management: Stores and Warehousing,4,120,2024-06-18 00:00:00.000,2025-07-30 00:00:00.000,2030-06-17 00:00:00.000,2033-06-16 00:00:00.000,57,1,NULL,NULL,NULL,NULL,NULL,NULL,2024-06-20 11:49:11.830,1,2024-06-20 11:49:11.830,1,0,NULL,0,0,120,2024-06-20 09:49:11.8265977,9999-12-31 23:59:59.9999999
187,66749,National Certicate :Community Development,3,120,2018-07-01 00:00:00.000,2023-06-30 00:00:00.000,2026-06-30 00:00:00.000,2029-06-29 00:00:00.000,57,1,NULL,NULL,NULL,NULL,NULL,NULL,2024-06-27 10:35:42.637,1,2024-10-16 14:51:39.567,4286,0,NULL,0,0,120,2024-10-16 12:51:39.5606389,9999-12-31 23:59:59.9999999
188,58761,Further Education and Training Certificate :Early Childhood Development,4,120,2018-07-01 00:00:00.000,2023-06-30 00:00:00.000,2025-06-30 00:00:00.000,2028-06-29 00:00:00.000,57,1,NULL,NULL,NULL,NULL,NULL,NULL,2024-06-27 10:38:11.820,1,2024-10-16 14:41:05.223,4286,0,NULL,0,0,120,2024-10-16 12:41:05.2326052,9999-12-31 23:59:59.9999999
189,61591,National Certificate:Information Technology : End User Computing,3,120,2024-06-28 00:00:00.000,2025-06-27 00:00:00.000,2030-06-27 00:00:00.000,2033-06-26 00:00:00.000,57,2,NULL,NULL,NULL,NULL,NULL,NULL,2024-06-27 10:45:06.260,1,2024-06-27 10:45:06.260,1,0,NULL,0,0,120,2024-06-27 08:45:06.2542344,9999-12-31 23:59:59.9999999
190,67229,Payroll Administration,4,120,2024-07-01 00:00:00.000,2025-06-30 00:00:00.000,2030-06-30 00:00:00.000,2033-06-29 00:00:00.000,57,1,NULL,NULL,NULL,NULL,NULL,NULL,2024-06-28 14:53:56.653,1,2024-06-28 14:53:56.653,1,0,NULL,0,0,120,2024-06-28 12:53:56.6608208,9999-12-31 23:59:59.9999999
191,66249,FETC: New Venture Creation,4,149,2018-07-01 00:00:00.000,2023-06-30 00:00:00.000,2026-06-30 00:00:00.000,2029-06-29 00:00:00.000,57,2,NULL,NULL,NULL,NULL,NULL,NULL,2024-07-11 11:47:19.010,1,2024-10-07 15:52:44.240,4286,0,NULL,0,0,11,2024-10-07 13:52:44.2367154,9999-12-31 23:59:59.9999999
192,48806,National Certificate: Craft Production,1,141,2024-07-01 00:00:00.000,2025-05-30 00:00:00.000,2030-06-30 00:00:00.000,2033-06-29 00:00:00.000,57,1,NULL,NULL,NULL,NULL,NULL,NULL,2024-07-17 15:08:37.770,1,2024-07-17 15:08:37.770,1,0,NULL,0,0,141,2024-07-17 13:08:37.7831215,9999-12-31 23:59:59.9999999
193,71490,Contact Centre Support,2,128,2024-03-01 00:00:00.000,2030-04-01 00:00:00.000,2030-02-28 00:00:00.000,2033-02-27 00:00:00.000,57,2,NULL,NULL,NULL,NULL,NULL,NULL,2024-08-07 09:39:11.987,1,2024-08-07 09:39:11.987,1,0,NULL,0,0,128,2024-08-07 07:39:11.9820709,9999-12-31 23:59:59.9999999
194,101874,Occupational Certificate Maintenance Planner,5,261,2018-07-01 00:00:00.000,2025-12-30 00:00:00.000,2026-12-30 00:00:00.000,2029-12-29 00:00:00.000,57,2,NULL,NULL,NULL,NULL,NULL,NULL,2024-08-12 11:46:00.937,1,2024-08-19 15:41:15.777,4286,0,NULL,0,0,261,2024-08-19 13:41:15.7772922,9999-12-31 23:59:59.9999999
195,97542,Occupation Certificate: Early Childhood Development Practitioner,4,131,2018-07-01 00:00:00.000,2025-12-30 00:00:00.000,2026-12-30 00:00:00.000,2029-12-30 00:00:00.000,57,1,NULL,NULL,NULL,NULL,NULL,NULL,2024-08-20 14:40:06.250,1,2024-08-20 14:40:06.250,1,0,NULL,0,0,131,2024-08-20 12:40:06.2457508,9999-12-31 23:59:59.9999999
196,99714,"Occupational Certificate: Safety, Health and quality Practitioner",5,256,2018-07-01 00:00:00.000,2025-12-30 00:00:00.000,2026-12-30 00:00:00.000,2029-12-29 00:00:00.000,57,1,NULL,NULL,NULL,NULL,NULL,NULL,2024-08-20 14:47:59.090,1,2024-08-20 14:47:59.090,1,0,NULL,0,0,256,2024-08-20 12:47:59.0898279,9999-12-31 23:59:59.9999999
197,49129,inteactive Media,5,130,2018-07-01 00:00:00.000,2023-06-30 00:00:00.000,2024-06-30 00:00:00.000,2027-06-29 00:00:00.000,57,1,NULL,NULL,NULL,NULL,NULL,NULL,2024-09-26 10:42:31.457,1,2024-09-26 10:42:31.457,1,0,NULL,0,0,130,2024-09-26 08:42:31.4547012,9999-12-31 23:59:59.9999999
198,101321,Occupational Certificate,5,190,2018-07-01 00:00:00.000,2023-06-30 00:00:00.000,2026-06-30 00:00:00.000,2029-06-29 00:00:00.000,57,2,NULL,NULL,NULL,NULL,NULL,NULL,2024-10-07 15:28:24.820,1,2024-10-07 15:42:47.823,4286,0,NULL,0,0,190,2024-10-07 13:42:47.8146529,9999-12-31 23:59:59.9999999
199,118788,Occupational Certificate: Design Thinking Innovation Lead,1,160,2018-07-01 00:00:00.000,2025-12-31 00:00:00.000,2026-12-31 00:00:00.000,2029-12-30 00:00:00.000,57,1,NULL,NULL,NULL,NULL,NULL,NULL,2024-10-07 15:38:40.557,1,2024-10-07 15:46:32.220,4286,0,NULL,0,0,160,2024-10-07 13:46:32.2367512,9999-12-31 23:59:59.9999999
200,48573,National Certificate: Information Technology: Systems Support,5,147,2018-07-01 00:00:00.000,2023-06-30 00:00:00.000,2026-06-30 00:00:00.000,2029-06-29 00:00:00.000,57,1,NULL,NULL,NULL,NULL,NULL,NULL,2024-10-09 11:48:56.227,1,2024-10-14 12:03:05.037,4286,0,NULL,0,0,147,2024-10-14 10:03:05.0290819,9999-12-31 23:59:59.9999999
201,50331,"National Certificate: Occupationally Directed Education, Training and Development Practices",6,145,2018-07-01 00:00:00.000,2023-06-30 00:00:00.000,2026-06-30 00:00:00.000,2029-06-29 00:00:00.000,57,1,NULL,NULL,NULL,NULL,NULL,NULL,2024-10-10 11:05:11.440,1,2024-10-10 11:05:11.440,1,0,NULL,0,0,145,2024-10-10 09:05:11.4397793,9999-12-31 23:59:59.9999999
202,49121,National Certificate: Interactive Media,5,130,2018-07-01 00:00:00.000,2023-06-30 00:00:00.000,2026-06-30 00:00:00.000,2029-06-29 00:00:00.000,57,1,NULL,NULL,NULL,NULL,NULL,NULL,2024-10-11 11:11:48.530,1,2024-10-11 11:11:48.530,1,0,NULL,0,0,130,2024-10-11 09:11:48.5179775,9999-12-31 23:59:59.9999999
203,20287,National Certificate: Farming,1,120,2018-07-30 00:00:00.000,2023-06-30 00:00:00.000,2026-07-29 00:00:00.000,2029-07-28 00:00:00.000,57,1,NULL,NULL,NULL,NULL,NULL,NULL,2024-10-14 10:44:24.843,1,2024-10-14 10:44:24.843,1,0,NULL,0,0,120,2024-10-14 08:44:24.8418627,9999-12-31 23:59:59.9999999
204,48967,National Certificate: Business Advising Operations,6,138,2018-07-01 00:00:00.000,2023-06-30 00:00:00.000,2025-06-30 00:00:00.000,2028-06-29 00:00:00.000,57,1,NULL,NULL,NULL,NULL,NULL,NULL,2024-10-16 13:26:23.473,1,2024-10-16 13:26:23.473,1,0,NULL,0,0,138,2024-10-16 11:26:23.4666017,9999-12-31 23:59:59.9999999
205,23118,National Diploma: Early Childhood Development,5,240,2018-07-01 00:00:00.000,2020-07-30 00:00:00.000,2025-06-30 00:00:00.000,2028-06-29 00:00:00.000,57,1,NULL,NULL,NULL,NULL,NULL,NULL,2024-10-16 14:44:31.687,1,2024-10-16 14:44:36.013,4286,0,NULL,0,0,240,2024-10-16 12:44:36.0136640,9999-12-31 23:59:59.9999999
206,49580,General Education and Training Certificate: Poultry Production,1,134,2018-07-30 00:00:00.000,2023-06-30 00:00:00.000,2025-07-29 00:00:00.000,2028-07-28 00:00:00.000,57,1,NULL,NULL,NULL,NULL,NULL,NULL,2024-10-16 14:46:30.987,1,2024-10-16 14:46:32.743,4286,0,NULL,0,0,134,2024-10-16 12:46:32.7479569,9999-12-31 23:59:59.9999999
207,48977,National Certificate: Mixed Farming Systems,2,120,2018-07-01 00:00:00.000,2023-06-30 00:00:00.000,2025-06-30 00:00:00.000,2028-06-29 00:00:00.000,57,1,NULL,NULL,NULL,NULL,NULL,NULL,2024-10-16 14:48:10.420,1,2024-10-16 14:48:10.420,1,0,NULL,0,0,120,2024-10-16 12:48:10.4353257,9999-12-31 23:59:59.9999999
208,101869,Occupational Certificate: Project Manager,5,240,2018-07-01 00:00:00.000,2025-12-30 00:00:00.000,2025-12-30 00:00:00.000,2028-12-29 00:00:00.000,57,2,NULL,NULL,NULL,NULL,NULL,NULL,2024-10-29 10:30:20.853,1,2024-10-29 10:30:20.853,1,0,NULL,0,0,240,2024-10-29 08:30:20.8497842,9999-12-31 23:59:59.9999999
209,78964,Further Education and Training Certificate: Information Technology: Technical Support,4,163,2018-07-01 00:00:00.000,2023-06-30 00:00:00.000,2026-06-30 00:00:00.000,2029-06-29 00:00:00.000,57,1,NULL,NULL,NULL,NULL,NULL,NULL,2024-10-29 14:33:28.783,1,2024-10-29 14:33:28.783,1,0,NULL,0,0,163,2024-10-29 12:33:28.7717608,9999-12-31 23:59:59.9999999
210,93997,National Certificate: Contact Centre and Business Process Outsourcing Support,3,124,2021-07-01 00:00:00.000,2025-07-30 00:00:00.000,2027-06-30 00:00:00.000,2030-06-29 00:00:00.000,57,1,NULL,NULL,NULL,NULL,NULL,NULL,2024-10-31 09:59:55.487,1,2024-11-06 14:50:34.850,4286,0,NULL,0,0,124,2024-11-06 12:50:34.8383010,9999-12-31 23:59:59.9999999
211,74630,Further Education and Training Certificate: Generic Management,4,150,2018-07-01 00:00:00.000,2023-06-30 00:00:00.000,2026-06-30 00:00:00.000,2029-06-29 00:00:00.000,57,1,NULL,NULL,NULL,NULL,NULL,NULL,2024-11-07 11:39:41.163,1,2024-11-07 11:39:41.163,1,0,NULL,0,0,150,2024-11-07 09:39:41.1507915,9999-12-31 23:59:59.9999999
212,66789,National Certificate: Environmental Management,5,138,2018-07-01 00:00:00.000,2024-06-30 00:00:00.000,2026-06-30 00:00:00.000,2029-06-29 00:00:00.000,57,1,NULL,NULL,NULL,NULL,NULL,NULL,2024-12-04 10:28:55.480,1,2024-12-04 10:28:55.480,1,0,NULL,0,0,138,2024-12-04 08:28:55.4802764,9999-12-31 23:59:59.9999999
213,20175,National Certificate: Hygiene and Cleaning Supervision,3,120,2018-07-01 00:00:00.000,2026-06-30 00:00:00.000,2026-06-30 00:00:00.000,2029-06-29 00:00:00.000,57,1,NULL,NULL,NULL,NULL,NULL,NULL,2025-02-28 08:59:01.580,1,2025-02-28 08:59:01.580,1,0,NULL,0,0,120,2025-02-28 06:59:01.5829844,9999-12-31 23:59:59.9999999
214,119262,Occupational certificate: Internet-of-Things Developer,4,141,2022-06-21 00:00:00.000,2025-12-31 00:00:00.000,2028-06-20 00:00:00.000,2031-06-19 00:00:00.000,57,1,NULL,NULL,NULL,NULL,NULL,NULL,2025-03-07 10:03:27.857,1,2025-03-07 10:03:27.857,1,0,NULL,0,0,141,2025-03-07 08:03:27.8553033,9999-12-31 23:59:59.9999999
215,202503,QAQual,1,120,2025-01-01 00:00:00.000,2028-12-31 00:00:00.000,2030-12-31 00:00:00.000,2033-12-30 00:00:00.000,57,1,NULL,NULL,NULL,NULL,NULL,NULL,2025-03-19 10:07:15.253,1,2025-03-19 10:07:15.253,1,0,NULL,0,0,20,2025-03-19 08:07:15.2508219,9999-12-31 23:59:59.9999999
216,118699,Occupational Certificate: Cloud Administrator,5,149,2022-02-03 00:00:00.000,2025-12-31 00:00:00.000,2028-02-02 00:00:00.000,2031-02-01 00:00:00.000,57,1,NULL,NULL,NULL,NULL,NULL,NULL,2025-03-28 10:04:28.800,1,2025-03-28 10:04:28.800,1,0,NULL,0,0,149,2025-03-28 08:04:28.7924823,9999-12-31 23:59:59.9999999
217,118708,Occupational Certificate: Data Science Practitioner,5,185,2022-02-02 00:00:00.000,2025-12-31 00:00:00.000,2028-02-01 00:00:00.000,2031-01-31 00:00:00.000,57,1,NULL,NULL,NULL,NULL,NULL,NULL,2025-03-28 10:06:15.127,1,2025-03-28 10:06:15.127,1,0,NULL,0,0,185,2025-03-28 08:06:15.1205934,9999-12-31 23:59:59.9999999
218,121296,Advanced Occupational Certificate: Extended Reality Developer,6,218,2023-11-14 00:00:00.000,2028-11-14 00:00:00.000,2029-11-13 00:00:00.000,2032-11-12 00:00:00.000,57,1,NULL,NULL,NULL,NULL,NULL,NULL,2025-03-31 09:45:02.267,1,2025-03-31 09:45:02.267,1,0,NULL,0,0,218,2025-03-31 07:45:02.2540971,9999-12-31 23:59:59.9999999
219,118986,Occupational Certificate: Cybersecurity Analyst,1,173,2022-04-22 00:00:00.000,2025-12-31 00:00:00.000,2028-04-21 00:00:00.000,2031-04-20 00:00:00.000,57,1,NULL,NULL,NULL,NULL,NULL,NULL,2025-03-31 09:47:00.693,1,2025-03-31 09:47:00.693,1,0,NULL,0,0,173,2025-03-31 07:47:00.6916837,9999-12-31 23:59:59.9999999
220,101408,Occupational Certificate: Computer Technician,5,282,2018-07-31 00:00:00.000,2025-12-31 00:00:00.000,2024-07-30 00:00:00.000,2027-07-29 00:00:00.000,57,1,NULL,NULL,NULL,NULL,NULL,NULL,2025-04-11 16:47:26.123,1,2025-04-11 16:47:26.123,1,0,NULL,0,0,282,2025-04-11 14:47:26.1215290,9999-12-31 23:59:59.9999999
221,36233,National Certificate: Specialist Hygiene and Cleaning Services,2,120,2018-07-01 00:00:00.000,2023-06-30 00:00:00.000,2026-06-30 00:00:00.000,2029-06-29 00:00:00.000,57,1,NULL,NULL,NULL,NULL,NULL,NULL,2025-04-16 10:23:07.607,1,2025-04-16 10:23:07.607,1,0,NULL,0,0,120,2025-04-16 08:23:07.6077880,9999-12-31 23:59:59.9999999
222,118792,Occupational Certificate: Artificial Intelligence Software Developer,5,209,2022-02-02 00:00:00.000,2026-12-31 00:00:00.000,2028-02-01 00:00:00.000,2031-01-31 00:00:00.000,57,1,NULL,NULL,NULL,NULL,NULL,NULL,2025-04-24 09:14:44.617,1,2025-04-24 09:14:44.617,1,0,NULL,0,0,209,2025-04-24 07:14:44.6120815,9999-12-31 23:59:59.9999999
